transaction_id,payment_id,ledger_id,settlement_id,expected_status
txn_00001,pay_00001,,set_00001,MISSING_LEDGER
txn_00002,pay_00002,ledger_00002,set_00002,MATCH
txn_00003,pay_00003,ledger_00003,set_00003,DUPLICATE_LEDGER
txn_00004,pay_00004,ledger_00004,set_00004,TIMESTAMP_DRIFT
txn_00005,pay_00005,ledger_00005,set_00005,MATCH
txn_00006,pay_00006,ledger_00006,set_00006,MATCH
txn_00007,pay_00007,ledger_00007,set_00007,MATCH
txn_00008,pay_00008,,set_00008,MISSING_LEDGER
txn_00009,pay_00009,ledger_00009,set_00009,MATCH
txn_00010,pay_00010,ledger_00010,set_00010,MATCH
txn_00011,pay_00011,ledger_00011,set_00011,MATCH
txn_00012,pay_00012,,set_00012,MISSING_LEDGER
txn_00013,pay_00013,ledger_00013,set_00013,MATCH
txn_00014,pay_00014,ledger_00014,set_00014,MATCH
txn_00015,pay_00015,ledger_00015,set_00015,AMOUNT_MISMATCH
txn_00016,pay_00016,ledger_00016,set_00016,MATCH
txn_00017,pay_00017,,set_00017,MISSING_LEDGER
txn_00018,pay_00018,ledger_00018,set_00018,MATCH
txn_00019,pay_00019,ledger_00019,set_00019,AMOUNT_MISMATCH
txn_00020,pay_00020,ledger_00020,set_00020,MATCH
txn_00021,pay_00021,ledger_00021,set_00021,MATCH
txn_00022,pay_00022,,set_00022,MISSING_LEDGER
txn_00023,pay_00023,ledger_00023,set_00023,MATCH
txn_00024,pay_00024,ledger_00024,set_00024,MATCH
txn_00025,pay_00025,ledger_00025,set_00025,MATCH
txn_00026,pay_00026,ledger_00026,set_00026,MATCH
txn_00027,pay_00027,ledger_00027,set_00027,MATCH
txn_00028,pay_00028,ledger_00028,set_00028,MATCH
txn_00029,pay_00029,ledger_00029,set_00029,MATCH
txn_00030,pay_00030,,set_00030,MISSING_LEDGER
txn_00031,pay_00031,ledger_00031,set_00031,MATCH
txn_00032,pay_00032,ledger_00032,set_00032,TIMESTAMP_DRIFT
txn_00033,pay_00033,,set_00033,MISSING_LEDGER
txn_00034,pay_00034,ledger_00034,set_00034,MATCH
txn_00035,pay_00035,ledger_00035,set_00035,TIMESTAMP_DRIFT
txn_00036,pay_00036,ledger_00036,set_00036,MATCH
txn_00037,pay_00037,ledger_00037,set_00037,MATCH
txn_00038,pay_00038,ledger_00038,set_00038,AMOUNT_MISMATCH
txn_00039,pay_00039,ledger_00039,set_00039,MATCH
txn_00040,pay_00040,ledger_00040,set_00040,MATCH
txn_00041,pay_00041,ledger_00041,set_00041,MATCH
txn_00042,pay_00042,ledger_00042,set_00042,MATCH
txn_00043,pay_00043,,set_00043,MISSING_LEDGER
txn_00044,pay_00044,ledger_00044,set_00044,MATCH
txn_00045,pay_00045,ledger_00045,set_00045,MATCH
txn_00046,pay_00046,,set_00046,MISSING_LEDGER
txn_00047,pay_00047,ledger_00047,set_00047,MATCH
txn_00048,pay_00048,ledger_00048,set_00048,MATCH
txn_00049,pay_00049,ledger_00049,set_00049,AMOUNT_MISMATCH
txn_00050,pay_00050,ledger_00050,set_00050,MATCH
txn_00051,pay_00051,ledger_00051,set_00051,MATCH
txn_00052,pay_00052,ledger_00052,set_00052,REFERENCE_CORRUPTION
txn_00053,pay_00053,ledger_00053,set_00053,MATCH
txn_00054,pay_00054,ledger_00054,set_00054,MATCH
txn_00055,pay_00055,ledger_00055,set_00055,MATCH
txn_00056,pay_00056,ledger_00056,set_00056,MATCH
txn_00057,pay_00057,ledger_00057,set_00057,AMOUNT_MISMATCH
txn_00058,pay_00058,,set_00058,MISSING_LEDGER
txn_00059,pay_00059,ledger_00059,set_00059,MATCH
txn_00060,pay_00060,ledger_00060,set_00060,MATCH
txn_00061,pay_00061,ledger_00061,set_00061,MATCH
txn_00062,pay_00062,ledger_00062,set_00062,MATCH
txn_00063,pay_00063,ledger_00063,set_00063,MATCH
txn_00064,pay_00064,ledger_00064,set_00064,MATCH
txn_00065,pay_00065,ledger_00065,set_00065,MATCH
txn_00066,pay_00066,ledger_00066,set_00066,DUPLICATE_LEDGER
txn_00067,pay_00067,ledger_00067,set_00067,MATCH
txn_00068,pay_00068,ledger_00068,set_00068,MATCH
txn_00069,pay_00069,ledger_00069,set_00069,MATCH
txn_00070,pay_00070,ledger_00070,set_00070,MATCH
txn_00071,pay_00071,ledger_00071,set_00071,MATCH
txn_00072,pay_00072,ledger_00072,set_00072,MATCH
txn_00073,pay_00073,ledger_00073,set_00073,MATCH
txn_00074,pay_00074,ledger_00074,set_00074,MATCH
txn_00075,pay_00075,ledger_00075,set_00075,MATCH
txn_00076,pay_00076,ledger_00076,set_00076,DUPLICATE_LEDGER
txn_00077,pay_00077,ledger_00077,set_00077,AMOUNT_MISMATCH
txn_00078,pay_00078,ledger_00078,set_00078,DUPLICATE_LEDGER
txn_00079,pay_00079,ledger_00079,set_00079,MATCH
txn_00080,pay_00080,ledger_00080,set_00080,DUPLICATE_LEDGER
txn_00081,pay_00081,,set_00081,MISSING_LEDGER
txn_00082,pay_00082,ledger_00082,set_00082,MATCH
txn_00083,pay_00083,ledger_00083,set_00083,MATCH
txn_00084,,ledger_00084,set_00084,MISSING_PAYMENT
txn_00085,pay_00085,ledger_00085,set_00085,MATCH
txn_00086,pay_00086,,set_00086,MISSING_LEDGER
txn_00087,pay_00087,ledger_00087,set_00087,DUPLICATE_LEDGER
txn_00088,pay_00088,ledger_00088,set_00088,MATCH
txn_00089,pay_00089,ledger_00089,set_00089,MATCH
txn_00090,pay_00090,ledger_00090,set_00090,MATCH
txn_00091,pay_00091,ledger_00091,set_00091,AMOUNT_MISMATCH
txn_00092,pay_00092,ledger_00092,set_00092,MATCH
txn_00093,pay_00093,ledger_00093,set_00093,MATCH
txn_00094,pay_00094,ledger_00094,set_00094,MATCH
txn_00095,pay_00095,ledger_00095,set_00095,MATCH
txn_00096,pay_00096,ledger_00096,set_00096,TIMESTAMP_DRIFT
txn_00097,pay_00097,ledger_00097,set_00097,MATCH
txn_00098,pay_00098,ledger_00098,set_00098,MATCH
txn_00099,pay_00099,ledger_00099,set_00099,MATCH
txn_00100,,ledger_00100,set_00100,MISSING_PAYMENT
txn_00101,pay_00101,ledger_00101,set_00101,AMOUNT_MISMATCH
txn_00102,pay_00102,ledger_00102,set_00102,MATCH
txn_00103,pay_00103,ledger_00103,set_00103,TIMESTAMP_DRIFT
txn_00104,pay_00104,ledger_00104,set_00104,TIMESTAMP_DRIFT
txn_00105,pay_00105,ledger_00105,set_00105,MATCH
txn_00106,pay_00106,ledger_00106,set_00106,REFERENCE_CORRUPTION
txn_00107,pay_00107,ledger_00107,set_00107,TIMESTAMP_DRIFT
txn_00108,pay_00108,ledger_00108,set_00108,AMOUNT_MISMATCH
txn_00109,pay_00109,ledger_00109,set_00109,MATCH
txn_00110,pay_00110,ledger_00110,set_00110,MATCH
txn_00111,pay_00111,,set_00111,MISSING_LEDGER
txn_00112,pay_00112,ledger_00112,set_00112,MATCH
txn_00113,pay_00113,ledger_00113,set_00113,MATCH
txn_00114,pay_00114,ledger_00114,set_00114,MATCH
txn_00115,pay_00115,ledger_00115,set_00115,MATCH
txn_00116,pay_00116,,set_00116,MISSING_LEDGER
txn_00117,pay_00117,ledger_00117,set_00117,MATCH
txn_00118,pay_00118,ledger_00118,set_00118,MATCH
txn_00119,pay_00119,ledger_00119,set_00119,MATCH
txn_00120,pay_00120,ledger_00120,set_00120,MATCH
txn_00121,pay_00121,ledger_00121,set_00121,MATCH
txn_00122,pay_00122,ledger_00122,set_00122,MATCH
txn_00123,pay_00123,ledger_00123,set_00123,AMOUNT_MISMATCH
txn_00124,pay_00124,ledger_00124,set_00124,MATCH
txn_00125,pay_00125,ledger_00125,set_00125,MATCH
txn_00126,pay_00126,ledger_00126,set_00126,MATCH
txn_00127,pay_00127,,set_00127,MISSING_LEDGER
txn_00128,pay_00128,ledger_00128,set_00128,AMOUNT_MISMATCH
txn_00129,pay_00129,ledger_00129,set_00129,REFERENCE_CORRUPTION
txn_00130,pay_00130,ledger_00130,set_00130,MATCH
txn_00131,,ledger_00131,set_00131,MISSING_PAYMENT
txn_00132,,ledger_00132,set_00132,MISSING_PAYMENT
txn_00133,pay_00133,ledger_00133,set_00133,DUPLICATE_LEDGER
txn_00134,pay_00134,ledger_00134,set_00134,MATCH
txn_00135,pay_00135,ledger_00135,set_00135,MATCH
txn_00136,pay_00136,,set_00136,MISSING_LEDGER
txn_00137,pay_00137,ledger_00137,set_00137,MATCH
txn_00138,pay_00138,ledger_00138,set_00138,MATCH
txn_00139,pay_00139,ledger_00139,set_00139,MATCH
txn_00140,pay_00140,,set_00140,MISSING_LEDGER
txn_00141,pay_00141,ledger_00141,set_00141,DUPLICATE_LEDGER
txn_00142,pay_00142,ledger_00142,set_00142,TIMESTAMP_DRIFT
txn_00143,pay_00143,ledger_00143,set_00143,TIMESTAMP_DRIFT
txn_00144,pay_00144,ledger_00144,set_00144,MATCH
txn_00145,pay_00145,ledger_00145,set_00145,AMOUNT_MISMATCH
txn_00146,pay_00146,ledger_00146,set_00146,MATCH
txn_00147,pay_00147,ledger_00147,set_00147,MATCH
txn_00148,pay_00148,ledger_00148,set_00148,MATCH
txn_00149,pay_00149,ledger_00149,set_00149,MATCH
txn_00150,pay_00150,ledger_00150,set_00150,AMOUNT_MISMATCH
txn_00151,pay_00151,ledger_00151,set_00151,AMOUNT_MISMATCH
txn_00152,pay_00152,ledger_00152,set_00152,TIMESTAMP_DRIFT
txn_00153,pay_00153,ledger_00153,set_00153,MATCH
txn_00154,pay_00154,ledger_00154,set_00154,MATCH
txn_00155,pay_00155,ledger_00155,set_00155,MATCH
txn_00156,pay_00156,ledger_00156,set_00156,MATCH
txn_00157,pay_00157,ledger_00157,set_00157,MATCH
txn_00158,pay_00158,ledger_00158,set_00158,MATCH
txn_00159,pay_00159,ledger_00159,set_00159,AMOUNT_MISMATCH
txn_00160,pay_00160,ledger_00160,set_00160,AMOUNT_MISMATCH
txn_00161,pay_00161,ledger_00161,set_00161,MATCH
txn_00162,pay_00162,ledger_00162,set_00162,MATCH
txn_00163,pay_00163,ledger_00163,set_00163,MATCH
txn_00164,pay_00164,ledger_00164,set_00164,MATCH
txn_00165,pay_00165,ledger_00165,set_00165,REFERENCE_CORRUPTION
txn_00166,pay_00166,ledger_00166,set_00166,AMOUNT_MISMATCH
txn_00167,pay_00167,ledger_00167,set_00167,MATCH
txn_00168,pay_00168,,set_00168,MISSING_LEDGER
txn_00169,pay_00169,ledger_00169,set_00169,MATCH
txn_00170,pay_00170,ledger_00170,set_00170,MATCH
txn_00171,pay_00171,ledger_00171,set_00171,TIMESTAMP_DRIFT
txn_00172,pay_00172,ledger_00172,set_00172,MATCH
txn_00173,pay_00173,ledger_00173,set_00173,MATCH
txn_00174,pay_00174,ledger_00174,set_00174,MATCH
txn_00175,pay_00175,ledger_00175,set_00175,AMOUNT_MISMATCH
txn_00176,pay_00176,,set_00176,MISSING_LEDGER
txn_00177,pay_00177,ledger_00177,set_00177,AMOUNT_MISMATCH
txn_00178,pay_00178,ledger_00178,set_00178,MATCH
txn_00179,pay_00179,ledger_00179,set_00179,MATCH
txn_00180,pay_00180,ledger_00180,set_00180,AMBIGUOUS_MATCH
txn_00181,pay_00181,ledger_00181,set_00181,MATCH
txn_00182,pay_00182,ledger_00182,set_00182,MATCH
txn_00183,pay_00183,ledger_00183,set_00183,MATCH
txn_00184,pay_00184,ledger_00184,set_00184,MATCH
txn_00185,pay_00185,ledger_00185,set_00185,MATCH
txn_00186,pay_00186,ledger_00186,set_00186,MATCH
txn_00187,pay_00187,ledger_00187,set_00187,SETTLEMENT_MISMATCH
txn_00188,,ledger_00188,set_00188,MISSING_PAYMENT
txn_00189,pay_00189,ledger_00189,set_00189,DUPLICATE_LEDGER
txn_00190,pay_00190,ledger_00190,set_00190,MATCH
txn_00191,pay_00191,ledger_00191,set_00191,MATCH
txn_00192,pay_00192,ledger_00192,set_00192,MATCH
txn_00193,pay_00193,ledger_00193,set_00193,MATCH
txn_00194,pay_00194,ledger_00194,set_00194,MATCH
txn_00195,pay_00195,ledger_00195,set_00195,MATCH
txn_00196,pay_00196,ledger_00196,set_00196,MATCH
txn_00197,pay_00197,ledger_00197,set_00197,AMOUNT_MISMATCH
txn_00198,pay_00198,ledger_00198,set_00198,MATCH
txn_00199,pay_00199,ledger_00199,set_00199,MATCH
txn_00200,pay_00200,ledger_00200,set_00200,MATCH
txn_00201,pay_00201,ledger_00201,set_00201,DUPLICATE_LEDGER
txn_00202,pay_00202,ledger_00202,set_00202,MATCH
txn_00203,pay_00203,ledger_00203,set_00203,MATCH
txn_00204,pay_00204,ledger_00204,set_00204,MATCH
txn_00205,pay_00205,ledger_00205,set_00205,REFERENCE_CORRUPTION
txn_00206,pay_00206,ledger_00206,set_00206,MATCH
txn_00207,pay_00207,ledger_00207,set_00207,SETTLEMENT_MISMATCH
txn_00208,pay_00208,ledger_00208,set_00208,MATCH
txn_00209,pay_00209,,set_00209,MISSING_LEDGER
txn_00210,pay_00210,ledger_00210,set_00210,MATCH
txn_00211,pay_00211,ledger_00211,set_00211,AMBIGUOUS_MATCH
txn_00212,pay_00212,ledger_00212,set_00212,MATCH
txn_00213,pay_00213,,set_00213,MISSING_LEDGER
txn_00214,pay_00214,ledger_00214,set_00214,MATCH
txn_00215,pay_00215,ledger_00215,set_00215,MATCH
txn_00216,pay_00216,,set_00216,MISSING_LEDGER
txn_00217,pay_00217,ledger_00217,set_00217,MATCH
txn_00218,pay_00218,ledger_00218,set_00218,MATCH
txn_00219,,ledger_00219,set_00219,MISSING_PAYMENT
txn_00220,pay_00220,ledger_00220,set_00220,MATCH
txn_00221,pay_00221,ledger_00221,set_00221,MATCH
txn_00222,pay_00222,ledger_00222,set_00222,MATCH
txn_00223,pay_00223,ledger_00223,set_00223,MATCH
txn_00224,pay_00224,ledger_00224,set_00224,MATCH
txn_00225,pay_00225,ledger_00225,set_00225,DUPLICATE_LEDGER
txn_00226,pay_00226,ledger_00226,set_00226,MATCH
txn_00227,pay_00227,ledger_00227,set_00227,MATCH
txn_00228,pay_00228,ledger_00228,set_00228,MATCH
txn_00229,,ledger_00229,set_00229,MISSING_PAYMENT
txn_00230,pay_00230,ledger_00230,set_00230,MATCH
txn_00231,pay_00231,ledger_00231,set_00231,MATCH
txn_00232,pay_00232,ledger_00232,set_00232,TIMESTAMP_DRIFT
txn_00233,pay_00233,ledger_00233,set_00233,MATCH
txn_00234,pay_00234,ledger_00234,set_00234,MATCH
txn_00235,pay_00235,ledger_00235,set_00235,AMOUNT_MISMATCH
txn_00236,pay_00236,ledger_00236,set_00236,MATCH
txn_00237,pay_00237,,set_00237,MISSING_LEDGER
txn_00238,pay_00238,ledger_00238,set_00238,MATCH
txn_00239,pay_00239,ledger_00239,set_00239,MATCH
txn_00240,pay_00240,ledger_00240,set_00240,MATCH
txn_00241,pay_00241,ledger_00241,set_00241,AMOUNT_MISMATCH
txn_00242,pay_00242,ledger_00242,set_00242,DUPLICATE_LEDGER
txn_00243,pay_00243,ledger_00243,set_00243,MATCH
txn_00244,pay_00244,ledger_00244,set_00244,MATCH
txn_00245,pay_00245,ledger_00245,set_00245,MATCH
txn_00246,pay_00246,ledger_00246,set_00246,MATCH
txn_00247,pay_00247,ledger_00247,set_00247,MATCH
txn_00248,pay_00248,ledger_00248,set_00248,MATCH
txn_00249,pay_00249,ledger_00249,set_00249,MATCH
txn_00250,pay_00250,ledger_00250,set_00250,MATCH
txn_00251,pay_00251,ledger_00251,set_00251,MATCH
txn_00252,pay_00252,ledger_00252,set_00252,MATCH
txn_00253,pay_00253,ledger_00253,set_00253,MATCH
txn_00254,pay_00254,ledger_00254,set_00254,MATCH
txn_00255,pay_00255,ledger_00255,set_00255,MATCH
txn_00256,pay_00256,ledger_00256,set_00256,AMOUNT_MISMATCH
txn_00257,pay_00257,ledger_00257,set_00257,MATCH
txn_00258,pay_00258,ledger_00258,set_00258,MATCH
txn_00259,pay_00259,,set_00259,MISSING_LEDGER
txn_00260,pay_00260,ledger_00260,set_00260,MATCH
txn_00261,pay_00261,,set_00261,MISSING_LEDGER
txn_00262,pay_00262,ledger_00262,set_00262,AMOUNT_MISMATCH
txn_00263,pay_00263,,set_00263,MISSING_LEDGER
txn_00264,pay_00264,ledger_00264,set_00264,MATCH
txn_00265,pay_00265,ledger_00265,set_00265,MATCH
txn_00266,,ledger_00266,set_00266,MISSING_PAYMENT
txn_00267,pay_00267,ledger_00267,set_00267,MATCH
txn_00268,pay_00268,ledger_00268,set_00268,MATCH
txn_00269,pay_00269,ledger_00269,set_00269,REFERENCE_CORRUPTION
txn_00270,pay_00270,ledger_00270,set_00270,MATCH
txn_00271,pay_00271,ledger_00271,set_00271,MATCH
txn_00272,pay_00272,ledger_00272,set_00272,MATCH
txn_00273,pay_00273,ledger_00273,set_00273,MATCH
txn_00274,pay_00274,ledger_00274,set_00274,MATCH
txn_00275,pay_00275,ledger_00275,set_00275,MATCH
txn_00276,pay_00276,ledger_00276,set_00276,MATCH
txn_00277,pay_00277,ledger_00277,set_00277,MATCH
txn_00278,pay_00278,ledger_00278,set_00278,MATCH
txn_00279,pay_00279,ledger_00279,set_00279,MATCH
txn_00280,pay_00280,ledger_00280,set_00280,MATCH
txn_00281,pay_00281,ledger_00281,set_00281,MATCH
txn_00282,pay_00282,ledger_00282,set_00282,AMOUNT_MISMATCH
txn_00283,pay_00283,ledger_00283,set_00283,MATCH
txn_00284,pay_00284,ledger_00284,set_00284,MATCH
txn_00285,pay_00285,ledger_00285,set_00285,MATCH
txn_00286,,ledger_00286,set_00286,MISSING_PAYMENT
txn_00287,pay_00287,ledger_00287,set_00287,MATCH
txn_00288,pay_00288,ledger_00288,set_00288,MATCH
txn_00289,pay_00289,ledger_00289,set_00289,DUPLICATE_LEDGER
txn_00290,pay_00290,,set_00290,MISSING_LEDGER
txn_00291,pay_00291,ledger_00291,set_00291,MATCH
txn_00292,pay_00292,ledger_00292,set_00292,MATCH
txn_00293,pay_00293,ledger_00293,set_00293,MATCH
txn_00294,pay_00294,ledger_00294,set_00294,MATCH
txn_00295,pay_00295,ledger_00295,set_00295,MATCH
txn_00296,,ledger_00296,set_00296,MISSING_PAYMENT
txn_00297,pay_00297,ledger_00297,set_00297,MATCH
txn_00298,pay_00298,ledger_00298,set_00298,MATCH
txn_00299,pay_00299,ledger_00299,set_00299,MATCH
txn_00300,pay_00300,ledger_00300,set_00300,MATCH
txn_00301,pay_00301,ledger_00301,set_00301,MATCH
txn_00302,pay_00302,ledger_00302,set_00302,MATCH
txn_00303,pay_00303,ledger_00303,set_00303,MATCH
txn_00304,pay_00304,ledger_00304,set_00304,MATCH
txn_00305,pay_00305,ledger_00305,set_00305,MATCH
txn_00306,pay_00306,,set_00306,MISSING_LEDGER
txn_00307,pay_00307,ledger_00307,set_00307,MATCH
txn_00308,pay_00308,ledger_00308,set_00308,AMOUNT_MISMATCH
txn_00309,pay_00309,ledger_00309,set_00309,MATCH
txn_00310,pay_00310,ledger_00310,set_00310,MATCH
txn_00311,pay_00311,ledger_00311,set_00311,MATCH
txn_00312,pay_00312,ledger_00312,set_00312,MATCH
txn_00313,pay_00313,ledger_00313,set_00313,MATCH
txn_00314,pay_00314,ledger_00314,set_00314,AMOUNT_MISMATCH
txn_00315,pay_00315,ledger_00315,set_00315,MATCH
txn_00316,pay_00316,ledger_00316,set_00316,DUPLICATE_LEDGER
txn_00317,pay_00317,ledger_00317,set_00317,MATCH
txn_00318,,ledger_00318,set_00318,MISSING_PAYMENT
txn_00319,pay_00319,ledger_00319,set_00319,MATCH
txn_00320,pay_00320,ledger_00320,set_00320,MATCH
txn_00321,pay_00321,ledger_00321,set_00321,MATCH
txn_00322,pay_00322,ledger_00322,set_00322,TIMESTAMP_DRIFT
txn_00323,pay_00323,,set_00323,MISSING_LEDGER
txn_00324,pay_00324,ledger_00324,set_00324,MATCH
txn_00325,pay_00325,ledger_00325,set_00325,MATCH
txn_00326,pay_00326,ledger_00326,set_00326,MATCH
txn_00327,pay_00327,ledger_00327,set_00327,AMOUNT_MISMATCH
txn_00328,pay_00328,ledger_00328,set_00328,MATCH
txn_00329,,ledger_00329,set_00329,MISSING_PAYMENT
txn_00330,pay_00330,ledger_00330,set_00330,MATCH
txn_00331,pay_00331,ledger_00331,set_00331,MATCH
txn_00332,pay_00332,ledger_00332,set_00332,MATCH
txn_00333,pay_00333,,set_00333,MISSING_LEDGER
txn_00334,pay_00334,ledger_00334,set_00334,MATCH
txn_00335,pay_00335,ledger_00335,set_00335,TIMESTAMP_DRIFT
txn_00336,pay_00336,ledger_00336,set_00336,AMBIGUOUS_MATCH
txn_00337,pay_00337,ledger_00337,set_00337,MATCH
txn_00338,pay_00338,ledger_00338,set_00338,MATCH
txn_00339,pay_00339,ledger_00339,set_00339,MATCH
txn_00340,pay_00340,ledger_00340,set_00340,MATCH
txn_00341,pay_00341,ledger_00341,set_00341,MATCH
txn_00342,pay_00342,ledger_00342,set_00342,MATCH
txn_00343,pay_00343,ledger_00343,set_00343,MATCH
txn_00344,pay_00344,ledger_00344,set_00344,MATCH
txn_00345,pay_00345,ledger_00345,set_00345,MATCH
txn_00346,pay_00346,ledger_00346,set_00346,MATCH
txn_00347,pay_00347,ledger_00347,set_00347,MATCH
txn_00348,pay_00348,ledger_00348,set_00348,MATCH
txn_00349,pay_00349,ledger_00349,set_00349,AMOUNT_MISMATCH
txn_00350,,ledger_00350,set_00350,MISSING_PAYMENT
txn_00351,pay_00351,ledger_00351,set_00351,TIMESTAMP_DRIFT
txn_00352,pay_00352,ledger_00352,set_00352,AMOUNT_MISMATCH
txn_00353,pay_00353,ledger_00353,set_00353,AMOUNT_MISMATCH
txn_00354,pay_00354,ledger_00354,set_00354,MATCH
txn_00355,pay_00355,ledger_00355,set_00355,MATCH
txn_00356,pay_00356,ledger_00356,set_00356,MATCH
txn_00357,,ledger_00357,set_00357,MISSING_PAYMENT
txn_00358,,ledger_00358,set_00358,MISSING_PAYMENT
txn_00359,pay_00359,ledger_00359,set_00359,MATCH
txn_00360,pay_00360,ledger_00360,set_00360,AMOUNT_MISMATCH
txn_00361,pay_00361,ledger_00361,set_00361,TIMESTAMP_DRIFT
txn_00362,pay_00362,ledger_00362,set_00362,MATCH
txn_00363,pay_00363,ledger_00363,set_00363,MATCH
txn_00364,pay_00364,ledger_00364,set_00364,MATCH
txn_00365,pay_00365,ledger_00365,set_00365,MATCH
txn_00366,pay_00366,,set_00366,MISSING_LEDGER
txn_00367,pay_00367,ledger_00367,set_00367,DUPLICATE_LEDGER
txn_00368,pay_00368,ledger_00368,set_00368,MATCH
txn_00369,pay_00369,ledger_00369,set_00369,REFERENCE_CORRUPTION
txn_00370,pay_00370,ledger_00370,set_00370,AMOUNT_MISMATCH
txn_00371,pay_00371,ledger_00371,set_00371,MATCH
txn_00372,pay_00372,ledger_00372,set_00372,DUPLICATE_LEDGER
txn_00373,pay_00373,ledger_00373,set_00373,MATCH
txn_00374,pay_00374,ledger_00374,set_00374,TIMESTAMP_DRIFT
txn_00375,pay_00375,ledger_00375,set_00375,MATCH
txn_00376,,ledger_00376,set_00376,MISSING_PAYMENT
txn_00377,pay_00377,ledger_00377,set_00377,DUPLICATE_LEDGER
txn_00378,pay_00378,ledger_00378,set_00378,MATCH
txn_00379,pay_00379,ledger_00379,set_00379,MATCH
txn_00380,,ledger_00380,set_00380,MISSING_PAYMENT
txn_00381,pay_00381,ledger_00381,set_00381,SETTLEMENT_MISMATCH
txn_00382,pay_00382,ledger_00382,set_00382,MATCH
txn_00383,pay_00383,ledger_00383,set_00383,MATCH
txn_00384,pay_00384,ledger_00384,set_00384,MATCH
txn_00385,pay_00385,ledger_00385,set_00385,REFERENCE_CORRUPTION
txn_00386,pay_00386,ledger_00386,set_00386,MATCH
txn_00387,pay_00387,ledger_00387,set_00387,MATCH
txn_00388,pay_00388,ledger_00388,set_00388,MATCH
txn_00389,pay_00389,ledger_00389,set_00389,MATCH
txn_00390,pay_00390,ledger_00390,set_00390,MATCH
txn_00391,pay_00391,ledger_00391,set_00391,MATCH
txn_00392,pay_00392,ledger_00392,set_00392,DUPLICATE_LEDGER
txn_00393,pay_00393,ledger_00393,set_00393,MATCH
txn_00394,pay_00394,ledger_00394,set_00394,MATCH
txn_00395,pay_00395,ledger_00395,set_00395,MATCH
txn_00396,pay_00396,ledger_00396,set_00396,MATCH
txn_00397,pay_00397,ledger_00397,set_00397,MATCH
txn_00398,pay_00398,ledger_00398,set_00398,MATCH
txn_00399,pay_00399,ledger_00399,set_00399,MATCH
txn_00400,pay_00400,ledger_00400,set_00400,SETTLEMENT_MISMATCH
txn_00401,,ledger_00401,set_00401,MISSING_PAYMENT
txn_00402,pay_00402,ledger_00402,set_00402,MATCH
txn_00403,pay_00403,ledger_00403,set_00403,MATCH
txn_00404,pay_00404,ledger_00404,set_00404,MATCH
txn_00405,pay_00405,ledger_00405,set_00405,SETTLEMENT_MISMATCH
txn_00406,pay_00406,ledger_00406,set_00406,MATCH
txn_00407,pay_00407,ledger_00407,set_00407,MATCH
txn_00408,pay_00408,ledger_00408,set_00408,MATCH
txn_00409,pay_00409,ledger_00409,set_00409,TIMESTAMP_DRIFT
txn_00410,pay_00410,ledger_00410,set_00410,MATCH
txn_00411,pay_00411,ledger_00411,set_00411,MATCH
txn_00412,pay_00412,ledger_00412,set_00412,MATCH
txn_00413,,ledger_00413,set_00413,MISSING_PAYMENT
txn_00414,pay_00414,ledger_00414,set_00414,MATCH
txn_00415,pay_00415,ledger_00415,set_00415,MATCH
txn_00416,pay_00416,ledger_00416,set_00416,MATCH
txn_00417,pay_00417,ledger_00417,set_00417,MATCH
txn_00418,pay_00418,ledger_00418,set_00418,MATCH
txn_00419,pay_00419,ledger_00419,set_00419,MATCH
txn_00420,pay_00420,,set_00420,MISSING_LEDGER
txn_00421,pay_00421,ledger_00421,set_00421,SETTLEMENT_MISMATCH
txn_00422,pay_00422,ledger_00422,set_00422,MATCH
txn_00423,pay_00423,,set_00423,MISSING_LEDGER
txn_00424,pay_00424,ledger_00424,set_00424,MATCH
txn_00425,pay_00425,,set_00425,MISSING_LEDGER
txn_00426,pay_00426,ledger_00426,set_00426,MATCH
txn_00427,pay_00427,ledger_00427,set_00427,MATCH
txn_00428,pay_00428,ledger_00428,set_00428,AMOUNT_MISMATCH
txn_00429,pay_00429,ledger_00429,set_00429,MATCH
txn_00430,pay_00430,ledger_00430,set_00430,MATCH
txn_00431,pay_00431,ledger_00431,set_00431,MATCH
txn_00432,pay_00432,ledger_00432,set_00432,MATCH
txn_00433,pay_00433,ledger_00433,set_00433,DUPLICATE_LEDGER
txn_00434,pay_00434,ledger_00434,set_00434,MATCH
txn_00435,pay_00435,ledger_00435,set_00435,AMOUNT_MISMATCH
txn_00436,pay_00436,ledger_00436,set_00436,MATCH
txn_00437,pay_00437,ledger_00437,set_00437,MATCH
txn_00438,pay_00438,ledger_00438,set_00438,MATCH
txn_00439,,ledger_00439,set_00439,MISSING_PAYMENT
txn_00440,pay_00440,ledger_00440,set_00440,MATCH
txn_00441,pay_00441,ledger_00441,set_00441,MATCH
txn_00442,pay_00442,ledger_00442,set_00442,MATCH
txn_00443,pay_00443,ledger_00443,set_00443,MATCH
txn_00444,pay_00444,ledger_00444,set_00444,AMOUNT_MISMATCH
txn_00445,pay_00445,ledger_00445,set_00445,MATCH
txn_00446,pay_00446,ledger_00446,set_00446,MATCH
txn_00447,pay_00447,ledger_00447,set_00447,DUPLICATE_LEDGER
txn_00448,pay_00448,ledger_00448,set_00448,REFERENCE_CORRUPTION
txn_00449,pay_00449,ledger_00449,set_00449,MATCH
txn_00450,pay_00450,ledger_00450,set_00450,AMOUNT_MISMATCH
txn_00451,pay_00451,ledger_00451,set_00451,MATCH
txn_00452,pay_00452,ledger_00452,set_00452,MATCH
txn_00453,pay_00453,ledger_00453,set_00453,DUPLICATE_LEDGER
txn_00454,pay_00454,ledger_00454,set_00454,MATCH
txn_00455,pay_00455,ledger_00455,set_00455,MATCH
txn_00456,pay_00456,ledger_00456,set_00456,MATCH
txn_00457,pay_00457,ledger_00457,set_00457,AMOUNT_MISMATCH
txn_00458,pay_00458,ledger_00458,set_00458,MATCH
txn_00459,pay_00459,,set_00459,MISSING_LEDGER
txn_00460,pay_00460,ledger_00460,set_00460,TIMESTAMP_DRIFT
txn_00461,pay_00461,ledger_00461,set_00461,MATCH
txn_00462,pay_00462,ledger_00462,set_00462,MATCH
txn_00463,pay_00463,ledger_00463,set_00463,MATCH
txn_00464,pay_00464,ledger_00464,set_00464,MATCH
txn_00465,pay_00465,ledger_00465,set_00465,MATCH
txn_00466,pay_00466,ledger_00466,set_00466,MATCH
txn_00467,pay_00467,ledger_00467,set_00467,MATCH
txn_00468,pay_00468,ledger_00468,set_00468,AMOUNT_MISMATCH
txn_00469,pay_00469,ledger_00469,set_00469,MATCH
txn_00470,pay_00470,ledger_00470,set_00470,MATCH
txn_00471,pay_00471,ledger_00471,set_00471,SETTLEMENT_MISMATCH
txn_00472,pay_00472,ledger_00472,set_00472,MATCH
txn_00473,pay_00473,ledger_00473,set_00473,MATCH
txn_00474,pay_00474,ledger_00474,set_00474,MATCH
txn_00475,pay_00475,ledger_00475,set_00475,MATCH
txn_00476,pay_00476,ledger_00476,set_00476,AMOUNT_MISMATCH
txn_00477,pay_00477,,set_00477,MISSING_LEDGER
txn_00478,pay_00478,,set_00478,MISSING_LEDGER
txn_00479,pay_00479,,set_00479,MISSING_LEDGER
txn_00480,pay_00480,,set_00480,MISSING_LEDGER
txn_00481,pay_00481,ledger_00481,set_00481,MATCH
txn_00482,pay_00482,ledger_00482,set_00482,MATCH
txn_00483,pay_00483,ledger_00483,set_00483,TIMESTAMP_DRIFT
txn_00484,pay_00484,ledger_00484,set_00484,MATCH
txn_00485,pay_00485,ledger_00485,set_00485,MATCH
txn_00486,pay_00486,ledger_00486,set_00486,MATCH
txn_00487,pay_00487,ledger_00487,set_00487,MATCH
txn_00488,pay_00488,ledger_00488,set_00488,UNRESOLVED
txn_00489,,ledger_00489,set_00489,MISSING_PAYMENT
txn_00490,pay_00490,ledger_00490,set_00490,MATCH
txn_00491,pay_00491,ledger_00491,set_00491,AMOUNT_MISMATCH
txn_00492,pay_00492,ledger_00492,set_00492,MATCH
txn_00493,pay_00493,ledger_00493,set_00493,MATCH
txn_00494,pay_00494,ledger_00494,set_00494,MATCH
txn_00495,pay_00495,ledger_00495,set_00495,MATCH
txn_00496,pay_00496,ledger_00496,set_00496,MATCH
txn_00497,pay_00497,ledger_00497,set_00497,MATCH
txn_00498,pay_00498,ledger_00498,set_00498,MATCH
txn_00499,pay_00499,ledger_00499,set_00499,MATCH
txn_00500,pay_00500,ledger_00500,set_00500,MATCH
txn_00501,pay_00501,ledger_00501,set_00501,TIMESTAMP_DRIFT
txn_00502,pay_00502,ledger_00502,set_00502,AMOUNT_MISMATCH
txn_00503,pay_00503,ledger_00503,set_00503,MATCH
txn_00504,pay_00504,ledger_00504,set_00504,MATCH
txn_00505,pay_00505,ledger_00505,set_00505,MATCH
txn_00506,pay_00506,ledger_00506,set_00506,MATCH
txn_00507,pay_00507,ledger_00507,set_00507,AMOUNT_MISMATCH
txn_00508,pay_00508,ledger_00508,set_00508,MATCH
txn_00509,pay_00509,ledger_00509,set_00509,MATCH
txn_00510,pay_00510,ledger_00510,set_00510,MATCH
txn_00511,pay_00511,,set_00511,MISSING_LEDGER
txn_00512,pay_00512,ledger_00512,set_00512,MATCH
txn_00513,pay_00513,ledger_00513,set_00513,MATCH
txn_00514,pay_00514,ledger_00514,set_00514,MATCH
txn_00515,pay_00515,ledger_00515,set_00515,MATCH
txn_00516,pay_00516,ledger_00516,set_00516,MATCH
txn_00517,pay_00517,ledger_00517,set_00517,MATCH
txn_00518,pay_00518,ledger_00518,set_00518,MATCH
txn_00519,pay_00519,ledger_00519,set_00519,MATCH
txn_00520,pay_00520,ledger_00520,set_00520,MATCH
txn_00521,,ledger_00521,set_00521,MISSING_PAYMENT
txn_00522,pay_00522,,set_00522,MISSING_LEDGER
txn_00523,pay_00523,ledger_00523,set_00523,REFERENCE_CORRUPTION
txn_00524,pay_00524,ledger_00524,set_00524,MATCH
txn_00525,pay_00525,ledger_00525,set_00525,MATCH
txn_00526,pay_00526,ledger_00526,set_00526,MATCH
txn_00527,pay_00527,ledger_00527,set_00527,UNRESOLVED
txn_00528,pay_00528,ledger_00528,set_00528,MATCH
txn_00529,pay_00529,ledger_00529,set_00529,MATCH
txn_00530,pay_00530,ledger_00530,set_00530,DUPLICATE_LEDGER
txn_00531,,ledger_00531,set_00531,MISSING_PAYMENT
txn_00532,pay_00532,ledger_00532,set_00532,MATCH
txn_00533,pay_00533,ledger_00533,set_00533,AMOUNT_MISMATCH
txn_00534,pay_00534,ledger_00534,set_00534,AMOUNT_MISMATCH
txn_00535,pay_00535,ledger_00535,set_00535,MATCH
txn_00536,pay_00536,ledger_00536,set_00536,TIMESTAMP_DRIFT
txn_00537,pay_00537,ledger_00537,set_00537,AMOUNT_MISMATCH
txn_00538,pay_00538,ledger_00538,set_00538,MATCH
txn_00539,pay_00539,ledger_00539,set_00539,MATCH
txn_00540,pay_00540,ledger_00540,set_00540,DUPLICATE_LEDGER
txn_00541,pay_00541,ledger_00541,set_00541,MATCH
txn_00542,pay_00542,ledger_00542,set_00542,MATCH
txn_00543,pay_00543,ledger_00543,set_00543,MATCH
txn_00544,pay_00544,ledger_00544,set_00544,MATCH
txn_00545,pay_00545,ledger_00545,set_00545,MATCH
txn_00546,pay_00546,ledger_00546,set_00546,MATCH
txn_00547,pay_00547,ledger_00547,set_00547,MATCH
txn_00548,pay_00548,ledger_00548,set_00548,MATCH
txn_00549,pay_00549,ledger_00549,set_00549,AMOUNT_MISMATCH
txn_00550,pay_00550,ledger_00550,set_00550,REFERENCE_CORRUPTION
txn_00551,pay_00551,ledger_00551,set_00551,MATCH
txn_00552,pay_00552,ledger_00552,set_00552,MATCH
txn_00553,pay_00553,ledger_00553,set_00553,MATCH
txn_00554,pay_00554,,set_00554,MISSING_LEDGER
txn_00555,pay_00555,ledger_00555,set_00555,MATCH
txn_00556,pay_00556,ledger_00556,set_00556,MATCH
txn_00557,pay_00557,ledger_00557,set_00557,MATCH
txn_00558,pay_00558,,set_00558,MISSING_LEDGER
txn_00559,pay_00559,ledger_00559,set_00559,MATCH
txn_00560,pay_00560,ledger_00560,set_00560,MATCH
txn_00561,pay_00561,ledger_00561,set_00561,AMOUNT_MISMATCH
txn_00562,pay_00562,ledger_00562,set_00562,REFERENCE_CORRUPTION
txn_00563,pay_00563,ledger_00563,set_00563,MATCH
txn_00564,pay_00564,,set_00564,MISSING_LEDGER
txn_00565,pay_00565,,set_00565,MISSING_LEDGER
txn_00566,pay_00566,ledger_00566,set_00566,SETTLEMENT_MISMATCH
txn_00567,pay_00567,ledger_00567,set_00567,MATCH
txn_00568,pay_00568,ledger_00568,set_00568,MATCH
txn_00569,pay_00569,ledger_00569,set_00569,MATCH
txn_00570,pay_00570,ledger_00570,set_00570,MATCH
txn_00571,pay_00571,ledger_00571,set_00571,MATCH
txn_00572,pay_00572,ledger_00572,set_00572,MATCH
txn_00573,pay_00573,ledger_00573,set_00573,REFERENCE_CORRUPTION
txn_00574,pay_00574,,set_00574,MISSING_LEDGER
txn_00575,pay_00575,ledger_00575,set_00575,MATCH
txn_00576,pay_00576,ledger_00576,set_00576,MATCH
txn_00577,pay_00577,ledger_00577,set_00577,TIMESTAMP_DRIFT
txn_00578,pay_00578,ledger_00578,set_00578,MATCH
txn_00579,pay_00579,ledger_00579,set_00579,MATCH
txn_00580,pay_00580,ledger_00580,set_00580,MATCH
txn_00581,pay_00581,ledger_00581,set_00581,SETTLEMENT_MISMATCH
txn_00582,pay_00582,ledger_00582,set_00582,MATCH
txn_00583,pay_00583,,set_00583,MISSING_LEDGER
txn_00584,pay_00584,ledger_00584,set_00584,MATCH
txn_00585,pay_00585,ledger_00585,set_00585,MATCH
txn_00586,pay_00586,ledger_00586,set_00586,AMOUNT_MISMATCH
txn_00587,pay_00587,ledger_00587,set_00587,MATCH
txn_00588,pay_00588,ledger_00588,set_00588,MATCH
txn_00589,pay_00589,ledger_00589,set_00589,MATCH
txn_00590,pay_00590,ledger_00590,set_00590,DUPLICATE_LEDGER
txn_00591,pay_00591,ledger_00591,set_00591,MATCH
txn_00592,pay_00592,ledger_00592,set_00592,MATCH
txn_00593,pay_00593,ledger_00593,set_00593,AMOUNT_MISMATCH
txn_00594,pay_00594,ledger_00594,set_00594,MATCH
txn_00595,pay_00595,ledger_00595,set_00595,MATCH
txn_00596,pay_00596,ledger_00596,set_00596,AMOUNT_MISMATCH
txn_00597,pay_00597,ledger_00597,set_00597,MATCH
txn_00598,pay_00598,ledger_00598,set_00598,MATCH
txn_00599,pay_00599,ledger_00599,set_00599,MATCH
txn_00600,pay_00600,ledger_00600,set_00600,MATCH
txn_00601,,ledger_00601,set_00601,MISSING_PAYMENT
txn_00602,pay_00602,ledger_00602,set_00602,MATCH
txn_00603,pay_00603,ledger_00603,set_00603,MATCH
txn_00604,pay_00604,ledger_00604,set_00604,REFERENCE_CORRUPTION
txn_00605,pay_00605,ledger_00605,set_00605,MATCH
txn_00606,pay_00606,ledger_00606,set_00606,MATCH
txn_00607,pay_00607,ledger_00607,set_00607,MATCH
txn_00608,,ledger_00608,set_00608,MISSING_PAYMENT
txn_00609,pay_00609,ledger_00609,set_00609,DUPLICATE_LEDGER
txn_00610,pay_00610,ledger_00610,set_00610,MATCH
txn_00611,pay_00611,ledger_00611,set_00611,MATCH
txn_00612,pay_00612,ledger_00612,set_00612,MATCH
txn_00613,pay_00613,ledger_00613,set_00613,MATCH
txn_00614,,ledger_00614,set_00614,MISSING_PAYMENT
txn_00615,pay_00615,ledger_00615,set_00615,MATCH
txn_00616,pay_00616,ledger_00616,set_00616,MATCH
txn_00617,,ledger_00617,set_00617,MISSING_PAYMENT
txn_00618,pay_00618,ledger_00618,set_00618,REFERENCE_CORRUPTION
txn_00619,pay_00619,ledger_00619,set_00619,MATCH
txn_00620,pay_00620,ledger_00620,set_00620,MATCH
txn_00621,pay_00621,ledger_00621,set_00621,MATCH
txn_00622,pay_00622,ledger_00622,set_00622,MATCH
txn_00623,,ledger_00623,set_00623,MISSING_PAYMENT
txn_00624,pay_00624,ledger_00624,set_00624,MATCH
txn_00625,pay_00625,ledger_00625,set_00625,MATCH
txn_00626,pay_00626,ledger_00626,set_00626,MATCH
txn_00627,pay_00627,ledger_00627,set_00627,MATCH
txn_00628,pay_00628,ledger_00628,set_00628,AMOUNT_MISMATCH
txn_00629,pay_00629,ledger_00629,set_00629,MATCH
txn_00630,pay_00630,,set_00630,MISSING_LEDGER
txn_00631,pay_00631,ledger_00631,set_00631,MATCH
txn_00632,pay_00632,ledger_00632,set_00632,MATCH
txn_00633,pay_00633,ledger_00633,set_00633,MATCH
txn_00634,pay_00634,ledger_00634,set_00634,DUPLICATE_LEDGER
txn_00635,pay_00635,,set_00635,MISSING_LEDGER
txn_00636,pay_00636,,set_00636,MISSING_LEDGER
txn_00637,pay_00637,ledger_00637,set_00637,MATCH
txn_00638,pay_00638,ledger_00638,set_00638,MATCH
txn_00639,,ledger_00639,set_00639,MISSING_PAYMENT
txn_00640,pay_00640,ledger_00640,set_00640,AMOUNT_MISMATCH
txn_00641,pay_00641,ledger_00641,set_00641,MATCH
txn_00642,pay_00642,ledger_00642,set_00642,MATCH
txn_00643,pay_00643,ledger_00643,set_00643,AMOUNT_MISMATCH
txn_00644,pay_00644,ledger_00644,set_00644,MATCH
txn_00645,pay_00645,ledger_00645,set_00645,MATCH
txn_00646,,ledger_00646,set_00646,MISSING_PAYMENT
txn_00647,pay_00647,ledger_00647,set_00647,MATCH
txn_00648,pay_00648,ledger_00648,set_00648,MATCH
txn_00649,pay_00649,ledger_00649,set_00649,AMOUNT_MISMATCH
txn_00650,pay_00650,ledger_00650,set_00650,MATCH
txn_00651,pay_00651,ledger_00651,set_00651,MATCH
txn_00652,pay_00652,ledger_00652,set_00652,MATCH
txn_00653,pay_00653,ledger_00653,set_00653,DUPLICATE_LEDGER
txn_00654,pay_00654,ledger_00654,set_00654,MATCH
txn_00655,pay_00655,ledger_00655,set_00655,MATCH
txn_00656,pay_00656,ledger_00656,set_00656,SETTLEMENT_MISMATCH
txn_00657,pay_00657,ledger_00657,set_00657,MATCH
txn_00658,pay_00658,ledger_00658,set_00658,MATCH
txn_00659,pay_00659,ledger_00659,set_00659,DUPLICATE_LEDGER
txn_00660,pay_00660,ledger_00660,set_00660,MATCH
txn_00661,pay_00661,ledger_00661,set_00661,AMOUNT_MISMATCH
txn_00662,,ledger_00662,set_00662,MISSING_PAYMENT
txn_00663,pay_00663,ledger_00663,set_00663,MATCH
txn_00664,pay_00664,ledger_00664,set_00664,MATCH
txn_00665,pay_00665,ledger_00665,set_00665,AMOUNT_MISMATCH
txn_00666,pay_00666,,set_00666,MISSING_LEDGER
txn_00667,pay_00667,ledger_00667,set_00667,MATCH
txn_00668,pay_00668,ledger_00668,set_00668,MATCH
txn_00669,pay_00669,ledger_00669,set_00669,SETTLEMENT_MISMATCH
txn_00670,pay_00670,ledger_00670,set_00670,MATCH
txn_00671,pay_00671,ledger_00671,set_00671,MATCH
txn_00672,pay_00672,ledger_00672,set_00672,AMOUNT_MISMATCH
txn_00673,pay_00673,ledger_00673,set_00673,MATCH
txn_00674,pay_00674,ledger_00674,set_00674,SETTLEMENT_MISMATCH
txn_00675,pay_00675,ledger_00675,set_00675,MATCH
txn_00676,pay_00676,ledger_00676,set_00676,MATCH
txn_00677,pay_00677,ledger_00677,set_00677,MATCH
txn_00678,pay_00678,ledger_00678,set_00678,MATCH
txn_00679,pay_00679,ledger_00679,set_00679,DUPLICATE_LEDGER
txn_00680,pay_00680,ledger_00680,set_00680,AMOUNT_MISMATCH
txn_00681,pay_00681,ledger_00681,set_00681,MATCH
txn_00682,,ledger_00682,set_00682,MISSING_PAYMENT
txn_00683,pay_00683,ledger_00683,set_00683,MATCH
txn_00684,pay_00684,ledger_00684,set_00684,REFERENCE_CORRUPTION
txn_00685,pay_00685,,set_00685,MISSING_LEDGER
txn_00686,pay_00686,ledger_00686,set_00686,AMOUNT_MISMATCH
txn_00687,pay_00687,ledger_00687,set_00687,TIMESTAMP_DRIFT
txn_00688,pay_00688,ledger_00688,set_00688,MATCH
txn_00689,pay_00689,ledger_00689,set_00689,MATCH
txn_00690,pay_00690,ledger_00690,set_00690,MATCH
txn_00691,pay_00691,ledger_00691,set_00691,MATCH
txn_00692,pay_00692,ledger_00692,set_00692,MATCH
txn_00693,pay_00693,ledger_00693,set_00693,MATCH
txn_00694,pay_00694,ledger_00694,set_00694,AMOUNT_MISMATCH
txn_00695,pay_00695,ledger_00695,set_00695,AMOUNT_MISMATCH
txn_00696,pay_00696,ledger_00696,set_00696,AMOUNT_MISMATCH
txn_00697,pay_00697,ledger_00697,set_00697,MATCH
txn_00698,pay_00698,ledger_00698,set_00698,MATCH
txn_00699,pay_00699,ledger_00699,set_00699,MATCH
txn_00700,pay_00700,,set_00700,MISSING_LEDGER
txn_00701,pay_00701,ledger_00701,set_00701,MATCH
txn_00702,pay_00702,ledger_00702,set_00702,MATCH
txn_00703,pay_00703,ledger_00703,set_00703,AMOUNT_MISMATCH
txn_00704,pay_00704,ledger_00704,set_00704,REFERENCE_CORRUPTION
txn_00705,pay_00705,ledger_00705,set_00705,MATCH
txn_00706,pay_00706,ledger_00706,set_00706,MATCH
txn_00707,pay_00707,ledger_00707,set_00707,MATCH
txn_00708,pay_00708,ledger_00708,set_00708,AMOUNT_MISMATCH
txn_00709,pay_00709,ledger_00709,set_00709,MATCH
txn_00710,pay_00710,ledger_00710,set_00710,MATCH
txn_00711,pay_00711,ledger_00711,set_00711,MATCH
txn_00712,pay_00712,ledger_00712,set_00712,MATCH
txn_00713,pay_00713,ledger_00713,set_00713,MATCH
txn_00714,pay_00714,,set_00714,MISSING_LEDGER
txn_00715,pay_00715,ledger_00715,set_00715,MATCH
txn_00716,pay_00716,,set_00716,MISSING_LEDGER
txn_00717,pay_00717,ledger_00717,set_00717,AMOUNT_MISMATCH
txn_00718,pay_00718,ledger_00718,set_00718,MATCH
txn_00719,pay_00719,ledger_00719,set_00719,MATCH
txn_00720,pay_00720,ledger_00720,set_00720,MATCH
txn_00721,pay_00721,ledger_00721,set_00721,AMOUNT_MISMATCH
txn_00722,pay_00722,ledger_00722,set_00722,MATCH
txn_00723,,ledger_00723,set_00723,MISSING_PAYMENT
txn_00724,pay_00724,ledger_00724,set_00724,MATCH
txn_00725,,ledger_00725,set_00725,MISSING_PAYMENT
txn_00726,pay_00726,ledger_00726,set_00726,MATCH
txn_00727,pay_00727,ledger_00727,set_00727,MATCH
txn_00728,pay_00728,ledger_00728,set_00728,AMOUNT_MISMATCH
txn_00729,pay_00729,ledger_00729,set_00729,MATCH
txn_00730,pay_00730,ledger_00730,set_00730,MATCH
txn_00731,pay_00731,ledger_00731,set_00731,REFERENCE_CORRUPTION
txn_00732,pay_00732,ledger_00732,set_00732,AMOUNT_MISMATCH
txn_00733,pay_00733,ledger_00733,set_00733,MATCH
txn_00734,pay_00734,ledger_00734,set_00734,MATCH
txn_00735,pay_00735,ledger_00735,set_00735,MATCH
txn_00736,pay_00736,ledger_00736,set_00736,MATCH
txn_00737,pay_00737,ledger_00737,set_00737,MATCH
txn_00738,,ledger_00738,set_00738,MISSING_PAYMENT
txn_00739,pay_00739,ledger_00739,set_00739,MATCH
txn_00740,pay_00740,ledger_00740,set_00740,MATCH
txn_00741,pay_00741,ledger_00741,set_00741,MATCH
txn_00742,pay_00742,ledger_00742,set_00742,MATCH
txn_00743,pay_00743,ledger_00743,set_00743,MATCH
txn_00744,pay_00744,ledger_00744,set_00744,MATCH
txn_00745,,ledger_00745,set_00745,MISSING_PAYMENT
txn_00746,pay_00746,ledger_00746,set_00746,SETTLEMENT_MISMATCH
txn_00747,pay_00747,ledger_00747,set_00747,AMOUNT_MISMATCH
txn_00748,,ledger_00748,set_00748,MISSING_PAYMENT
txn_00749,pay_00749,ledger_00749,set_00749,MATCH
txn_00750,pay_00750,ledger_00750,set_00750,AMOUNT_MISMATCH
txn_00751,pay_00751,ledger_00751,set_00751,MATCH
txn_00752,pay_00752,ledger_00752,set_00752,AMOUNT_MISMATCH
txn_00753,pay_00753,ledger_00753,set_00753,TIMESTAMP_DRIFT
txn_00754,pay_00754,,set_00754,MISSING_LEDGER
txn_00755,,ledger_00755,set_00755,MISSING_PAYMENT
txn_00756,pay_00756,ledger_00756,set_00756,MATCH
txn_00757,pay_00757,ledger_00757,set_00757,MATCH
txn_00758,pay_00758,ledger_00758,set_00758,MATCH
txn_00759,,ledger_00759,set_00759,MISSING_PAYMENT
txn_00760,pay_00760,ledger_00760,set_00760,MATCH
txn_00761,pay_00761,ledger_00761,set_00761,MATCH
txn_00762,pay_00762,ledger_00762,set_00762,MATCH
txn_00763,pay_00763,ledger_00763,set_00763,AMOUNT_MISMATCH
txn_00764,pay_00764,ledger_00764,set_00764,MATCH
txn_00765,pay_00765,ledger_00765,set_00765,MATCH
txn_00766,pay_00766,ledger_00766,set_00766,MATCH
txn_00767,pay_00767,ledger_00767,set_00767,MATCH
txn_00768,pay_00768,ledger_00768,set_00768,MATCH
txn_00769,pay_00769,ledger_00769,set_00769,AMOUNT_MISMATCH
txn_00770,pay_00770,ledger_00770,set_00770,MATCH
txn_00771,pay_00771,ledger_00771,set_00771,TIMESTAMP_DRIFT
txn_00772,,ledger_00772,set_00772,MISSING_PAYMENT
txn_00773,pay_00773,ledger_00773,set_00773,MATCH
txn_00774,pay_00774,ledger_00774,set_00774,MATCH
txn_00775,pay_00775,ledger_00775,set_00775,MATCH
txn_00776,pay_00776,ledger_00776,set_00776,MATCH
txn_00777,pay_00777,ledger_00777,set_00777,MATCH
txn_00778,pay_00778,,set_00778,MISSING_LEDGER
txn_00779,pay_00779,ledger_00779,set_00779,MATCH
txn_00780,pay_00780,ledger_00780,set_00780,MATCH
txn_00781,pay_00781,ledger_00781,set_00781,MATCH
txn_00782,pay_00782,ledger_00782,set_00782,MATCH
txn_00783,pay_00783,ledger_00783,set_00783,MATCH
txn_00784,pay_00784,ledger_00784,set_00784,MATCH
txn_00785,pay_00785,ledger_00785,set_00785,MATCH
txn_00786,pay_00786,ledger_00786,set_00786,MATCH
txn_00787,pay_00787,,set_00787,MISSING_LEDGER
txn_00788,pay_00788,ledger_00788,set_00788,MATCH
txn_00789,,ledger_00789,set_00789,MISSING_PAYMENT
txn_00790,pay_00790,ledger_00790,set_00790,SETTLEMENT_MISMATCH
txn_00791,pay_00791,ledger_00791,set_00791,DUPLICATE_LEDGER
txn_00792,pay_00792,,set_00792,MISSING_LEDGER
txn_00793,pay_00793,ledger_00793,set_00793,UNRESOLVED
txn_00794,pay_00794,ledger_00794,set_00794,MATCH
txn_00795,pay_00795,ledger_00795,set_00795,MATCH
txn_00796,pay_00796,ledger_00796,set_00796,MATCH
txn_00797,pay_00797,ledger_00797,set_00797,MATCH
txn_00798,pay_00798,ledger_00798,set_00798,MATCH
txn_00799,pay_00799,,set_00799,MISSING_LEDGER
txn_00800,pay_00800,ledger_00800,set_00800,MATCH
txn_00801,pay_00801,ledger_00801,set_00801,TIMESTAMP_DRIFT
txn_00802,pay_00802,ledger_00802,set_00802,AMOUNT_MISMATCH
txn_00803,pay_00803,ledger_00803,set_00803,AMOUNT_MISMATCH
txn_00804,pay_00804,ledger_00804,set_00804,MATCH
txn_00805,pay_00805,ledger_00805,set_00805,DUPLICATE_LEDGER
txn_00806,pay_00806,ledger_00806,set_00806,MATCH
txn_00807,pay_00807,ledger_00807,set_00807,MATCH
txn_00808,pay_00808,ledger_00808,set_00808,TIMESTAMP_DRIFT
txn_00809,pay_00809,ledger_00809,set_00809,UNRESOLVED
txn_00810,pay_00810,ledger_00810,set_00810,REFERENCE_CORRUPTION
txn_00811,pay_00811,ledger_00811,set_00811,AMOUNT_MISMATCH
txn_00812,pay_00812,,set_00812,MISSING_LEDGER
txn_00813,pay_00813,ledger_00813,set_00813,DUPLICATE_LEDGER
txn_00814,pay_00814,,set_00814,MISSING_LEDGER
txn_00815,pay_00815,ledger_00815,set_00815,TIMESTAMP_DRIFT
txn_00816,pay_00816,ledger_00816,set_00816,AMOUNT_MISMATCH
txn_00817,pay_00817,ledger_00817,set_00817,MATCH
txn_00818,pay_00818,ledger_00818,set_00818,AMOUNT_MISMATCH
txn_00819,,ledger_00819,set_00819,MISSING_PAYMENT
txn_00820,pay_00820,ledger_00820,set_00820,MATCH
txn_00821,pay_00821,ledger_00821,set_00821,MATCH
txn_00822,pay_00822,ledger_00822,set_00822,MATCH
txn_00823,pay_00823,ledger_00823,set_00823,MATCH
txn_00824,pay_00824,ledger_00824,set_00824,MATCH
txn_00825,pay_00825,ledger_00825,set_00825,REFERENCE_CORRUPTION
txn_00826,pay_00826,ledger_00826,set_00826,MATCH
txn_00827,pay_00827,ledger_00827,set_00827,MATCH
txn_00828,pay_00828,ledger_00828,set_00828,MATCH
txn_00829,pay_00829,ledger_00829,set_00829,MATCH
txn_00830,pay_00830,ledger_00830,set_00830,REFERENCE_CORRUPTION
txn_00831,pay_00831,ledger_00831,set_00831,AMOUNT_MISMATCH
txn_00832,pay_00832,,set_00832,MISSING_LEDGER
txn_00833,pay_00833,ledger_00833,set_00833,REFERENCE_CORRUPTION
txn_00834,pay_00834,ledger_00834,set_00834,MATCH
txn_00835,pay_00835,ledger_00835,set_00835,MATCH
txn_00836,pay_00836,ledger_00836,set_00836,MATCH
txn_00837,pay_00837,ledger_00837,set_00837,MATCH
txn_00838,pay_00838,,set_00838,MISSING_LEDGER
txn_00839,pay_00839,ledger_00839,set_00839,MATCH
txn_00840,pay_00840,ledger_00840,set_00840,MATCH
txn_00841,pay_00841,ledger_00841,set_00841,MATCH
txn_00842,pay_00842,ledger_00842,set_00842,MATCH
txn_00843,pay_00843,ledger_00843,set_00843,DUPLICATE_LEDGER
txn_00844,pay_00844,ledger_00844,set_00844,TIMESTAMP_DRIFT
txn_00845,pay_00845,ledger_00845,set_00845,MATCH
txn_00846,pay_00846,ledger_00846,set_00846,MATCH
txn_00847,pay_00847,ledger_00847,set_00847,MATCH
txn_00848,pay_00848,ledger_00848,set_00848,MATCH
txn_00849,pay_00849,,set_00849,MISSING_LEDGER
txn_00850,pay_00850,ledger_00850,set_00850,MATCH
txn_00851,pay_00851,ledger_00851,set_00851,MATCH
txn_00852,pay_00852,ledger_00852,set_00852,SETTLEMENT_MISMATCH
txn_00853,pay_00853,,set_00853,MISSING_LEDGER
txn_00854,pay_00854,ledger_00854,set_00854,MATCH
txn_00855,pay_00855,ledger_00855,set_00855,AMBIGUOUS_MATCH
txn_00856,pay_00856,ledger_00856,set_00856,MATCH
txn_00857,pay_00857,ledger_00857,set_00857,MATCH
txn_00858,pay_00858,ledger_00858,set_00858,MATCH
txn_00859,pay_00859,ledger_00859,set_00859,AMOUNT_MISMATCH
txn_00860,pay_00860,ledger_00860,set_00860,MATCH
txn_00861,pay_00861,ledger_00861,set_00861,MATCH
txn_00862,pay_00862,ledger_00862,set_00862,AMOUNT_MISMATCH
txn_00863,pay_00863,ledger_00863,set_00863,MATCH
txn_00864,pay_00864,ledger_00864,set_00864,MATCH
txn_00865,pay_00865,ledger_00865,set_00865,AMOUNT_MISMATCH
txn_00866,pay_00866,ledger_00866,set_00866,MATCH
txn_00867,pay_00867,ledger_00867,set_00867,MATCH
txn_00868,pay_00868,ledger_00868,set_00868,MATCH
txn_00869,pay_00869,ledger_00869,set_00869,MATCH
txn_00870,pay_00870,ledger_00870,set_00870,MATCH
txn_00871,pay_00871,ledger_00871,set_00871,MATCH
txn_00872,pay_00872,,set_00872,MISSING_LEDGER
txn_00873,pay_00873,ledger_00873,set_00873,SETTLEMENT_MISMATCH
txn_00874,,ledger_00874,set_00874,MISSING_PAYMENT
txn_00875,pay_00875,ledger_00875,set_00875,MATCH
txn_00876,pay_00876,ledger_00876,set_00876,MATCH
txn_00877,pay_00877,,set_00877,MISSING_LEDGER
txn_00878,pay_00878,,set_00878,MISSING_LEDGER
txn_00879,,ledger_00879,set_00879,MISSING_PAYMENT
txn_00880,pay_00880,ledger_00880,set_00880,MATCH
txn_00881,pay_00881,ledger_00881,set_00881,AMOUNT_MISMATCH
txn_00882,pay_00882,ledger_00882,set_00882,MATCH
txn_00883,pay_00883,ledger_00883,set_00883,MATCH
txn_00884,pay_00884,ledger_00884,set_00884,AMOUNT_MISMATCH
txn_00885,pay_00885,ledger_00885,set_00885,AMOUNT_MISMATCH
txn_00886,pay_00886,ledger_00886,set_00886,MATCH
txn_00887,pay_00887,ledger_00887,set_00887,MATCH
txn_00888,pay_00888,ledger_00888,set_00888,MATCH
txn_00889,pay_00889,ledger_00889,set_00889,MATCH
txn_00890,pay_00890,ledger_00890,set_00890,AMBIGUOUS_MATCH
txn_00891,pay_00891,ledger_00891,set_00891,AMOUNT_MISMATCH
txn_00892,pay_00892,ledger_00892,set_00892,MATCH
txn_00893,pay_00893,ledger_00893,set_00893,MATCH
txn_00894,pay_00894,ledger_00894,set_00894,DUPLICATE_LEDGER
txn_00895,pay_00895,ledger_00895,set_00895,MATCH
txn_00896,pay_00896,ledger_00896,set_00896,MATCH
txn_00897,pay_00897,ledger_00897,set_00897,AMOUNT_MISMATCH
txn_00898,pay_00898,ledger_00898,set_00898,AMOUNT_MISMATCH
txn_00899,pay_00899,ledger_00899,set_00899,SETTLEMENT_MISMATCH
txn_00900,pay_00900,ledger_00900,set_00900,MATCH
txn_00901,pay_00901,ledger_00901,set_00901,AMOUNT_MISMATCH
txn_00902,pay_00902,ledger_00902,set_00902,MATCH
txn_00903,pay_00903,ledger_00903,set_00903,MATCH
txn_00904,pay_00904,ledger_00904,set_00904,MATCH
txn_00905,pay_00905,ledger_00905,set_00905,MATCH
txn_00906,pay_00906,ledger_00906,set_00906,MATCH
txn_00907,,ledger_00907,set_00907,MISSING_PAYMENT
txn_00908,pay_00908,ledger_00908,set_00908,AMOUNT_MISMATCH
txn_00909,pay_00909,ledger_00909,set_00909,MATCH
txn_00910,pay_00910,ledger_00910,set_00910,REFERENCE_CORRUPTION
txn_00911,pay_00911,ledger_00911,set_00911,REFERENCE_CORRUPTION
txn_00912,pay_00912,ledger_00912,set_00912,MATCH
txn_00913,pay_00913,ledger_00913,set_00913,DUPLICATE_LEDGER
txn_00914,pay_00914,ledger_00914,set_00914,SETTLEMENT_MISMATCH
txn_00915,pay_00915,ledger_00915,set_00915,DUPLICATE_LEDGER
txn_00916,pay_00916,ledger_00916,set_00916,MATCH
txn_00917,pay_00917,ledger_00917,set_00917,MATCH
txn_00918,pay_00918,,set_00918,MISSING_LEDGER
txn_00919,pay_00919,ledger_00919,set_00919,MATCH
txn_00920,pay_00920,ledger_00920,set_00920,AMOUNT_MISMATCH
txn_00921,pay_00921,ledger_00921,set_00921,MATCH
txn_00922,pay_00922,ledger_00922,set_00922,MATCH
txn_00923,pay_00923,ledger_00923,set_00923,AMOUNT_MISMATCH
txn_00924,pay_00924,ledger_00924,set_00924,MATCH
txn_00925,pay_00925,ledger_00925,set_00925,MATCH
txn_00926,pay_00926,ledger_00926,set_00926,MATCH
txn_00927,pay_00927,ledger_00927,set_00927,DUPLICATE_LEDGER
txn_00928,pay_00928,ledger_00928,set_00928,DUPLICATE_LEDGER
txn_00929,pay_00929,ledger_00929,set_00929,MATCH
txn_00930,pay_00930,ledger_00930,set_00930,MATCH
txn_00931,,ledger_00931,set_00931,MISSING_PAYMENT
txn_00932,pay_00932,ledger_00932,set_00932,MATCH
txn_00933,pay_00933,ledger_00933,set_00933,MATCH
txn_00934,pay_00934,ledger_00934,set_00934,MATCH
txn_00935,pay_00935,ledger_00935,set_00935,MATCH
txn_00936,pay_00936,ledger_00936,set_00936,MATCH
txn_00937,pay_00937,ledger_00937,set_00937,MATCH
txn_00938,pay_00938,ledger_00938,set_00938,MATCH
txn_00939,pay_00939,ledger_00939,set_00939,AMOUNT_MISMATCH
txn_00940,pay_00940,ledger_00940,set_00940,MATCH
txn_00941,,ledger_00941,set_00941,MISSING_PAYMENT
txn_00942,pay_00942,ledger_00942,set_00942,MATCH
txn_00943,pay_00943,ledger_00943,set_00943,MATCH
txn_00944,pay_00944,ledger_00944,set_00944,MATCH
txn_00945,,ledger_00945,set_00945,MISSING_PAYMENT
txn_00946,pay_00946,ledger_00946,set_00946,MATCH
txn_00947,pay_00947,ledger_00947,set_00947,MATCH
txn_00948,pay_00948,ledger_00948,set_00948,MATCH
txn_00949,pay_00949,ledger_00949,set_00949,MATCH
txn_00950,pay_00950,ledger_00950,set_00950,AMBIGUOUS_MATCH
txn_00951,pay_00951,ledger_00951,set_00951,MATCH
txn_00952,pay_00952,,set_00952,MISSING_LEDGER
txn_00953,pay_00953,ledger_00953,set_00953,MATCH
txn_00954,pay_00954,ledger_00954,set_00954,MATCH
txn_00955,pay_00955,ledger_00955,set_00955,REFERENCE_CORRUPTION
txn_00956,pay_00956,ledger_00956,set_00956,MATCH
txn_00957,pay_00957,ledger_00957,set_00957,SETTLEMENT_MISMATCH
txn_00958,pay_00958,ledger_00958,set_00958,AMOUNT_MISMATCH
txn_00959,pay_00959,ledger_00959,set_00959,MATCH
txn_00960,,ledger_00960,set_00960,MISSING_PAYMENT
txn_00961,pay_00961,,set_00961,MISSING_LEDGER
txn_00962,pay_00962,ledger_00962,set_00962,MATCH
txn_00963,pay_00963,ledger_00963,set_00963,DUPLICATE_LEDGER
txn_00964,,ledger_00964,set_00964,MISSING_PAYMENT
txn_00965,pay_00965,ledger_00965,set_00965,MATCH
txn_00966,pay_00966,ledger_00966,set_00966,MATCH
txn_00967,pay_00967,ledger_00967,set_00967,MATCH
txn_00968,pay_00968,ledger_00968,set_00968,MATCH
txn_00969,pay_00969,ledger_00969,set_00969,MATCH
txn_00970,pay_00970,ledger_00970,set_00970,SETTLEMENT_MISMATCH
txn_00971,pay_00971,ledger_00971,set_00971,AMOUNT_MISMATCH
txn_00972,pay_00972,ledger_00972,set_00972,AMOUNT_MISMATCH
txn_00973,pay_00973,ledger_00973,set_00973,AMOUNT_MISMATCH
txn_00974,pay_00974,ledger_00974,set_00974,MATCH
txn_00975,pay_00975,ledger_00975,set_00975,MATCH
txn_00976,pay_00976,ledger_00976,set_00976,MATCH
txn_00977,pay_00977,ledger_00977,set_00977,MATCH
txn_00978,pay_00978,ledger_00978,set_00978,MATCH
txn_00979,pay_00979,ledger_00979,set_00979,MATCH
txn_00980,pay_00980,ledger_00980,set_00980,MATCH
txn_00981,pay_00981,ledger_00981,set_00981,MATCH
txn_00982,pay_00982,ledger_00982,set_00982,MATCH
txn_00983,pay_00983,ledger_00983,set_00983,MATCH
txn_00984,pay_00984,ledger_00984,set_00984,MATCH
txn_00985,pay_00985,ledger_00985,set_00985,MATCH
txn_00986,pay_00986,ledger_00986,set_00986,MATCH
txn_00987,pay_00987,ledger_00987,set_00987,MATCH
txn_00988,pay_00988,ledger_00988,set_00988,DUPLICATE_LEDGER
txn_00989,pay_00989,,set_00989,MISSING_LEDGER
txn_00990,pay_00990,ledger_00990,set_00990,AMOUNT_MISMATCH
txn_00991,pay_00991,ledger_00991,set_00991,MATCH
txn_00992,pay_00992,,set_00992,MISSING_LEDGER
txn_00993,pay_00993,ledger_00993,set_00993,MATCH
txn_00994,pay_00994,ledger_00994,set_00994,MATCH
txn_00995,pay_00995,ledger_00995,set_00995,MATCH
txn_00996,pay_00996,ledger_00996,set_00996,MATCH
txn_00997,pay_00997,,set_00997,MISSING_LEDGER
txn_00998,pay_00998,ledger_00998,set_00998,MATCH
txn_00999,pay_00999,ledger_00999,set_00999,MATCH
txn_01000,pay_01000,ledger_01000,set_01000,AMOUNT_MISMATCH
