payment_id,ledger_id,settlement_id,expected_status
pay_00001,led_00001,set_00001,MATCH
pay_00002,led_00002,set_00002,MATCH
pay_00003,led_00003,set_00003,MATCH
pay_00004,led_00004,set_00004,MATCH
pay_00005,led_00005,set_00005,MATCH
pay_00006,led_00006,set_00006,MATCH
pay_00007,led_00007,set_00007,MATCH
pay_00008,led_00008,set_00008,MATCH
pay_00009,led_00009,set_00009,MATCH
pay_00010,led_00010,set_00010,MATCH
pay_00011,led_00011,set_00011,MATCH
pay_00012,led_00012,set_00012,MATCH
pay_00013,led_00013,set_00013,MATCH
pay_00014,led_00014,set_00014,MATCH
pay_00015,led_00015,set_00015,MATCH
pay_00016,led_00016,set_00016,MATCH
pay_00017,led_00017,set_00017,MATCH
pay_00018,led_00018,set_00018,MATCH
pay_00019,led_00019,set_00019,MATCH
pay_00020,led_00020,set_00020,MATCH
pay_00021,led_00021,set_00021,MATCH
pay_00022,led_00022,set_00022,MATCH
pay_00023,led_00023,set_00023,MATCH
pay_00024,led_00024,set_00024,MATCH
pay_00025,led_00025,set_00025,MATCH
pay_00026,led_00026,set_00026,MATCH
pay_00027,led_00027,set_00027,MATCH
pay_00028,led_00028,set_00028,MATCH
pay_00029,led_00029,set_00029,MATCH
pay_00030,led_00030,set_00030,MATCH
pay_00031,led_00031,set_00031,MATCH
pay_00032,led_00032,set_00032,MATCH
pay_00033,led_00033,set_00033,MATCH
pay_00034,led_00034,set_00034,MATCH
pay_00035,led_00035,set_00035,MATCH
pay_00036,led_00036,set_00036,MATCH
pay_00037,led_00037,set_00037,MATCH
pay_00038,led_00038,set_00038,MATCH
pay_00039,led_00039,set_00039,MATCH
pay_00040,led_00040,set_00040,MATCH
pay_00041,led_00041,set_00041,MATCH
pay_00042,led_00042,set_00042,MATCH
pay_00043,led_00043,set_00043,MATCH
pay_00044,led_00044,set_00044,MATCH
pay_00045,led_00045,set_00045,MATCH
pay_00046,led_00046,set_00046,MATCH
pay_00047,led_00047,set_00047,MATCH
pay_00048,led_00048,set_00048,MATCH
pay_00049,led_00049,set_00049,MATCH
pay_00050,led_00050,set_00050,MATCH
pay_00051,led_00051,set_00051,MATCH
pay_00052,led_00052,set_00052,MATCH
pay_00053,led_00053,set_00053,MATCH
pay_00054,led_00054,set_00054,MATCH
pay_00055,led_00055,set_00055,MATCH
pay_00056,led_00056,set_00056,MATCH
pay_00057,led_00057,set_00057,MATCH
pay_00058,led_00058,set_00058,MATCH
pay_00059,led_00059,set_00059,MATCH
pay_00060,led_00060,set_00060,MATCH
pay_00061,led_00061,set_00061,MATCH
pay_00062,led_00062,set_00062,MATCH
pay_00063,led_00063,set_00063,MATCH
pay_00064,led_00064,set_00064,MATCH
pay_00065,led_00065,set_00065,MATCH
pay_00066,led_00066,set_00066,MATCH
pay_00067,led_00067,set_00067,MATCH
pay_00068,led_00068,set_00068,MATCH
pay_00069,led_00069,set_00069,MATCH
pay_00070,led_00070,set_00070,MATCH
pay_00071,led_00071,set_00071,MATCH
pay_00072,led_00072,set_00072,MATCH
pay_00073,led_00073,set_00073,MATCH
pay_00074,led_00074,set_00074,MATCH
pay_00075,led_00075,set_00075,MATCH
pay_00076,led_00076,set_00076,MATCH
pay_00077,led_00077,set_00077,MATCH
pay_00078,led_00078,set_00078,MATCH
pay_00079,led_00079,set_00079,MATCH
pay_00080,led_00080,set_00080,MATCH
pay_00081,led_00081,set_00081,MATCH
pay_00082,led_00082,set_00082,MATCH
pay_00083,led_00083,set_00083,MATCH
pay_00084,led_00084,set_00084,MATCH
pay_00085,led_00085,set_00085,MATCH
pay_00086,led_00086,set_00086,MATCH
pay_00087,led_00087,set_00087,MATCH
pay_00088,led_00088,set_00088,MATCH
pay_00089,led_00089,set_00089,MATCH
pay_00090,led_00090,set_00090,MATCH
pay_00091,led_00091,set_00091,MATCH
pay_00092,led_00092,set_00092,MATCH
pay_00093,led_00093,set_00093,MATCH
pay_00094,led_00094,set_00094,MATCH
pay_00095,led_00095,set_00095,MATCH
pay_00096,led_00096,set_00096,MATCH
pay_00097,led_00097,set_00097,MATCH
pay_00098,led_00098,set_00098,MATCH
pay_00099,led_00099,set_00099,MATCH
pay_00100,led_00100,set_00100,MATCH
pay_00101,led_00101,set_00101,MATCH
pay_00102,led_00102,set_00102,MATCH
pay_00103,led_00103,set_00103,MATCH
pay_00104,led_00104,set_00104,MATCH
pay_00105,led_00105,set_00105,MATCH
pay_00106,led_00106,set_00106,MATCH
pay_00107,led_00107,set_00107,MATCH
pay_00108,led_00108,set_00108,MATCH
pay_00109,led_00109,set_00109,MATCH
pay_00110,led_00110,set_00110,MATCH
pay_00111,led_00111,set_00111,MATCH
pay_00112,led_00112,set_00112,MATCH
pay_00113,led_00113,set_00113,MATCH
pay_00114,led_00114,set_00114,MATCH
pay_00115,led_00115,set_00115,MATCH
pay_00116,led_00116,set_00116,MATCH
pay_00117,led_00117,set_00117,MATCH
pay_00118,led_00118,set_00118,MATCH
pay_00119,led_00119,set_00119,MATCH
pay_00120,led_00120,set_00120,MATCH
pay_00121,led_00121,set_00121,MATCH
pay_00122,led_00122,set_00122,MATCH
pay_00123,led_00123,set_00123,MATCH
pay_00124,led_00124,set_00124,MATCH
pay_00125,led_00125,set_00125,MATCH
pay_00126,led_00126,set_00126,MATCH
pay_00127,led_00127,set_00127,MATCH
pay_00128,led_00128,set_00128,MATCH
pay_00129,led_00129,set_00129,MATCH
pay_00130,led_00130,set_00130,MATCH
pay_00131,led_00131,set_00131,MATCH
pay_00132,led_00132,set_00132,MATCH
pay_00133,led_00133,set_00133,MATCH
pay_00134,led_00134,set_00134,MATCH
pay_00135,led_00135,set_00135,MATCH
pay_00136,led_00136,set_00136,MATCH
pay_00137,led_00137,set_00137,MATCH
pay_00138,led_00138,set_00138,MATCH
pay_00139,led_00139,set_00139,MATCH
pay_00140,led_00140,set_00140,MATCH
pay_00141,led_00141,set_00141,MATCH
pay_00142,led_00142,set_00142,MATCH
pay_00143,led_00143,set_00143,MATCH
pay_00144,led_00144,set_00144,MATCH
pay_00145,led_00145,set_00145,MATCH
pay_00146,led_00146,set_00146,MATCH
pay_00147,led_00147,set_00147,MATCH
pay_00148,led_00148,set_00148,MATCH
pay_00149,led_00149,set_00149,MATCH
pay_00150,led_00150,set_00150,MATCH
pay_00151,led_00151,set_00151,MATCH
pay_00152,led_00152,set_00152,MATCH
pay_00153,led_00153,set_00153,MATCH
pay_00154,led_00154,set_00154,MATCH
pay_00155,led_00155,set_00155,MATCH
pay_00156,led_00156,set_00156,MATCH
pay_00157,led_00157,set_00157,MATCH
pay_00158,led_00158,set_00158,MATCH
pay_00159,led_00159,set_00159,MATCH
pay_00160,led_00160,set_00160,MATCH
pay_00161,led_00161,set_00161,MATCH
pay_00162,led_00162,set_00162,MATCH
pay_00163,led_00163,set_00163,MATCH
pay_00164,led_00164,set_00164,MATCH
pay_00165,led_00165,set_00165,MATCH
pay_00166,led_00166,set_00166,MATCH
pay_00167,led_00167,set_00167,MATCH
pay_00168,led_00168,set_00168,MATCH
pay_00169,led_00169,set_00169,MATCH
pay_00170,led_00170,set_00170,MATCH
pay_00171,led_00171,set_00171,MATCH
pay_00172,led_00172,set_00172,MATCH
pay_00173,led_00173,set_00173,MATCH
pay_00174,led_00174,set_00174,MATCH
pay_00175,led_00175,set_00175,MATCH
pay_00176,led_00176,set_00176,MATCH
pay_00177,led_00177,set_00177,MATCH
pay_00178,led_00178,set_00178,MATCH
pay_00179,led_00179,set_00179,MATCH
pay_00180,led_00180,set_00180,MATCH
pay_00181,led_00181,set_00181,MATCH
pay_00182,led_00182,set_00182,MATCH
pay_00183,led_00183,set_00183,MATCH
pay_00184,led_00184,set_00184,MATCH
pay_00185,led_00185,set_00185,MATCH
pay_00186,led_00186,set_00186,MATCH
pay_00187,led_00187,set_00187,MATCH
pay_00188,led_00188,set_00188,MATCH
pay_00189,led_00189,set_00189,MATCH
pay_00190,led_00190,set_00190,MATCH
pay_00191,led_00191,set_00191,MATCH
pay_00192,led_00192,set_00192,MATCH
pay_00193,led_00193,set_00193,MATCH
pay_00194,led_00194,set_00194,MATCH
pay_00195,led_00195,set_00195,MATCH
pay_00196,led_00196,set_00196,MATCH
pay_00197,led_00197,set_00197,MATCH
pay_00198,led_00198,set_00198,MATCH
pay_00199,led_00199,set_00199,MATCH
pay_00200,led_00200,set_00200,MATCH
pay_00201,led_00201,set_00201,MATCH
pay_00202,led_00202,set_00202,MATCH
pay_00203,led_00203,set_00203,MATCH
pay_00204,led_00204,set_00204,MATCH
pay_00205,led_00205,set_00205,MATCH
pay_00206,led_00206,set_00206,MATCH
pay_00207,led_00207,set_00207,MATCH
pay_00208,led_00208,set_00208,MATCH
pay_00209,led_00209,set_00209,MATCH
pay_00210,led_00210,set_00210,MATCH
pay_00211,led_00211,set_00211,MATCH
pay_00212,led_00212,set_00212,MATCH
pay_00213,led_00213,set_00213,MATCH
pay_00214,led_00214,set_00214,MATCH
pay_00215,led_00215,set_00215,MATCH
pay_00216,led_00216,set_00216,MATCH
pay_00217,led_00217,set_00217,MATCH
pay_00218,led_00218,set_00218,MATCH
pay_00219,led_00219,set_00219,MATCH
pay_00220,led_00220,set_00220,MATCH
pay_00221,led_00221,set_00221,MATCH
pay_00222,led_00222,set_00222,MATCH
pay_00223,led_00223,set_00223,MATCH
pay_00224,led_00224,set_00224,MATCH
pay_00225,led_00225,set_00225,MATCH
pay_00226,led_00226,set_00226,MATCH
pay_00227,led_00227,set_00227,MATCH
pay_00228,led_00228,set_00228,MATCH
pay_00229,led_00229,set_00229,MATCH
pay_00230,led_00230,set_00230,MATCH
pay_00231,led_00231,set_00231,MATCH
pay_00232,led_00232,set_00232,MATCH
pay_00233,led_00233,set_00233,MATCH
pay_00234,led_00234,set_00234,MATCH
pay_00235,led_00235,set_00235,MATCH
pay_00236,led_00236,set_00236,MATCH
pay_00237,led_00237,set_00237,MATCH
pay_00238,led_00238,set_00238,MATCH
pay_00239,led_00239,set_00239,MATCH
pay_00240,led_00240,set_00240,MATCH
pay_00241,led_00241,set_00241,MATCH
pay_00242,led_00242,set_00242,MATCH
pay_00243,led_00243,set_00243,MATCH
pay_00244,led_00244,set_00244,MATCH
pay_00245,led_00245,set_00245,MATCH
pay_00246,led_00246,set_00246,MATCH
pay_00247,led_00247,set_00247,MATCH
pay_00248,led_00248,set_00248,MATCH
pay_00249,led_00249,set_00249,MATCH
pay_00250,led_00250,set_00250,MATCH
pay_00251,led_00251,set_00251,MATCH
pay_00252,led_00252,set_00252,MATCH
pay_00253,led_00253,set_00253,MATCH
pay_00254,led_00254,set_00254,MATCH
pay_00255,led_00255,set_00255,MATCH
pay_00256,led_00256,set_00256,MATCH
pay_00257,led_00257,set_00257,MATCH
pay_00258,led_00258,set_00258,MATCH
pay_00259,led_00259,set_00259,MATCH
pay_00260,led_00260,set_00260,MATCH
pay_00261,led_00261,set_00261,MATCH
pay_00262,led_00262,set_00262,MATCH
pay_00263,led_00263,set_00263,MATCH
pay_00264,led_00264,set_00264,MATCH
pay_00265,led_00265,set_00265,MATCH
pay_00266,led_00266,set_00266,MATCH
pay_00267,led_00267,set_00267,MATCH
pay_00268,led_00268,set_00268,MATCH
pay_00269,led_00269,set_00269,MATCH
pay_00270,led_00270,set_00270,MATCH
pay_00271,led_00271,set_00271,MATCH
pay_00272,led_00272,set_00272,MATCH
pay_00273,led_00273,set_00273,MATCH
pay_00274,led_00274,set_00274,MATCH
pay_00275,led_00275,set_00275,MATCH
pay_00276,led_00276,set_00276,MATCH
pay_00277,led_00277,set_00277,MATCH
pay_00278,led_00278,set_00278,MATCH
pay_00279,led_00279,set_00279,MATCH
pay_00280,led_00280,set_00280,MATCH
pay_00281,led_00281,set_00281,MATCH
pay_00282,led_00282,set_00282,MATCH
pay_00283,led_00283,set_00283,MATCH
pay_00284,led_00284,set_00284,MATCH
pay_00285,led_00285,set_00285,MATCH
pay_00286,led_00286,set_00286,MATCH
pay_00287,led_00287,set_00287,MATCH
pay_00288,led_00288,set_00288,MATCH
pay_00289,led_00289,set_00289,MATCH
pay_00290,led_00290,set_00290,MATCH
pay_00291,led_00291,set_00291,MATCH
pay_00292,led_00292,set_00292,MATCH
pay_00293,led_00293,set_00293,MATCH
pay_00294,led_00294,set_00294,MATCH
pay_00295,led_00295,set_00295,MATCH
pay_00296,led_00296,set_00296,MATCH
pay_00297,led_00297,set_00297,MATCH
pay_00298,led_00298,set_00298,MATCH
pay_00299,led_00299,set_00299,MATCH
pay_00300,led_00300,set_00300,MATCH
pay_00301,led_00301,set_00301,MATCH
pay_00302,led_00302,set_00302,MATCH
pay_00303,led_00303,set_00303,MATCH
pay_00304,led_00304,set_00304,MATCH
pay_00305,led_00305,set_00305,MATCH
pay_00306,led_00306,set_00306,MATCH
pay_00307,led_00307,set_00307,MATCH
pay_00308,led_00308,set_00308,MATCH
pay_00309,led_00309,set_00309,MATCH
pay_00310,led_00310,set_00310,MATCH
pay_00311,led_00311,set_00311,MATCH
pay_00312,led_00312,set_00312,MATCH
pay_00313,led_00313,set_00313,MATCH
pay_00314,led_00314,set_00314,MATCH
pay_00315,led_00315,set_00315,MATCH
pay_00316,led_00316,set_00316,MATCH
pay_00317,led_00317,set_00317,MATCH
pay_00318,led_00318,set_00318,MATCH
pay_00319,led_00319,set_00319,MATCH
pay_00320,led_00320,set_00320,MATCH
pay_00321,led_00321,set_00321,MATCH
pay_00322,led_00322,set_00322,MATCH
pay_00323,led_00323,set_00323,MATCH
pay_00324,led_00324,set_00324,MATCH
pay_00325,led_00325,set_00325,MATCH
pay_00326,led_00326,set_00326,MATCH
pay_00327,led_00327,set_00327,MATCH
pay_00328,led_00328,set_00328,MATCH
pay_00329,led_00329,set_00329,MATCH
pay_00330,led_00330,set_00330,MATCH
pay_00331,led_00331,set_00331,MATCH
pay_00332,led_00332,set_00332,MATCH
pay_00333,led_00333,set_00333,MATCH
pay_00334,led_00334,set_00334,MATCH
pay_00335,led_00335,set_00335,MATCH
pay_00336,led_00336,set_00336,MATCH
pay_00337,led_00337,set_00337,MATCH
pay_00338,led_00338,set_00338,MATCH
pay_00339,led_00339,set_00339,MATCH
pay_00340,led_00340,set_00340,MATCH
pay_00341,led_00341,set_00341,MATCH
pay_00342,led_00342,set_00342,MATCH
pay_00343,led_00343,set_00343,MATCH
pay_00344,led_00344,set_00344,MATCH
pay_00345,led_00345,set_00345,MATCH
pay_00346,led_00346,set_00346,MATCH
pay_00347,led_00347,set_00347,MATCH
pay_00348,led_00348,set_00348,MATCH
pay_00349,led_00349,set_00349,MATCH
pay_00350,led_00350,set_00350,MATCH
pay_00351,led_00351,set_00351,MATCH
pay_00352,led_00352,set_00352,MATCH
pay_00353,led_00353,set_00353,MATCH
pay_00354,led_00354,set_00354,MATCH
pay_00355,led_00355,set_00355,MATCH
pay_00356,led_00356,set_00356,MATCH
pay_00357,led_00357,set_00357,MATCH
pay_00358,led_00358,set_00358,MATCH
pay_00359,led_00359,set_00359,MATCH
pay_00360,led_00360,set_00360,MATCH
pay_00361,led_00361,set_00361,MATCH
pay_00362,led_00362,set_00362,MATCH
pay_00363,led_00363,set_00363,MATCH
pay_00364,led_00364,set_00364,MATCH
pay_00365,led_00365,set_00365,MATCH
pay_00366,led_00366,set_00366,MATCH
pay_00367,led_00367,set_00367,MATCH
pay_00368,led_00368,set_00368,MATCH
pay_00369,led_00369,set_00369,MATCH
pay_00370,led_00370,set_00370,MATCH
pay_00371,led_00371,set_00371,MATCH
pay_00372,led_00372,set_00372,MATCH
pay_00373,led_00373,set_00373,MATCH
pay_00374,led_00374,set_00374,MATCH
pay_00375,led_00375,set_00375,MATCH
pay_00376,led_00376,set_00376,MATCH
pay_00377,led_00377,set_00377,MATCH
pay_00378,led_00378,set_00378,MATCH
pay_00379,led_00379,set_00379,MATCH
pay_00380,led_00380,set_00380,MATCH
pay_00381,led_00381,set_00381,MATCH
pay_00382,led_00382,set_00382,MATCH
pay_00383,led_00383,set_00383,MATCH
pay_00384,led_00384,set_00384,MATCH
pay_00385,led_00385,set_00385,MATCH
pay_00386,led_00386,set_00386,MATCH
pay_00387,led_00387,set_00387,MATCH
pay_00388,led_00388,set_00388,MATCH
pay_00389,led_00389,set_00389,MATCH
pay_00390,led_00390,set_00390,MATCH
pay_00391,led_00391,set_00391,MATCH
pay_00392,led_00392,set_00392,MATCH
pay_00393,led_00393,set_00393,MATCH
pay_00394,led_00394,set_00394,MATCH
pay_00395,led_00395,set_00395,MATCH
pay_00396,led_00396,set_00396,MATCH
pay_00397,led_00397,set_00397,MATCH
pay_00398,led_00398,set_00398,MATCH
pay_00399,led_00399,set_00399,MATCH
pay_00400,led_00400,set_00400,MATCH
pay_00401,led_00401,set_00401,MATCH
pay_00402,led_00402,set_00402,MATCH
pay_00403,led_00403,set_00403,MATCH
pay_00404,led_00404,set_00404,MATCH
pay_00405,led_00405,set_00405,MATCH
pay_00406,led_00406,set_00406,MATCH
pay_00407,led_00407,set_00407,MATCH
pay_00408,led_00408,set_00408,MATCH
pay_00409,led_00409,set_00409,MATCH
pay_00410,led_00410,set_00410,MATCH
pay_00411,led_00411,set_00411,MATCH
pay_00412,led_00412,set_00412,MATCH
pay_00413,led_00413,set_00413,MATCH
pay_00414,led_00414,set_00414,MATCH
pay_00415,led_00415,set_00415,MATCH
pay_00416,led_00416,set_00416,MATCH
pay_00417,led_00417,set_00417,MATCH
pay_00418,led_00418,set_00418,MATCH
pay_00419,led_00419,set_00419,MATCH
pay_00420,led_00420,set_00420,MATCH
pay_00421,led_00421,set_00421,MATCH
pay_00422,led_00422,set_00422,MATCH
pay_00423,led_00423,set_00423,MATCH
pay_00424,led_00424,set_00424,MATCH
pay_00425,led_00425,set_00425,MATCH
pay_00426,led_00426,set_00426,MATCH
pay_00427,led_00427,set_00427,MATCH
pay_00428,led_00428,set_00428,MATCH
pay_00429,led_00429,set_00429,MATCH
pay_00430,led_00430,set_00430,MATCH
pay_00431,led_00431,set_00431,MATCH
pay_00432,led_00432,set_00432,MATCH
pay_00433,led_00433,set_00433,MATCH
pay_00434,led_00434,set_00434,MATCH
pay_00435,led_00435,set_00435,MATCH
pay_00436,led_00436,set_00436,MATCH
pay_00437,led_00437,set_00437,MATCH
pay_00438,led_00438,set_00438,MATCH
pay_00439,led_00439,set_00439,MATCH
pay_00440,led_00440,set_00440,MATCH
pay_00441,led_00441,set_00441,MATCH
pay_00442,led_00442,set_00442,MATCH
pay_00443,led_00443,set_00443,MATCH
pay_00444,led_00444,set_00444,MATCH
pay_00445,led_00445,set_00445,MATCH
pay_00446,led_00446,set_00446,MATCH
pay_00447,led_00447,set_00447,MATCH
pay_00448,led_00448,set_00448,MATCH
pay_00449,led_00449,set_00449,MATCH
pay_00450,led_00450,set_00450,MATCH
pay_00451,led_00451,set_00451,MATCH
pay_00452,led_00452,set_00452,MATCH
pay_00453,led_00453,set_00453,MATCH
pay_00454,led_00454,set_00454,MATCH
pay_00455,led_00455,set_00455,MATCH
pay_00456,led_00456,set_00456,MATCH
pay_00457,led_00457,set_00457,MATCH
pay_00458,led_00458,set_00458,MATCH
pay_00459,led_00459,set_00459,MATCH
pay_00460,led_00460,set_00460,MATCH
pay_00461,led_00461,set_00461,MATCH
pay_00462,led_00462,set_00462,MATCH
pay_00463,led_00463,set_00463,MATCH
pay_00464,led_00464,set_00464,MATCH
pay_00465,led_00465,set_00465,MATCH
pay_00466,led_00466,set_00466,MATCH
pay_00467,led_00467,set_00467,MATCH
pay_00468,led_00468,set_00468,MATCH
pay_00469,led_00469,set_00469,MATCH
pay_00470,led_00470,set_00470,MATCH
pay_00471,led_00471,set_00471,MATCH
pay_00472,led_00472,set_00472,MATCH
pay_00473,led_00473,set_00473,MATCH
pay_00474,led_00474,set_00474,MATCH
pay_00475,led_00475,set_00475,MATCH
pay_00476,led_00476,set_00476,MATCH
pay_00477,led_00477,set_00477,MATCH
pay_00478,led_00478,set_00478,MATCH
pay_00479,led_00479,set_00479,MATCH
pay_00480,led_00480,set_00480,MATCH
pay_00481,led_00481,set_00481,MATCH
pay_00482,led_00482,set_00482,MATCH
pay_00483,led_00483,set_00483,MATCH
pay_00484,led_00484,set_00484,MATCH
pay_00485,led_00485,set_00485,MATCH
pay_00486,led_00486,set_00486,MATCH
pay_00487,led_00487,set_00487,MATCH
pay_00488,led_00488,set_00488,MATCH
pay_00489,led_00489,set_00489,MATCH
pay_00490,led_00490,set_00490,MATCH
pay_00491,led_00491,set_00491,MATCH
pay_00492,led_00492,set_00492,MATCH
pay_00493,led_00493,set_00493,MATCH
pay_00494,led_00494,set_00494,MATCH
pay_00495,led_00495,set_00495,MATCH
pay_00496,led_00496,set_00496,MATCH
pay_00497,led_00497,set_00497,MATCH
pay_00498,led_00498,set_00498,MATCH
pay_00499,led_00499,set_00499,MATCH
pay_00500,led_00500,set_00500,MATCH
pay_00501,led_00501,set_00501,MATCH
pay_00502,led_00502,set_00502,MATCH
pay_00503,led_00503,set_00503,MATCH
pay_00504,led_00504,set_00504,MATCH
pay_00505,led_00505,set_00505,MATCH
pay_00506,led_00506,set_00506,MATCH
pay_00507,led_00507,set_00507,MATCH
pay_00508,led_00508,set_00508,MATCH
pay_00509,led_00509,set_00509,MATCH
pay_00510,led_00510,set_00510,MATCH
pay_00511,led_00511,set_00511,MATCH
pay_00512,led_00512,set_00512,MATCH
pay_00513,led_00513,set_00513,MATCH
pay_00514,led_00514,set_00514,MATCH
pay_00515,led_00515,set_00515,MATCH
pay_00516,led_00516,set_00516,MATCH
pay_00517,led_00517,set_00517,MATCH
pay_00518,led_00518,set_00518,MATCH
pay_00519,led_00519,set_00519,MATCH
pay_00520,led_00520,set_00520,MATCH
pay_00521,led_00521,set_00521,MATCH
pay_00522,led_00522,set_00522,MATCH
pay_00523,led_00523,set_00523,MATCH
pay_00524,led_00524,set_00524,MATCH
pay_00525,led_00525,set_00525,MATCH
pay_00526,led_00526,set_00526,MATCH
pay_00527,led_00527,set_00527,MATCH
pay_00528,led_00528,set_00528,MATCH
pay_00529,led_00529,set_00529,MATCH
pay_00530,led_00530,set_00530,MATCH
pay_00531,led_00531,set_00531,MATCH
pay_00532,led_00532,set_00532,MATCH
pay_00533,led_00533,set_00533,MATCH
pay_00534,led_00534,set_00534,MATCH
pay_00535,led_00535,set_00535,MATCH
pay_00536,led_00536,set_00536,MATCH
pay_00537,led_00537,set_00537,MATCH
pay_00538,led_00538,set_00538,MATCH
pay_00539,led_00539,set_00539,MATCH
pay_00540,led_00540,set_00540,MATCH
pay_00541,led_00541,set_00541,MATCH
pay_00542,led_00542,set_00542,MATCH
pay_00543,led_00543,set_00543,MATCH
pay_00544,led_00544,set_00544,MATCH
pay_00545,led_00545,set_00545,MATCH
pay_00546,led_00546,set_00546,MATCH
pay_00547,led_00547,set_00547,MATCH
pay_00548,led_00548,set_00548,MATCH
pay_00549,led_00549,set_00549,MATCH
pay_00550,led_00550,set_00550,MATCH
pay_00551,led_00551,set_00551,MATCH
pay_00552,led_00552,set_00552,MATCH
pay_00553,led_00553,set_00553,MATCH
pay_00554,led_00554,set_00554,MATCH
pay_00555,led_00555,set_00555,MATCH
pay_00556,led_00556,set_00556,MATCH
pay_00557,led_00557,set_00557,MATCH
pay_00558,led_00558,set_00558,MATCH
pay_00559,led_00559,set_00559,MATCH
pay_00560,led_00560,set_00560,MATCH
pay_00561,led_00561,set_00561,MATCH
pay_00562,led_00562,set_00562,MATCH
pay_00563,led_00563,set_00563,MATCH
pay_00564,led_00564,set_00564,MATCH
pay_00565,led_00565,set_00565,MATCH
pay_00566,led_00566,set_00566,MATCH
pay_00567,led_00567,set_00567,MATCH
pay_00568,led_00568,set_00568,MATCH
pay_00569,led_00569,set_00569,MATCH
pay_00570,led_00570,set_00570,MATCH
pay_00571,led_00571,set_00571,MATCH
pay_00572,led_00572,set_00572,MATCH
pay_00573,led_00573,set_00573,MATCH
pay_00574,led_00574,set_00574,MATCH
pay_00575,led_00575,set_00575,MATCH
pay_00576,led_00576,set_00576,MATCH
pay_00577,led_00577,set_00577,MATCH
pay_00578,led_00578,set_00578,MATCH
pay_00579,led_00579,set_00579,MATCH
pay_00580,led_00580,set_00580,MATCH
pay_00581,led_00581,set_00581,MATCH
pay_00582,led_00582,set_00582,MATCH
pay_00583,led_00583,set_00583,MATCH
pay_00584,led_00584,set_00584,MATCH
pay_00585,led_00585,set_00585,MATCH
pay_00586,led_00586,set_00586,MATCH
pay_00587,led_00587,set_00587,MATCH
pay_00588,led_00588,set_00588,MATCH
pay_00589,led_00589,set_00589,MATCH
pay_00590,led_00590,set_00590,MATCH
pay_00591,led_00591,set_00591,MATCH
pay_00592,led_00592,set_00592,MATCH
pay_00593,led_00593,set_00593,MATCH
pay_00594,led_00594,set_00594,MATCH
pay_00595,led_00595,set_00595,MATCH
pay_00596,led_00596,set_00596,MATCH
pay_00597,led_00597,set_00597,MATCH
pay_00598,led_00598,set_00598,MATCH
pay_00599,led_00599,set_00599,MATCH
pay_00600,led_00600,set_00600,MATCH
pay_00601,led_00601,set_00601,MATCH
pay_00602,led_00602,set_00602,MATCH
pay_00603,led_00603,set_00603,MATCH
pay_00604,led_00604,set_00604,MATCH
pay_00605,led_00605,set_00605,MATCH
pay_00606,led_00606,set_00606,MATCH
pay_00607,led_00607,set_00607,MATCH
pay_00608,led_00608,set_00608,MATCH
pay_00609,led_00609,set_00609,MATCH
pay_00610,led_00610,set_00610,MATCH
pay_00611,led_00611,set_00611,MATCH
pay_00612,led_00612,set_00612,MATCH
pay_00613,led_00613,set_00613,MATCH
pay_00614,led_00614,set_00614,MATCH
pay_00615,led_00615,set_00615,MATCH
pay_00616,led_00616,set_00616,MATCH
pay_00617,led_00617,set_00617,MATCH
pay_00618,led_00618,set_00618,MATCH
pay_00619,led_00619,set_00619,MATCH
pay_00620,led_00620,set_00620,MATCH
pay_00621,led_00621,set_00621,MATCH
pay_00622,led_00622,set_00622,MATCH
pay_00623,led_00623,set_00623,MATCH
pay_00624,led_00624,set_00624,MATCH
pay_00625,led_00625,set_00625,MATCH
pay_00626,led_00626,set_00626,MATCH
pay_00627,led_00627,set_00627,MATCH
pay_00628,led_00628,set_00628,MATCH
pay_00629,led_00629,set_00629,MATCH
pay_00630,led_00630,set_00630,MATCH
pay_00631,led_00631,set_00631,MATCH
pay_00632,led_00632,set_00632,MATCH
pay_00633,led_00633,set_00633,MATCH
pay_00634,led_00634,set_00634,MATCH
pay_00635,led_00635,set_00635,MATCH
pay_00636,led_00636,set_00636,MATCH
pay_00637,led_00637,set_00637,MATCH
pay_00638,led_00638,set_00638,MATCH
pay_00639,led_00639,set_00639,MATCH
pay_00640,led_00640,set_00640,MATCH
pay_00641,led_00641,set_00641,MATCH
pay_00642,led_00642,set_00642,MATCH
pay_00643,led_00643,set_00643,MATCH
pay_00644,led_00644,set_00644,MATCH
pay_00645,led_00645,set_00645,MATCH
pay_00646,led_00646,set_00646,MATCH
pay_00647,led_00647,set_00647,MATCH
pay_00648,led_00648,set_00648,MATCH
pay_00649,led_00649,set_00649,MATCH
pay_00650,led_00650,set_00650,MATCH
pay_00651,led_00651,set_00651,MATCH
pay_00652,led_00652,set_00652,MATCH
pay_00653,led_00653,set_00653,MATCH
pay_00654,led_00654,set_00654,MATCH
pay_00655,led_00655,set_00655,MATCH
pay_00656,led_00656,set_00656,MATCH
pay_00657,led_00657,set_00657,MATCH
pay_00658,led_00658,set_00658,MATCH
pay_00659,led_00659,set_00659,MATCH
pay_00660,led_00660,set_00660,MATCH
pay_00661,led_00661,set_00661,MATCH
pay_00662,led_00662,set_00662,MATCH
pay_00663,led_00663,set_00663,MATCH
pay_00664,led_00664,set_00664,MATCH
pay_00665,led_00665,set_00665,MATCH
pay_00666,led_00666,set_00666,MATCH
pay_00667,led_00667,set_00667,MATCH
pay_00668,led_00668,set_00668,MATCH
pay_00669,led_00669,set_00669,MATCH
pay_00670,led_00670,set_00670,MATCH
pay_00671,led_00671,set_00671,MATCH
pay_00672,led_00672,set_00672,MATCH
pay_00673,led_00673,set_00673,MATCH
pay_00674,led_00674,set_00674,MATCH
pay_00675,led_00675,set_00675,MATCH
pay_00676,led_00676,set_00676,MATCH
pay_00677,led_00677,set_00677,MATCH
pay_00678,led_00678,set_00678,MATCH
pay_00679,led_00679,set_00679,MATCH
pay_00680,led_00680,set_00680,MATCH
pay_00681,led_00681,set_00681,MATCH
pay_00682,led_00682,set_00682,MATCH
pay_00683,led_00683,set_00683,MATCH
pay_00684,led_00684,set_00684,MATCH
pay_00685,led_00685,set_00685,MATCH
pay_00686,led_00686,set_00686,MATCH
pay_00687,led_00687,set_00687,MATCH
pay_00688,led_00688,set_00688,MATCH
pay_00689,led_00689,set_00689,MATCH
pay_00690,led_00690,set_00690,MATCH
pay_00691,led_00691,set_00691,MATCH
pay_00692,led_00692,set_00692,MATCH
pay_00693,led_00693,set_00693,MATCH
pay_00694,led_00694,set_00694,MATCH
pay_00695,led_00695,set_00695,MATCH
pay_00696,led_00696,set_00696,MATCH
pay_00697,led_00697,set_00697,MATCH
pay_00698,led_00698,set_00698,MATCH
pay_00699,led_00699,set_00699,MATCH
pay_00700,led_00700,set_00700,MATCH
pay_00701,led_00701,set_00701,MATCH
pay_00702,led_00702,set_00702,MATCH
pay_00703,led_00703,set_00703,MATCH
pay_00704,led_00704,set_00704,MATCH
pay_00705,led_00705,set_00705,MATCH
pay_00706,led_00706,set_00706,MATCH
pay_00707,led_00707,set_00707,MATCH
pay_00708,led_00708,set_00708,MATCH
pay_00709,led_00709,set_00709,MATCH
pay_00710,led_00710,set_00710,MATCH
pay_00711,led_00711,set_00711,MATCH
pay_00712,led_00712,set_00712,MATCH
pay_00713,led_00713,set_00713,MATCH
pay_00714,led_00714,set_00714,MATCH
pay_00715,led_00715,set_00715,MATCH
pay_00716,led_00716,set_00716,MATCH
pay_00717,led_00717,set_00717,MATCH
pay_00718,led_00718,set_00718,MATCH
pay_00719,led_00719,set_00719,MATCH
pay_00720,led_00720,set_00720,MATCH
pay_00721,led_00721,set_00721,MATCH
pay_00722,led_00722,set_00722,MATCH
pay_00723,led_00723,set_00723,MATCH
pay_00724,led_00724,set_00724,MATCH
pay_00725,led_00725,set_00725,MATCH
pay_00726,led_00726,set_00726,MATCH
pay_00727,led_00727,set_00727,MATCH
pay_00728,led_00728,set_00728,MATCH
pay_00729,led_00729,set_00729,MATCH
pay_00730,led_00730,set_00730,MATCH
pay_00731,led_00731,set_00731,MATCH
pay_00732,led_00732,set_00732,MATCH
pay_00733,led_00733,set_00733,MATCH
pay_00734,led_00734,set_00734,MATCH
pay_00735,led_00735,set_00735,MATCH
pay_00736,led_00736,set_00736,MATCH
pay_00737,led_00737,set_00737,MATCH
pay_00738,led_00738,set_00738,MATCH
pay_00739,led_00739,set_00739,MATCH
pay_00740,led_00740,set_00740,MATCH
pay_00741,led_00741,set_00741,MATCH
pay_00742,led_00742,set_00742,MATCH
pay_00743,led_00743,set_00743,MATCH
pay_00744,led_00744,set_00744,MATCH
pay_00745,led_00745,set_00745,MATCH
pay_00746,led_00746,set_00746,MATCH
pay_00747,led_00747,set_00747,MATCH
pay_00748,led_00748,set_00748,MATCH
pay_00749,led_00749,set_00749,MATCH
pay_00750,led_00750,set_00750,MATCH
pay_00751,led_00751,set_00751,MATCH
pay_00752,led_00752,set_00752,MATCH
pay_00753,led_00753,set_00753,MATCH
pay_00754,led_00754,set_00754,MATCH
pay_00755,led_00755,set_00755,MATCH
pay_00756,led_00756,set_00756,MATCH
pay_00757,led_00757,set_00757,MATCH
pay_00758,led_00758,set_00758,MATCH
pay_00759,led_00759,set_00759,MATCH
pay_00760,led_00760,set_00760,MATCH
pay_00761,led_00761,set_00761,MATCH
pay_00762,led_00762,set_00762,MATCH
pay_00763,led_00763,set_00763,MATCH
pay_00764,led_00764,set_00764,MATCH
pay_00765,led_00765,set_00765,MATCH
pay_00766,led_00766,set_00766,MATCH
pay_00767,led_00767,set_00767,MATCH
pay_00768,led_00768,set_00768,MATCH
pay_00769,led_00769,set_00769,MATCH
pay_00770,led_00770,set_00770,MATCH
pay_00771,led_00771,set_00771,MATCH
pay_00772,led_00772,set_00772,MATCH
pay_00773,led_00773,set_00773,MATCH
pay_00774,led_00774,set_00774,MATCH
pay_00775,led_00775,set_00775,MATCH
pay_00776,led_00776,set_00776,MATCH
pay_00777,led_00777,set_00777,MATCH
pay_00778,led_00778,set_00778,MATCH
pay_00779,led_00779,set_00779,MATCH
pay_00780,led_00780,set_00780,MATCH
pay_00781,led_00781,set_00781,MATCH
pay_00782,led_00782,set_00782,MATCH
pay_00783,led_00783,set_00783,MATCH
pay_00784,led_00784,set_00784,MATCH
pay_00785,led_00785,set_00785,MATCH
pay_00786,led_00786,set_00786,MATCH
pay_00787,led_00787,set_00787,MATCH
pay_00788,led_00788,set_00788,MATCH
pay_00789,led_00789,set_00789,MATCH
pay_00790,led_00790,set_00790,MATCH
pay_00791,led_00791,set_00791,MATCH
pay_00792,led_00792,set_00792,MATCH
pay_00793,led_00793,set_00793,MATCH
pay_00794,led_00794,set_00794,MATCH
pay_00795,led_00795,set_00795,MATCH
pay_00796,led_00796,set_00796,MATCH
pay_00797,led_00797,set_00797,MATCH
pay_00798,led_00798,set_00798,MATCH
pay_00799,led_00799,set_00799,MATCH
pay_00800,led_00800,set_00800,MATCH
pay_00801,led_00801,set_00801,MATCH
pay_00802,led_00802,set_00802,MATCH
pay_00803,led_00803,set_00803,MATCH
pay_00804,led_00804,set_00804,MATCH
pay_00805,led_00805,set_00805,MATCH
pay_00806,led_00806,set_00806,MATCH
pay_00807,led_00807,set_00807,MATCH
pay_00808,led_00808,set_00808,MATCH
pay_00809,led_00809,set_00809,MATCH
pay_00810,led_00810,set_00810,MATCH
pay_00811,led_00811,set_00811,MATCH
pay_00812,led_00812,set_00812,MATCH
pay_00813,led_00813,set_00813,MATCH
pay_00814,led_00814,set_00814,MATCH
pay_00815,led_00815,set_00815,MATCH
pay_00816,led_00816,set_00816,MATCH
pay_00817,led_00817,set_00817,MATCH
pay_00818,led_00818,set_00818,MATCH
pay_00819,led_00819,set_00819,MATCH
pay_00820,led_00820,set_00820,MATCH
pay_00821,led_00821,set_00821,MATCH
pay_00822,led_00822,set_00822,MATCH
pay_00823,led_00823,set_00823,MATCH
pay_00824,led_00824,set_00824,MATCH
pay_00825,led_00825,set_00825,MATCH
pay_00826,led_00826,set_00826,MATCH
pay_00827,led_00827,set_00827,MATCH
pay_00828,led_00828,set_00828,MATCH
pay_00829,led_00829,set_00829,MATCH
pay_00830,led_00830,set_00830,MATCH
pay_00831,led_00831,set_00831,MATCH
pay_00832,led_00832,set_00832,MATCH
pay_00833,led_00833,set_00833,MATCH
pay_00834,led_00834,set_00834,MATCH
pay_00835,led_00835,set_00835,MATCH
pay_00836,led_00836,set_00836,MATCH
pay_00837,led_00837,set_00837,MATCH
pay_00838,led_00838,set_00838,MATCH
pay_00839,led_00839,set_00839,MATCH
pay_00840,led_00840,set_00840,MATCH
pay_00841,led_00841,set_00841,MATCH
pay_00842,led_00842,set_00842,MATCH
pay_00843,led_00843,set_00843,MATCH
pay_00844,led_00844,set_00844,MATCH
pay_00845,led_00845,set_00845,MATCH
pay_00846,led_00846,set_00846,MATCH
pay_00847,led_00847,set_00847,MATCH
pay_00848,led_00848,set_00848,MATCH
pay_00849,led_00849,set_00849,MATCH
pay_00850,led_00850,set_00850,MATCH
pay_00851,led_00851,set_00851,MATCH
pay_00852,led_00852,set_00852,MATCH
pay_00853,led_00853,set_00853,MATCH
pay_00854,led_00854,set_00854,MATCH
pay_00855,led_00855,set_00855,MATCH
pay_00856,led_00856,set_00856,MATCH
pay_00857,led_00857,set_00857,MATCH
pay_00858,led_00858,set_00858,MATCH
pay_00859,led_00859,set_00859,MATCH
pay_00860,led_00860,set_00860,MATCH
pay_00861,led_00861,set_00861,MATCH
pay_00862,led_00862,set_00862,MATCH
pay_00863,led_00863,set_00863,MATCH
pay_00864,led_00864,set_00864,MATCH
pay_00865,led_00865,set_00865,MATCH
pay_00866,led_00866,set_00866,MATCH
pay_00867,led_00867,set_00867,MATCH
pay_00868,led_00868,set_00868,MATCH
pay_00869,led_00869,set_00869,MATCH
pay_00870,led_00870,set_00870,MATCH
pay_00871,led_00871,set_00871,MATCH
pay_00872,led_00872,set_00872,MATCH
pay_00873,led_00873,set_00873,MATCH
pay_00874,led_00874,set_00874,MATCH
pay_00875,led_00875,set_00875,MATCH
pay_00876,led_00876,set_00876,MATCH
pay_00877,led_00877,set_00877,MATCH
pay_00878,led_00878,set_00878,MATCH
pay_00879,led_00879,set_00879,MATCH
pay_00880,led_00880,set_00880,MATCH
pay_00881,led_00881,set_00881,MATCH
pay_00882,led_00882,set_00882,MATCH
pay_00883,led_00883,set_00883,MATCH
pay_00884,led_00884,set_00884,MATCH
pay_00885,led_00885,set_00885,MATCH
pay_00886,led_00886,set_00886,MATCH
pay_00887,led_00887,set_00887,MATCH
pay_00888,led_00888,set_00888,MATCH
pay_00889,led_00889,set_00889,MATCH
pay_00890,led_00890,set_00890,MATCH
pay_00891,led_00891,set_00891,MATCH
pay_00892,led_00892,set_00892,MATCH
pay_00893,led_00893,set_00893,MATCH
pay_00894,led_00894,set_00894,MATCH
pay_00895,led_00895,set_00895,MATCH
pay_00896,led_00896,set_00896,MATCH
pay_00897,led_00897,set_00897,MATCH
pay_00898,led_00898,set_00898,MATCH
pay_00899,led_00899,set_00899,MATCH
pay_00900,led_00900,set_00900,MATCH
pay_00901,led_00901,set_00901,MATCH
pay_00902,led_00902,set_00902,MATCH
pay_00903,led_00903,set_00903,MATCH
pay_00904,led_00904,set_00904,MATCH
pay_00905,led_00905,set_00905,MATCH
pay_00906,led_00906,set_00906,MATCH
pay_00907,led_00907,set_00907,MATCH
pay_00908,led_00908,set_00908,MATCH
pay_00909,led_00909,set_00909,MATCH
pay_00910,led_00910,set_00910,MATCH
pay_00911,led_00911,set_00911,MATCH
pay_00912,led_00912,set_00912,MATCH
pay_00913,led_00913,set_00913,MATCH
pay_00914,led_00914,set_00914,MATCH
pay_00915,led_00915,set_00915,MATCH
pay_00916,led_00916,set_00916,MATCH
pay_00917,led_00917,set_00917,MATCH
pay_00918,led_00918,set_00918,MATCH
pay_00919,led_00919,set_00919,MATCH
pay_00920,led_00920,set_00920,MATCH
pay_00921,led_00921,set_00921,MATCH
pay_00922,led_00922,set_00922,MATCH
pay_00923,led_00923,set_00923,MATCH
pay_00924,led_00924,set_00924,MATCH
pay_00925,led_00925,set_00925,MATCH
pay_00926,led_00926,set_00926,MATCH
pay_00927,led_00927,set_00927,MATCH
pay_00928,led_00928,set_00928,MATCH
pay_00929,led_00929,set_00929,MATCH
pay_00930,led_00930,set_00930,MATCH
pay_00931,led_00931,set_00931,MATCH
pay_00932,led_00932,set_00932,MATCH
pay_00933,led_00933,set_00933,MATCH
pay_00934,led_00934,set_00934,MATCH
pay_00935,led_00935,set_00935,MATCH
pay_00936,led_00936,set_00936,MATCH
pay_00937,led_00937,set_00937,MATCH
pay_00938,led_00938,set_00938,MATCH
pay_00939,led_00939,set_00939,MATCH
pay_00940,led_00940,set_00940,MATCH
pay_00941,led_00941,set_00941,MATCH
pay_00942,led_00942,set_00942,MATCH
pay_00943,led_00943,set_00943,MATCH
pay_00944,led_00944,set_00944,MATCH
pay_00945,led_00945,set_00945,MATCH
pay_00946,led_00946,set_00946,MATCH
pay_00947,led_00947,set_00947,MATCH
pay_00948,led_00948,set_00948,MATCH
pay_00949,led_00949,set_00949,MATCH
pay_00950,led_00950,set_00950,MATCH
pay_00951,led_00951,set_00951,MATCH
pay_00952,led_00952,set_00952,MATCH
pay_00953,led_00953,set_00953,MATCH
pay_00954,led_00954,set_00954,MATCH
pay_00955,led_00955,set_00955,MATCH
pay_00956,led_00956,set_00956,MATCH
pay_00957,led_00957,set_00957,MATCH
pay_00958,led_00958,set_00958,MATCH
pay_00959,led_00959,set_00959,MATCH
pay_00960,led_00960,set_00960,MATCH
pay_00961,led_00961,set_00961,MATCH
pay_00962,led_00962,set_00962,MATCH
pay_00963,led_00963,set_00963,MATCH
pay_00964,led_00964,set_00964,MATCH
pay_00965,led_00965,set_00965,MATCH
pay_00966,led_00966,set_00966,MATCH
pay_00967,led_00967,set_00967,MATCH
pay_00968,led_00968,set_00968,MATCH
pay_00969,led_00969,set_00969,MATCH
pay_00970,led_00970,set_00970,MATCH
pay_00971,led_00971,set_00971,MATCH
pay_00972,led_00972,set_00972,MATCH
pay_00973,led_00973,set_00973,MATCH
pay_00974,led_00974,set_00974,MATCH
pay_00975,led_00975,set_00975,MATCH
pay_00976,led_00976,set_00976,MATCH
pay_00977,led_00977,set_00977,MATCH
pay_00978,led_00978,set_00978,MATCH
pay_00979,led_00979,set_00979,MATCH
pay_00980,led_00980,set_00980,MATCH
pay_00981,led_00981,set_00981,MATCH
pay_00982,led_00982,set_00982,MATCH
pay_00983,led_00983,set_00983,MATCH
pay_00984,led_00984,set_00984,MATCH
pay_00985,led_00985,set_00985,MATCH
pay_00986,led_00986,set_00986,MATCH
pay_00987,led_00987,set_00987,MATCH
pay_00988,led_00988,set_00988,MATCH
pay_00989,led_00989,set_00989,MATCH
pay_00990,led_00990,set_00990,MATCH
pay_00991,led_00991,set_00991,MATCH
pay_00992,led_00992,set_00992,MATCH
pay_00993,led_00993,set_00993,MATCH
pay_00994,led_00994,set_00994,MATCH
pay_00995,led_00995,set_00995,MATCH
pay_00996,led_00996,set_00996,MATCH
pay_00997,led_00997,set_00997,MATCH
pay_00998,led_00998,set_00998,MATCH
pay_00999,led_00999,set_00999,MATCH
pay_01000,led_01000,set_01000,MATCH
