ledger_id,order_ref,amount,currency,status
led_00001,ord_00001,4999,INR,paid
led_00002,ord_00002,499,INR,paid
led_00003,ord_00003,499,INR,paid
led_00004,ord_00004,4999,INR,paid
led_00005,ord_00005,999,INR,paid
led_00006,ord_00006,799,INR,paid
led_00007,ord_00007,799,INR,paid
led_00008,ord_00008,799,INR,paid
led_00009,ord_00009,4999,INR,paid
led_00010,ord_00010,499,INR,paid
led_00011,ord_00011,4999,INR,paid
led_00012,ord_00012,4999,INR,paid
led_00013,ord_00013,2499,INR,paid
led_00014,ord_00014,499,INR,paid
led_00015,ord_00015,2499,INR,paid
led_00016,ord_00016,1499,INR,paid
led_00017,ord_00017,499,INR,paid
led_00018,ord_00018,499,INR,paid
led_00019,ord_00019,499,INR,paid
led_00020,ord_00020,799,INR,paid
led_00021,ord_00021,799,INR,paid
led_00022,ord_00022,2499,INR,paid
led_00023,ord_00023,2499,INR,paid
led_00024,ord_00024,499,INR,paid
led_00025,ord_00025,2499,INR,paid
led_00026,ord_00026,799,INR,paid
led_00027,ord_00027,4999,INR,paid
led_00028,ord_00028,4999,INR,paid
led_00029,ord_00029,4999,INR,paid
led_00030,ord_00030,2499,INR,paid
led_00031,ord_00031,1499,INR,paid
led_00032,ord_00032,799,INR,paid
led_00033,ord_00033,1499,INR,paid
led_00034,ord_00034,2499,INR,paid
led_00035,ord_00035,999,INR,paid
led_00036,ord_00036,499,INR,paid
led_00037,ord_00037,799,INR,paid
led_00038,ord_00038,4999,INR,paid
led_00039,ord_00039,1499,INR,paid
led_00040,ord_00040,999,INR,paid
led_00041,ord_00041,999,INR,paid
led_00042,ord_00042,799,INR,paid
led_00043,ord_00043,799,INR,paid
led_00044,ord_00044,999,INR,paid
led_00045,ord_00045,499,INR,paid
led_00046,ord_00046,499,INR,paid
led_00047,ord_00047,1499,INR,paid
led_00048,ord_00048,499,INR,paid
led_00049,ord_00049,999,INR,paid
led_00050,ord_00050,999,INR,paid
led_00051,ord_00051,2499,INR,paid
led_00052,ord_00052,999,INR,paid
led_00053,ord_00053,499,INR,paid
led_00054,ord_00054,4999,INR,paid
led_00055,ord_00055,1499,INR,paid
led_00056,ord_00056,2499,INR,paid
led_00057,ord_00057,499,INR,paid
led_00058,ord_00058,1499,INR,paid
led_00059,ord_00059,499,INR,paid
led_00060,ord_00060,2499,INR,paid
led_00061,ord_00061,999,INR,paid
led_00062,ord_00062,4999,INR,paid
led_00063,ord_00063,2499,INR,paid
led_00064,ord_00064,999,INR,paid
led_00065,ord_00065,2499,INR,paid
led_00066,ord_00066,799,INR,paid
led_00067,ord_00067,4999,INR,paid
led_00068,ord_00068,499,INR,paid
led_00069,ord_00069,499,INR,paid
led_00070,ord_00070,4999,INR,paid
led_00071,ord_00071,799,INR,paid
led_00072,ord_00072,999,INR,paid
led_00073,ord_00073,499,INR,paid
led_00074,ord_00074,799,INR,paid
led_00075,ord_00075,499,INR,paid
led_00076,ord_00076,1499,INR,paid
led_00077,ord_00077,999,INR,paid
led_00078,ord_00078,1499,INR,paid
led_00079,ord_00079,4999,INR,paid
led_00080,ord_00080,999,INR,paid
led_00081,ord_00081,799,INR,paid
led_00082,ord_00082,999,INR,paid
led_00083,ord_00083,999,INR,paid
led_00084,ord_00084,799,INR,paid
led_00085,ord_00085,4999,INR,paid
led_00086,ord_00086,999,INR,paid
led_00087,ord_00087,4999,INR,paid
led_00088,ord_00088,4999,INR,paid
led_00089,ord_00089,4999,INR,paid
led_00090,ord_00090,499,INR,paid
led_00091,ord_00091,2499,INR,paid
led_00092,ord_00092,4999,INR,paid
led_00093,ord_00093,799,INR,paid
led_00094,ord_00094,2499,INR,paid
led_00095,ord_00095,4999,INR,paid
led_00096,ord_00096,799,INR,paid
led_00097,ord_00097,799,INR,paid
led_00098,ord_00098,1499,INR,paid
led_00099,ord_00099,1499,INR,paid
led_00100,ord_00100,999,INR,paid
led_00101,ord_00101,4999,INR,paid
led_00102,ord_00102,4999,INR,paid
led_00103,ord_00103,2499,INR,paid
led_00104,ord_00104,799,INR,paid
led_00105,ord_00105,4999,INR,paid
led_00106,ord_00106,999,INR,paid
led_00107,ord_00107,499,INR,paid
led_00108,ord_00108,799,INR,paid
led_00109,ord_00109,499,INR,paid
led_00110,ord_00110,999,INR,paid
led_00111,ord_00111,1499,INR,paid
led_00112,ord_00112,999,INR,paid
led_00113,ord_00113,499,INR,paid
led_00114,ord_00114,799,INR,paid
led_00115,ord_00115,2499,INR,paid
led_00116,ord_00116,4999,INR,paid
led_00117,ord_00117,999,INR,paid
led_00118,ord_00118,799,INR,paid
led_00119,ord_00119,4999,INR,paid
led_00120,ord_00120,1499,INR,paid
led_00121,ord_00121,1499,INR,paid
led_00122,ord_00122,4999,INR,paid
led_00123,ord_00123,1499,INR,paid
led_00124,ord_00124,799,INR,paid
led_00125,ord_00125,999,INR,paid
led_00126,ord_00126,799,INR,paid
led_00127,ord_00127,799,INR,paid
led_00128,ord_00128,4999,INR,paid
led_00129,ord_00129,2499,INR,paid
led_00130,ord_00130,2499,INR,paid
led_00131,ord_00131,999,INR,paid
led_00132,ord_00132,4999,INR,paid
led_00133,ord_00133,2499,INR,paid
led_00134,ord_00134,1499,INR,paid
led_00135,ord_00135,2499,INR,paid
led_00136,ord_00136,1499,INR,paid
led_00137,ord_00137,999,INR,paid
led_00138,ord_00138,799,INR,paid
led_00139,ord_00139,799,INR,paid
led_00140,ord_00140,2499,INR,paid
led_00141,ord_00141,1499,INR,paid
led_00142,ord_00142,499,INR,paid
led_00143,ord_00143,499,INR,paid
led_00144,ord_00144,499,INR,paid
led_00145,ord_00145,799,INR,paid
led_00146,ord_00146,4999,INR,paid
led_00147,ord_00147,799,INR,paid
led_00148,ord_00148,4999,INR,paid
led_00149,ord_00149,1499,INR,paid
led_00150,ord_00150,2499,INR,paid
led_00151,ord_00151,499,INR,paid
led_00152,ord_00152,1499,INR,paid
led_00153,ord_00153,1499,INR,paid
led_00154,ord_00154,2499,INR,paid
led_00155,ord_00155,1499,INR,paid
led_00156,ord_00156,2499,INR,paid
led_00157,ord_00157,999,INR,paid
led_00158,ord_00158,2499,INR,paid
led_00159,ord_00159,499,INR,paid
led_00160,ord_00160,4999,INR,paid
led_00161,ord_00161,4999,INR,paid
led_00162,ord_00162,499,INR,paid
led_00163,ord_00163,4999,INR,paid
led_00164,ord_00164,2499,INR,paid
led_00165,ord_00165,999,INR,paid
led_00166,ord_00166,4999,INR,paid
led_00167,ord_00167,999,INR,paid
led_00168,ord_00168,499,INR,paid
led_00169,ord_00169,999,INR,paid
led_00170,ord_00170,1499,INR,paid
led_00171,ord_00171,799,INR,paid
led_00172,ord_00172,1499,INR,paid
led_00173,ord_00173,499,INR,paid
led_00174,ord_00174,4999,INR,paid
led_00175,ord_00175,4999,INR,paid
led_00176,ord_00176,999,INR,paid
led_00177,ord_00177,2499,INR,paid
led_00178,ord_00178,799,INR,paid
led_00179,ord_00179,2499,INR,paid
led_00180,ord_00180,499,INR,paid
led_00181,ord_00181,4999,INR,paid
led_00182,ord_00182,999,INR,paid
led_00183,ord_00183,4999,INR,paid
led_00184,ord_00184,2499,INR,paid
led_00185,ord_00185,2499,INR,paid
led_00186,ord_00186,799,INR,paid
led_00187,ord_00187,799,INR,paid
led_00188,ord_00188,999,INR,paid
led_00189,ord_00189,799,INR,paid
led_00190,ord_00190,2499,INR,paid
led_00191,ord_00191,2499,INR,paid
led_00192,ord_00192,499,INR,paid
led_00193,ord_00193,2499,INR,paid
led_00194,ord_00194,999,INR,paid
led_00195,ord_00195,1499,INR,paid
led_00196,ord_00196,499,INR,paid
led_00197,ord_00197,499,INR,paid
led_00198,ord_00198,999,INR,paid
led_00199,ord_00199,999,INR,paid
led_00200,ord_00200,799,INR,paid
led_00201,ord_00201,499,INR,paid
led_00202,ord_00202,799,INR,paid
led_00203,ord_00203,2499,INR,paid
led_00204,ord_00204,499,INR,paid
led_00205,ord_00205,499,INR,paid
led_00206,ord_00206,4999,INR,paid
led_00207,ord_00207,1499,INR,paid
led_00208,ord_00208,499,INR,paid
led_00209,ord_00209,2499,INR,paid
led_00210,ord_00210,799,INR,paid
led_00211,ord_00211,799,INR,paid
led_00212,ord_00212,4999,INR,paid
led_00213,ord_00213,1499,INR,paid
led_00214,ord_00214,2499,INR,paid
led_00215,ord_00215,799,INR,paid
led_00216,ord_00216,999,INR,paid
led_00217,ord_00217,2499,INR,paid
led_00218,ord_00218,2499,INR,paid
led_00219,ord_00219,1499,INR,paid
led_00220,ord_00220,799,INR,paid
led_00221,ord_00221,2499,INR,paid
led_00222,ord_00222,4999,INR,paid
led_00223,ord_00223,4999,INR,paid
led_00224,ord_00224,799,INR,paid
led_00225,ord_00225,4999,INR,paid
led_00226,ord_00226,999,INR,paid
led_00227,ord_00227,1499,INR,paid
led_00228,ord_00228,4999,INR,paid
led_00229,ord_00229,4999,INR,paid
led_00230,ord_00230,999,INR,paid
led_00231,ord_00231,1499,INR,paid
led_00232,ord_00232,2499,INR,paid
led_00233,ord_00233,1499,INR,paid
led_00234,ord_00234,499,INR,paid
led_00235,ord_00235,799,INR,paid
led_00236,ord_00236,799,INR,paid
led_00237,ord_00237,499,INR,paid
led_00238,ord_00238,999,INR,paid
led_00239,ord_00239,499,INR,paid
led_00240,ord_00240,2499,INR,paid
led_00241,ord_00241,2499,INR,paid
led_00242,ord_00242,799,INR,paid
led_00243,ord_00243,2499,INR,paid
led_00244,ord_00244,799,INR,paid
led_00245,ord_00245,499,INR,paid
led_00246,ord_00246,499,INR,paid
led_00247,ord_00247,4999,INR,paid
led_00248,ord_00248,4999,INR,paid
led_00249,ord_00249,499,INR,paid
led_00250,ord_00250,799,INR,paid
led_00251,ord_00251,499,INR,paid
led_00252,ord_00252,499,INR,paid
led_00253,ord_00253,999,INR,paid
led_00254,ord_00254,499,INR,paid
led_00255,ord_00255,2499,INR,paid
led_00256,ord_00256,799,INR,paid
led_00257,ord_00257,999,INR,paid
led_00258,ord_00258,4999,INR,paid
led_00259,ord_00259,1499,INR,paid
led_00260,ord_00260,799,INR,paid
led_00261,ord_00261,2499,INR,paid
led_00262,ord_00262,799,INR,paid
led_00263,ord_00263,4999,INR,paid
led_00264,ord_00264,2499,INR,paid
led_00265,ord_00265,2499,INR,paid
led_00266,ord_00266,1499,INR,paid
led_00267,ord_00267,799,INR,paid
led_00268,ord_00268,1499,INR,paid
led_00269,ord_00269,1499,INR,paid
led_00270,ord_00270,799,INR,paid
led_00271,ord_00271,499,INR,paid
led_00272,ord_00272,499,INR,paid
led_00273,ord_00273,4999,INR,paid
led_00274,ord_00274,1499,INR,paid
led_00275,ord_00275,999,INR,paid
led_00276,ord_00276,1499,INR,paid
led_00277,ord_00277,1499,INR,paid
led_00278,ord_00278,1499,INR,paid
led_00279,ord_00279,4999,INR,paid
led_00280,ord_00280,499,INR,paid
led_00281,ord_00281,4999,INR,paid
led_00282,ord_00282,4999,INR,paid
led_00283,ord_00283,4999,INR,paid
led_00284,ord_00284,499,INR,paid
led_00285,ord_00285,499,INR,paid
led_00286,ord_00286,1499,INR,paid
led_00287,ord_00287,4999,INR,paid
led_00288,ord_00288,999,INR,paid
led_00289,ord_00289,499,INR,paid
led_00290,ord_00290,799,INR,paid
led_00291,ord_00291,799,INR,paid
led_00292,ord_00292,799,INR,paid
led_00293,ord_00293,2499,INR,paid
led_00294,ord_00294,1499,INR,paid
led_00295,ord_00295,799,INR,paid
led_00296,ord_00296,1499,INR,paid
led_00297,ord_00297,799,INR,paid
led_00298,ord_00298,999,INR,paid
led_00299,ord_00299,1499,INR,paid
led_00300,ord_00300,799,INR,paid
led_00301,ord_00301,499,INR,paid
led_00302,ord_00302,1499,INR,paid
led_00303,ord_00303,2499,INR,paid
led_00304,ord_00304,499,INR,paid
led_00305,ord_00305,499,INR,paid
led_00306,ord_00306,4999,INR,paid
led_00307,ord_00307,2499,INR,paid
led_00308,ord_00308,499,INR,paid
led_00309,ord_00309,499,INR,paid
led_00310,ord_00310,799,INR,paid
led_00311,ord_00311,799,INR,paid
led_00312,ord_00312,1499,INR,paid
led_00313,ord_00313,1499,INR,paid
led_00314,ord_00314,1499,INR,paid
led_00315,ord_00315,799,INR,paid
led_00316,ord_00316,1499,INR,paid
led_00317,ord_00317,499,INR,paid
led_00318,ord_00318,799,INR,paid
led_00319,ord_00319,1499,INR,paid
led_00320,ord_00320,499,INR,paid
led_00321,ord_00321,1499,INR,paid
led_00322,ord_00322,999,INR,paid
led_00323,ord_00323,1499,INR,paid
led_00324,ord_00324,999,INR,paid
led_00325,ord_00325,1499,INR,paid
led_00326,ord_00326,4999,INR,paid
led_00327,ord_00327,4999,INR,paid
led_00328,ord_00328,2499,INR,paid
led_00329,ord_00329,4999,INR,paid
led_00330,ord_00330,4999,INR,paid
led_00331,ord_00331,1499,INR,paid
led_00332,ord_00332,799,INR,paid
led_00333,ord_00333,799,INR,paid
led_00334,ord_00334,999,INR,paid
led_00335,ord_00335,799,INR,paid
led_00336,ord_00336,499,INR,paid
led_00337,ord_00337,2499,INR,paid
led_00338,ord_00338,4999,INR,paid
led_00339,ord_00339,2499,INR,paid
led_00340,ord_00340,499,INR,paid
led_00341,ord_00341,4999,INR,paid
led_00342,ord_00342,999,INR,paid
led_00343,ord_00343,499,INR,paid
led_00344,ord_00344,499,INR,paid
led_00345,ord_00345,2499,INR,paid
led_00346,ord_00346,1499,INR,paid
led_00347,ord_00347,2499,INR,paid
led_00348,ord_00348,2499,INR,paid
led_00349,ord_00349,799,INR,paid
led_00350,ord_00350,499,INR,paid
led_00351,ord_00351,2499,INR,paid
led_00352,ord_00352,499,INR,paid
led_00353,ord_00353,799,INR,paid
led_00354,ord_00354,499,INR,paid
led_00355,ord_00355,2499,INR,paid
led_00356,ord_00356,499,INR,paid
led_00357,ord_00357,4999,INR,paid
led_00358,ord_00358,799,INR,paid
led_00359,ord_00359,1499,INR,paid
led_00360,ord_00360,499,INR,paid
led_00361,ord_00361,2499,INR,paid
led_00362,ord_00362,799,INR,paid
led_00363,ord_00363,2499,INR,paid
led_00364,ord_00364,2499,INR,paid
led_00365,ord_00365,499,INR,paid
led_00366,ord_00366,2499,INR,paid
led_00367,ord_00367,499,INR,paid
led_00368,ord_00368,1499,INR,paid
led_00369,ord_00369,4999,INR,paid
led_00370,ord_00370,2499,INR,paid
led_00371,ord_00371,2499,INR,paid
led_00372,ord_00372,2499,INR,paid
led_00373,ord_00373,999,INR,paid
led_00374,ord_00374,999,INR,paid
led_00375,ord_00375,799,INR,paid
led_00376,ord_00376,4999,INR,paid
led_00377,ord_00377,4999,INR,paid
led_00378,ord_00378,999,INR,paid
led_00379,ord_00379,799,INR,paid
led_00380,ord_00380,999,INR,paid
led_00381,ord_00381,1499,INR,paid
led_00382,ord_00382,799,INR,paid
led_00383,ord_00383,4999,INR,paid
led_00384,ord_00384,4999,INR,paid
led_00385,ord_00385,999,INR,paid
led_00386,ord_00386,1499,INR,paid
led_00387,ord_00387,999,INR,paid
led_00388,ord_00388,499,INR,paid
led_00389,ord_00389,499,INR,paid
led_00390,ord_00390,1499,INR,paid
led_00391,ord_00391,2499,INR,paid
led_00392,ord_00392,2499,INR,paid
led_00393,ord_00393,499,INR,paid
led_00394,ord_00394,499,INR,paid
led_00395,ord_00395,2499,INR,paid
led_00396,ord_00396,799,INR,paid
led_00397,ord_00397,2499,INR,paid
led_00398,ord_00398,999,INR,paid
led_00399,ord_00399,799,INR,paid
led_00400,ord_00400,999,INR,paid
led_00401,ord_00401,499,INR,paid
led_00402,ord_00402,799,INR,paid
led_00403,ord_00403,999,INR,paid
led_00404,ord_00404,999,INR,paid
led_00405,ord_00405,799,INR,paid
led_00406,ord_00406,1499,INR,paid
led_00407,ord_00407,2499,INR,paid
led_00408,ord_00408,4999,INR,paid
led_00409,ord_00409,999,INR,paid
led_00410,ord_00410,2499,INR,paid
led_00411,ord_00411,4999,INR,paid
led_00412,ord_00412,2499,INR,paid
led_00413,ord_00413,499,INR,paid
led_00414,ord_00414,4999,INR,paid
led_00415,ord_00415,2499,INR,paid
led_00416,ord_00416,999,INR,paid
led_00417,ord_00417,4999,INR,paid
led_00418,ord_00418,499,INR,paid
led_00419,ord_00419,799,INR,paid
led_00420,ord_00420,999,INR,paid
led_00421,ord_00421,499,INR,paid
led_00422,ord_00422,499,INR,paid
led_00423,ord_00423,4999,INR,paid
led_00424,ord_00424,2499,INR,paid
led_00425,ord_00425,799,INR,paid
led_00426,ord_00426,999,INR,paid
led_00427,ord_00427,999,INR,paid
led_00428,ord_00428,2499,INR,paid
led_00429,ord_00429,799,INR,paid
led_00430,ord_00430,4999,INR,paid
led_00431,ord_00431,999,INR,paid
led_00432,ord_00432,799,INR,paid
led_00433,ord_00433,4999,INR,paid
led_00434,ord_00434,4999,INR,paid
led_00435,ord_00435,999,INR,paid
led_00436,ord_00436,2499,INR,paid
led_00437,ord_00437,1499,INR,paid
led_00438,ord_00438,999,INR,paid
led_00439,ord_00439,499,INR,paid
led_00440,ord_00440,499,INR,paid
led_00441,ord_00441,4999,INR,paid
led_00442,ord_00442,1499,INR,paid
led_00443,ord_00443,999,INR,paid
led_00444,ord_00444,499,INR,paid
led_00445,ord_00445,499,INR,paid
led_00446,ord_00446,999,INR,paid
led_00447,ord_00447,799,INR,paid
led_00448,ord_00448,4999,INR,paid
led_00449,ord_00449,999,INR,paid
led_00450,ord_00450,799,INR,paid
led_00451,ord_00451,4999,INR,paid
led_00452,ord_00452,1499,INR,paid
led_00453,ord_00453,2499,INR,paid
led_00454,ord_00454,4999,INR,paid
led_00455,ord_00455,1499,INR,paid
led_00456,ord_00456,2499,INR,paid
led_00457,ord_00457,499,INR,paid
led_00458,ord_00458,499,INR,paid
led_00459,ord_00459,499,INR,paid
led_00460,ord_00460,4999,INR,paid
led_00461,ord_00461,799,INR,paid
led_00462,ord_00462,2499,INR,paid
led_00463,ord_00463,499,INR,paid
led_00464,ord_00464,999,INR,paid
led_00465,ord_00465,2499,INR,paid
led_00466,ord_00466,2499,INR,paid
led_00467,ord_00467,799,INR,paid
led_00468,ord_00468,1499,INR,paid
led_00469,ord_00469,799,INR,paid
led_00470,ord_00470,499,INR,paid
led_00471,ord_00471,999,INR,paid
led_00472,ord_00472,999,INR,paid
led_00473,ord_00473,499,INR,paid
led_00474,ord_00474,999,INR,paid
led_00475,ord_00475,799,INR,paid
led_00476,ord_00476,4999,INR,paid
led_00477,ord_00477,799,INR,paid
led_00478,ord_00478,4999,INR,paid
led_00479,ord_00479,499,INR,paid
led_00480,ord_00480,999,INR,paid
led_00481,ord_00481,2499,INR,paid
led_00482,ord_00482,1499,INR,paid
led_00483,ord_00483,2499,INR,paid
led_00484,ord_00484,4999,INR,paid
led_00485,ord_00485,799,INR,paid
led_00486,ord_00486,799,INR,paid
led_00487,ord_00487,799,INR,paid
led_00488,ord_00488,799,INR,paid
led_00489,ord_00489,1499,INR,paid
led_00490,ord_00490,499,INR,paid
led_00491,ord_00491,799,INR,paid
led_00492,ord_00492,4999,INR,paid
led_00493,ord_00493,999,INR,paid
led_00494,ord_00494,1499,INR,paid
led_00495,ord_00495,4999,INR,paid
led_00496,ord_00496,4999,INR,paid
led_00497,ord_00497,799,INR,paid
led_00498,ord_00498,999,INR,paid
led_00499,ord_00499,799,INR,paid
led_00500,ord_00500,4999,INR,paid
led_00501,ord_00501,499,INR,paid
led_00502,ord_00502,1499,INR,paid
led_00503,ord_00503,499,INR,paid
led_00504,ord_00504,1499,INR,paid
led_00505,ord_00505,799,INR,paid
led_00506,ord_00506,799,INR,paid
led_00507,ord_00507,1499,INR,paid
led_00508,ord_00508,999,INR,paid
led_00509,ord_00509,999,INR,paid
led_00510,ord_00510,799,INR,paid
led_00511,ord_00511,799,INR,paid
led_00512,ord_00512,499,INR,paid
led_00513,ord_00513,4999,INR,paid
led_00514,ord_00514,799,INR,paid
led_00515,ord_00515,1499,INR,paid
led_00516,ord_00516,999,INR,paid
led_00517,ord_00517,999,INR,paid
led_00518,ord_00518,499,INR,paid
led_00519,ord_00519,999,INR,paid
led_00520,ord_00520,999,INR,paid
led_00521,ord_00521,4999,INR,paid
led_00522,ord_00522,2499,INR,paid
led_00523,ord_00523,1499,INR,paid
led_00524,ord_00524,4999,INR,paid
led_00525,ord_00525,2499,INR,paid
led_00526,ord_00526,999,INR,paid
led_00527,ord_00527,499,INR,paid
led_00528,ord_00528,499,INR,paid
led_00529,ord_00529,999,INR,paid
led_00530,ord_00530,799,INR,paid
led_00531,ord_00531,2499,INR,paid
led_00532,ord_00532,999,INR,paid
led_00533,ord_00533,499,INR,paid
led_00534,ord_00534,499,INR,paid
led_00535,ord_00535,2499,INR,paid
led_00536,ord_00536,1499,INR,paid
led_00537,ord_00537,999,INR,paid
led_00538,ord_00538,4999,INR,paid
led_00539,ord_00539,999,INR,paid
led_00540,ord_00540,1499,INR,paid
led_00541,ord_00541,2499,INR,paid
led_00542,ord_00542,2499,INR,paid
led_00543,ord_00543,499,INR,paid
led_00544,ord_00544,1499,INR,paid
led_00545,ord_00545,2499,INR,paid
led_00546,ord_00546,799,INR,paid
led_00547,ord_00547,999,INR,paid
led_00548,ord_00548,499,INR,paid
led_00549,ord_00549,4999,INR,paid
led_00550,ord_00550,1499,INR,paid
led_00551,ord_00551,499,INR,paid
led_00552,ord_00552,2499,INR,paid
led_00553,ord_00553,2499,INR,paid
led_00554,ord_00554,4999,INR,paid
led_00555,ord_00555,4999,INR,paid
led_00556,ord_00556,4999,INR,paid
led_00557,ord_00557,4999,INR,paid
led_00558,ord_00558,4999,INR,paid
led_00559,ord_00559,799,INR,paid
led_00560,ord_00560,999,INR,paid
led_00561,ord_00561,1499,INR,paid
led_00562,ord_00562,499,INR,paid
led_00563,ord_00563,4999,INR,paid
led_00564,ord_00564,999,INR,paid
led_00565,ord_00565,2499,INR,paid
led_00566,ord_00566,999,INR,paid
led_00567,ord_00567,4999,INR,paid
led_00568,ord_00568,499,INR,paid
led_00569,ord_00569,4999,INR,paid
led_00570,ord_00570,999,INR,paid
led_00571,ord_00571,2499,INR,paid
led_00572,ord_00572,999,INR,paid
led_00573,ord_00573,4999,INR,paid
led_00574,ord_00574,1499,INR,paid
led_00575,ord_00575,999,INR,paid
led_00576,ord_00576,1499,INR,paid
led_00577,ord_00577,4999,INR,paid
led_00578,ord_00578,999,INR,paid
led_00579,ord_00579,2499,INR,paid
led_00580,ord_00580,799,INR,paid
led_00581,ord_00581,799,INR,paid
led_00582,ord_00582,1499,INR,paid
led_00583,ord_00583,4999,INR,paid
led_00584,ord_00584,1499,INR,paid
led_00585,ord_00585,4999,INR,paid
led_00586,ord_00586,4999,INR,paid
led_00587,ord_00587,799,INR,paid
led_00588,ord_00588,2499,INR,paid
led_00589,ord_00589,2499,INR,paid
led_00590,ord_00590,999,INR,paid
led_00591,ord_00591,1499,INR,paid
led_00592,ord_00592,2499,INR,paid
led_00593,ord_00593,499,INR,paid
led_00594,ord_00594,999,INR,paid
led_00595,ord_00595,999,INR,paid
led_00596,ord_00596,799,INR,paid
led_00597,ord_00597,1499,INR,paid
led_00598,ord_00598,2499,INR,paid
led_00599,ord_00599,2499,INR,paid
led_00600,ord_00600,4999,INR,paid
led_00601,ord_00601,999,INR,paid
led_00602,ord_00602,1499,INR,paid
led_00603,ord_00603,1499,INR,paid
led_00604,ord_00604,1499,INR,paid
led_00605,ord_00605,4999,INR,paid
led_00606,ord_00606,799,INR,paid
led_00607,ord_00607,2499,INR,paid
led_00608,ord_00608,1499,INR,paid
led_00609,ord_00609,4999,INR,paid
led_00610,ord_00610,799,INR,paid
led_00611,ord_00611,4999,INR,paid
led_00612,ord_00612,499,INR,paid
led_00613,ord_00613,999,INR,paid
led_00614,ord_00614,2499,INR,paid
led_00615,ord_00615,4999,INR,paid
led_00616,ord_00616,4999,INR,paid
led_00617,ord_00617,2499,INR,paid
led_00618,ord_00618,999,INR,paid
led_00619,ord_00619,499,INR,paid
led_00620,ord_00620,799,INR,paid
led_00621,ord_00621,4999,INR,paid
led_00622,ord_00622,999,INR,paid
led_00623,ord_00623,799,INR,paid
led_00624,ord_00624,799,INR,paid
led_00625,ord_00625,799,INR,paid
led_00626,ord_00626,499,INR,paid
led_00627,ord_00627,499,INR,paid
led_00628,ord_00628,799,INR,paid
led_00629,ord_00629,1499,INR,paid
led_00630,ord_00630,2499,INR,paid
led_00631,ord_00631,499,INR,paid
led_00632,ord_00632,1499,INR,paid
led_00633,ord_00633,1499,INR,paid
led_00634,ord_00634,4999,INR,paid
led_00635,ord_00635,2499,INR,paid
led_00636,ord_00636,799,INR,paid
led_00637,ord_00637,4999,INR,paid
led_00638,ord_00638,4999,INR,paid
led_00639,ord_00639,1499,INR,paid
led_00640,ord_00640,1499,INR,paid
led_00641,ord_00641,1499,INR,paid
led_00642,ord_00642,799,INR,paid
led_00643,ord_00643,799,INR,paid
led_00644,ord_00644,4999,INR,paid
led_00645,ord_00645,4999,INR,paid
led_00646,ord_00646,499,INR,paid
led_00647,ord_00647,499,INR,paid
led_00648,ord_00648,1499,INR,paid
led_00649,ord_00649,799,INR,paid
led_00650,ord_00650,799,INR,paid
led_00651,ord_00651,4999,INR,paid
led_00652,ord_00652,2499,INR,paid
led_00653,ord_00653,1499,INR,paid
led_00654,ord_00654,499,INR,paid
led_00655,ord_00655,2499,INR,paid
led_00656,ord_00656,799,INR,paid
led_00657,ord_00657,499,INR,paid
led_00658,ord_00658,1499,INR,paid
led_00659,ord_00659,799,INR,paid
led_00660,ord_00660,1499,INR,paid
led_00661,ord_00661,4999,INR,paid
led_00662,ord_00662,2499,INR,paid
led_00663,ord_00663,2499,INR,paid
led_00664,ord_00664,2499,INR,paid
led_00665,ord_00665,999,INR,paid
led_00666,ord_00666,1499,INR,paid
led_00667,ord_00667,2499,INR,paid
led_00668,ord_00668,4999,INR,paid
led_00669,ord_00669,2499,INR,paid
led_00670,ord_00670,1499,INR,paid
led_00671,ord_00671,2499,INR,paid
led_00672,ord_00672,1499,INR,paid
led_00673,ord_00673,799,INR,paid
led_00674,ord_00674,4999,INR,paid
led_00675,ord_00675,1499,INR,paid
led_00676,ord_00676,1499,INR,paid
led_00677,ord_00677,999,INR,paid
led_00678,ord_00678,799,INR,paid
led_00679,ord_00679,4999,INR,paid
led_00680,ord_00680,999,INR,paid
led_00681,ord_00681,2499,INR,paid
led_00682,ord_00682,1499,INR,paid
led_00683,ord_00683,4999,INR,paid
led_00684,ord_00684,799,INR,paid
led_00685,ord_00685,999,INR,paid
led_00686,ord_00686,1499,INR,paid
led_00687,ord_00687,499,INR,paid
led_00688,ord_00688,4999,INR,paid
led_00689,ord_00689,999,INR,paid
led_00690,ord_00690,799,INR,paid
led_00691,ord_00691,999,INR,paid
led_00692,ord_00692,999,INR,paid
led_00693,ord_00693,999,INR,paid
led_00694,ord_00694,2499,INR,paid
led_00695,ord_00695,499,INR,paid
led_00696,ord_00696,799,INR,paid
led_00697,ord_00697,799,INR,paid
led_00698,ord_00698,799,INR,paid
led_00699,ord_00699,1499,INR,paid
led_00700,ord_00700,4999,INR,paid
led_00701,ord_00701,799,INR,paid
led_00702,ord_00702,4999,INR,paid
led_00703,ord_00703,799,INR,paid
led_00704,ord_00704,499,INR,paid
led_00705,ord_00705,1499,INR,paid
led_00706,ord_00706,1499,INR,paid
led_00707,ord_00707,999,INR,paid
led_00708,ord_00708,2499,INR,paid
led_00709,ord_00709,1499,INR,paid
led_00710,ord_00710,1499,INR,paid
led_00711,ord_00711,499,INR,paid
led_00712,ord_00712,799,INR,paid
led_00713,ord_00713,1499,INR,paid
led_00714,ord_00714,1499,INR,paid
led_00715,ord_00715,2499,INR,paid
led_00716,ord_00716,4999,INR,paid
led_00717,ord_00717,499,INR,paid
led_00718,ord_00718,2499,INR,paid
led_00719,ord_00719,1499,INR,paid
led_00720,ord_00720,1499,INR,paid
led_00721,ord_00721,499,INR,paid
led_00722,ord_00722,999,INR,paid
led_00723,ord_00723,999,INR,paid
led_00724,ord_00724,1499,INR,paid
led_00725,ord_00725,1499,INR,paid
led_00726,ord_00726,2499,INR,paid
led_00727,ord_00727,4999,INR,paid
led_00728,ord_00728,4999,INR,paid
led_00729,ord_00729,2499,INR,paid
led_00730,ord_00730,2499,INR,paid
led_00731,ord_00731,799,INR,paid
led_00732,ord_00732,1499,INR,paid
led_00733,ord_00733,799,INR,paid
led_00734,ord_00734,999,INR,paid
led_00735,ord_00735,1499,INR,paid
led_00736,ord_00736,1499,INR,paid
led_00737,ord_00737,499,INR,paid
led_00738,ord_00738,1499,INR,paid
led_00739,ord_00739,999,INR,paid
led_00740,ord_00740,4999,INR,paid
led_00741,ord_00741,4999,INR,paid
led_00742,ord_00742,1499,INR,paid
led_00743,ord_00743,4999,INR,paid
led_00744,ord_00744,799,INR,paid
led_00745,ord_00745,1499,INR,paid
led_00746,ord_00746,799,INR,paid
led_00747,ord_00747,2499,INR,paid
led_00748,ord_00748,2499,INR,paid
led_00749,ord_00749,499,INR,paid
led_00750,ord_00750,1499,INR,paid
led_00751,ord_00751,2499,INR,paid
led_00752,ord_00752,2499,INR,paid
led_00753,ord_00753,4999,INR,paid
led_00754,ord_00754,499,INR,paid
led_00755,ord_00755,499,INR,paid
led_00756,ord_00756,4999,INR,paid
led_00757,ord_00757,1499,INR,paid
led_00758,ord_00758,799,INR,paid
led_00759,ord_00759,1499,INR,paid
led_00760,ord_00760,799,INR,paid
led_00761,ord_00761,499,INR,paid
led_00762,ord_00762,999,INR,paid
led_00763,ord_00763,1499,INR,paid
led_00764,ord_00764,999,INR,paid
led_00765,ord_00765,799,INR,paid
led_00766,ord_00766,1499,INR,paid
led_00767,ord_00767,999,INR,paid
led_00768,ord_00768,999,INR,paid
led_00769,ord_00769,1499,INR,paid
led_00770,ord_00770,999,INR,paid
led_00771,ord_00771,1499,INR,paid
led_00772,ord_00772,999,INR,paid
led_00773,ord_00773,499,INR,paid
led_00774,ord_00774,1499,INR,paid
led_00775,ord_00775,499,INR,paid
led_00776,ord_00776,4999,INR,paid
led_00777,ord_00777,2499,INR,paid
led_00778,ord_00778,499,INR,paid
led_00779,ord_00779,999,INR,paid
led_00780,ord_00780,799,INR,paid
led_00781,ord_00781,4999,INR,paid
led_00782,ord_00782,499,INR,paid
led_00783,ord_00783,4999,INR,paid
led_00784,ord_00784,499,INR,paid
led_00785,ord_00785,499,INR,paid
led_00786,ord_00786,799,INR,paid
led_00787,ord_00787,799,INR,paid
led_00788,ord_00788,499,INR,paid
led_00789,ord_00789,2499,INR,paid
led_00790,ord_00790,799,INR,paid
led_00791,ord_00791,799,INR,paid
led_00792,ord_00792,799,INR,paid
led_00793,ord_00793,1499,INR,paid
led_00794,ord_00794,4999,INR,paid
led_00795,ord_00795,499,INR,paid
led_00796,ord_00796,2499,INR,paid
led_00797,ord_00797,799,INR,paid
led_00798,ord_00798,1499,INR,paid
led_00799,ord_00799,4999,INR,paid
led_00800,ord_00800,999,INR,paid
led_00801,ord_00801,999,INR,paid
led_00802,ord_00802,799,INR,paid
led_00803,ord_00803,2499,INR,paid
led_00804,ord_00804,2499,INR,paid
led_00805,ord_00805,4999,INR,paid
led_00806,ord_00806,4999,INR,paid
led_00807,ord_00807,499,INR,paid
led_00808,ord_00808,799,INR,paid
led_00809,ord_00809,999,INR,paid
led_00810,ord_00810,499,INR,paid
led_00811,ord_00811,2499,INR,paid
led_00812,ord_00812,499,INR,paid
led_00813,ord_00813,999,INR,paid
led_00814,ord_00814,2499,INR,paid
led_00815,ord_00815,4999,INR,paid
led_00816,ord_00816,1499,INR,paid
led_00817,ord_00817,1499,INR,paid
led_00818,ord_00818,4999,INR,paid
led_00819,ord_00819,799,INR,paid
led_00820,ord_00820,499,INR,paid
led_00821,ord_00821,2499,INR,paid
led_00822,ord_00822,4999,INR,paid
led_00823,ord_00823,4999,INR,paid
led_00824,ord_00824,799,INR,paid
led_00825,ord_00825,499,INR,paid
led_00826,ord_00826,4999,INR,paid
led_00827,ord_00827,999,INR,paid
led_00828,ord_00828,4999,INR,paid
led_00829,ord_00829,2499,INR,paid
led_00830,ord_00830,499,INR,paid
led_00831,ord_00831,2499,INR,paid
led_00832,ord_00832,499,INR,paid
led_00833,ord_00833,999,INR,paid
led_00834,ord_00834,2499,INR,paid
led_00835,ord_00835,1499,INR,paid
led_00836,ord_00836,4999,INR,paid
led_00837,ord_00837,999,INR,paid
led_00838,ord_00838,499,INR,paid
led_00839,ord_00839,2499,INR,paid
led_00840,ord_00840,4999,INR,paid
led_00841,ord_00841,999,INR,paid
led_00842,ord_00842,499,INR,paid
led_00843,ord_00843,1499,INR,paid
led_00844,ord_00844,1499,INR,paid
led_00845,ord_00845,499,INR,paid
led_00846,ord_00846,1499,INR,paid
led_00847,ord_00847,999,INR,paid
led_00848,ord_00848,4999,INR,paid
led_00849,ord_00849,1499,INR,paid
led_00850,ord_00850,4999,INR,paid
led_00851,ord_00851,799,INR,paid
led_00852,ord_00852,1499,INR,paid
led_00853,ord_00853,799,INR,paid
led_00854,ord_00854,4999,INR,paid
led_00855,ord_00855,2499,INR,paid
led_00856,ord_00856,4999,INR,paid
led_00857,ord_00857,999,INR,paid
led_00858,ord_00858,2499,INR,paid
led_00859,ord_00859,2499,INR,paid
led_00860,ord_00860,1499,INR,paid
led_00861,ord_00861,1499,INR,paid
led_00862,ord_00862,1499,INR,paid
led_00863,ord_00863,4999,INR,paid
led_00864,ord_00864,2499,INR,paid
led_00865,ord_00865,999,INR,paid
led_00866,ord_00866,999,INR,paid
led_00867,ord_00867,799,INR,paid
led_00868,ord_00868,499,INR,paid
led_00869,ord_00869,999,INR,paid
led_00870,ord_00870,1499,INR,paid
led_00871,ord_00871,799,INR,paid
led_00872,ord_00872,1499,INR,paid
led_00873,ord_00873,2499,INR,paid
led_00874,ord_00874,2499,INR,paid
led_00875,ord_00875,4999,INR,paid
led_00876,ord_00876,1499,INR,paid
led_00877,ord_00877,999,INR,paid
led_00878,ord_00878,499,INR,paid
led_00879,ord_00879,1499,INR,paid
led_00880,ord_00880,999,INR,paid
led_00881,ord_00881,799,INR,paid
led_00882,ord_00882,1499,INR,paid
led_00883,ord_00883,799,INR,paid
led_00884,ord_00884,999,INR,paid
led_00885,ord_00885,999,INR,paid
led_00886,ord_00886,999,INR,paid
led_00887,ord_00887,999,INR,paid
led_00888,ord_00888,2499,INR,paid
led_00889,ord_00889,4999,INR,paid
led_00890,ord_00890,999,INR,paid
led_00891,ord_00891,2499,INR,paid
led_00892,ord_00892,499,INR,paid
led_00893,ord_00893,2499,INR,paid
led_00894,ord_00894,799,INR,paid
led_00895,ord_00895,499,INR,paid
led_00896,ord_00896,799,INR,paid
led_00897,ord_00897,4999,INR,paid
led_00898,ord_00898,1499,INR,paid
led_00899,ord_00899,1499,INR,paid
led_00900,ord_00900,2499,INR,paid
led_00901,ord_00901,799,INR,paid
led_00902,ord_00902,4999,INR,paid
led_00903,ord_00903,1499,INR,paid
led_00904,ord_00904,4999,INR,paid
led_00905,ord_00905,4999,INR,paid
led_00906,ord_00906,1499,INR,paid
led_00907,ord_00907,1499,INR,paid
led_00908,ord_00908,499,INR,paid
led_00909,ord_00909,499,INR,paid
led_00910,ord_00910,999,INR,paid
led_00911,ord_00911,799,INR,paid
led_00912,ord_00912,1499,INR,paid
led_00913,ord_00913,4999,INR,paid
led_00914,ord_00914,799,INR,paid
led_00915,ord_00915,999,INR,paid
led_00916,ord_00916,4999,INR,paid
led_00917,ord_00917,2499,INR,paid
led_00918,ord_00918,999,INR,paid
led_00919,ord_00919,1499,INR,paid
led_00920,ord_00920,2499,INR,paid
led_00921,ord_00921,2499,INR,paid
led_00922,ord_00922,999,INR,paid
led_00923,ord_00923,1499,INR,paid
led_00924,ord_00924,4999,INR,paid
led_00925,ord_00925,2499,INR,paid
led_00926,ord_00926,999,INR,paid
led_00927,ord_00927,999,INR,paid
led_00928,ord_00928,4999,INR,paid
led_00929,ord_00929,1499,INR,paid
led_00930,ord_00930,999,INR,paid
led_00931,ord_00931,999,INR,paid
led_00932,ord_00932,999,INR,paid
led_00933,ord_00933,799,INR,paid
led_00934,ord_00934,499,INR,paid
led_00935,ord_00935,4999,INR,paid
led_00936,ord_00936,799,INR,paid
led_00937,ord_00937,999,INR,paid
led_00938,ord_00938,499,INR,paid
led_00939,ord_00939,4999,INR,paid
led_00940,ord_00940,2499,INR,paid
led_00941,ord_00941,4999,INR,paid
led_00942,ord_00942,799,INR,paid
led_00943,ord_00943,799,INR,paid
led_00944,ord_00944,799,INR,paid
led_00945,ord_00945,4999,INR,paid
led_00946,ord_00946,1499,INR,paid
led_00947,ord_00947,999,INR,paid
led_00948,ord_00948,4999,INR,paid
led_00949,ord_00949,2499,INR,paid
led_00950,ord_00950,2499,INR,paid
led_00951,ord_00951,2499,INR,paid
led_00952,ord_00952,999,INR,paid
led_00953,ord_00953,499,INR,paid
led_00954,ord_00954,799,INR,paid
led_00955,ord_00955,999,INR,paid
led_00956,ord_00956,799,INR,paid
led_00957,ord_00957,999,INR,paid
led_00958,ord_00958,799,INR,paid
led_00959,ord_00959,999,INR,paid
led_00960,ord_00960,499,INR,paid
led_00961,ord_00961,4999,INR,paid
led_00962,ord_00962,2499,INR,paid
led_00963,ord_00963,799,INR,paid
led_00964,ord_00964,999,INR,paid
led_00965,ord_00965,499,INR,paid
led_00966,ord_00966,499,INR,paid
led_00967,ord_00967,2499,INR,paid
led_00968,ord_00968,999,INR,paid
led_00969,ord_00969,4999,INR,paid
led_00970,ord_00970,799,INR,paid
led_00971,ord_00971,4999,INR,paid
led_00972,ord_00972,1499,INR,paid
led_00973,ord_00973,499,INR,paid
led_00974,ord_00974,499,INR,paid
led_00975,ord_00975,2499,INR,paid
led_00976,ord_00976,999,INR,paid
led_00977,ord_00977,1499,INR,paid
led_00978,ord_00978,1499,INR,paid
led_00979,ord_00979,1499,INR,paid
led_00980,ord_00980,999,INR,paid
led_00981,ord_00981,799,INR,paid
led_00982,ord_00982,499,INR,paid
led_00983,ord_00983,999,INR,paid
led_00984,ord_00984,1499,INR,paid
led_00985,ord_00985,499,INR,paid
led_00986,ord_00986,499,INR,paid
led_00987,ord_00987,1499,INR,paid
led_00988,ord_00988,1499,INR,paid
led_00989,ord_00989,499,INR,paid
led_00990,ord_00990,2499,INR,paid
led_00991,ord_00991,4999,INR,paid
led_00992,ord_00992,4999,INR,paid
led_00993,ord_00993,499,INR,paid
led_00994,ord_00994,799,INR,paid
led_00995,ord_00995,799,INR,paid
led_00996,ord_00996,2499,INR,paid
led_00997,ord_00997,999,INR,paid
led_00998,ord_00998,499,INR,paid
led_00999,ord_00999,799,INR,paid
led_01000,ord_01000,499,INR,paid
