payment_id,order_id,amount,currency,status,payment_ref
pay_00001,ord_00001,4999,INR,captured,ord_00001
pay_00002,ord_00002,499,INR,captured,ord_00002
pay_00003,ord_00003,499,INR,captured,ord_00003
pay_00004,ord_00004,4999,INR,captured,ord_00004
pay_00005,ord_00005,999,INR,captured,ord_00005
pay_00006,ord_00006,799,INR,captured,ord_00006
pay_00007,ord_00007,799,INR,captured,ord_00007
pay_00008,ord_00008,799,INR,captured,ord_00008
pay_00009,ord_00009,4999,INR,captured,ord_00009
pay_00010,ord_00010,499,INR,captured,ord_00010
pay_00011,ord_00011,4999,INR,captured,ord_00011
pay_00012,ord_00012,4999,INR,captured,ord_00012
pay_00013,ord_00013,2499,INR,captured,ord_00013
pay_00014,ord_00014,499,INR,captured,ord_00014
pay_00015,ord_00015,2499,INR,captured,ord_00015
pay_00016,ord_00016,1499,INR,captured,ord_00016
pay_00017,ord_00017,499,INR,captured,ord_00017
pay_00018,ord_00018,499,INR,captured,ord_00018
pay_00019,ord_00019,499,INR,captured,ord_00019
pay_00020,ord_00020,799,INR,captured,ord_00020
pay_00021,ord_00021,799,INR,captured,ord_00021
pay_00022,ord_00022,2499,INR,captured,ord_00022
pay_00023,ord_00023,2499,INR,captured,ord_00023
pay_00024,ord_00024,499,INR,captured,ord_00024
pay_00025,ord_00025,2499,INR,captured,ord_00025
pay_00026,ord_00026,799,INR,captured,ord_00026
pay_00027,ord_00027,4999,INR,captured,ord_00027
pay_00028,ord_00028,4999,INR,captured,ord_00028
pay_00029,ord_00029,4999,INR,captured,ord_00029
pay_00030,ord_00030,2499,INR,captured,ord_00030
pay_00031,ord_00031,1499,INR,captured,ord_00031
pay_00032,ord_00032,799,INR,captured,ord_00032
pay_00033,ord_00033,1499,INR,captured,ord_00033
pay_00034,ord_00034,2499,INR,captured,ord_00034
pay_00035,ord_00035,999,INR,captured,ord_00035
pay_00036,ord_00036,499,INR,captured,ord_00036
pay_00037,ord_00037,799,INR,captured,ord_00037
pay_00038,ord_00038,4999,INR,captured,ord_00038
pay_00039,ord_00039,1499,INR,captured,ord_00039
pay_00040,ord_00040,999,INR,captured,ord_00040
pay_00041,ord_00041,999,INR,captured,ord_00041
pay_00042,ord_00042,799,INR,captured,ord_00042
pay_00043,ord_00043,799,INR,captured,ord_00043
pay_00044,ord_00044,999,INR,captured,ord_00044
pay_00045,ord_00045,499,INR,captured,ord_00045
pay_00046,ord_00046,499,INR,captured,ord_00046
pay_00047,ord_00047,1499,INR,captured,ord_00047
pay_00048,ord_00048,499,INR,captured,ord_00048
pay_00049,ord_00049,999,INR,captured,ord_00049
pay_00050,ord_00050,999,INR,captured,ord_00050
pay_00051,ord_00051,2499,INR,captured,ord_00051
pay_00052,ord_00052,999,INR,captured,ord_00052
pay_00053,ord_00053,499,INR,captured,ord_00053
pay_00054,ord_00054,4999,INR,captured,ord_00054
pay_00055,ord_00055,1499,INR,captured,ord_00055
pay_00056,ord_00056,2499,INR,captured,ord_00056
pay_00057,ord_00057,499,INR,captured,ord_00057
pay_00058,ord_00058,1499,INR,captured,ord_00058
pay_00059,ord_00059,499,INR,captured,ord_00059
pay_00060,ord_00060,2499,INR,captured,ord_00060
pay_00061,ord_00061,999,INR,captured,ord_00061
pay_00062,ord_00062,4999,INR,captured,ord_00062
pay_00063,ord_00063,2499,INR,captured,ord_00063
pay_00064,ord_00064,999,INR,captured,ord_00064
pay_00065,ord_00065,2499,INR,captured,ord_00065
pay_00066,ord_00066,799,INR,captured,ord_00066
pay_00067,ord_00067,4999,INR,captured,ord_00067
pay_00068,ord_00068,499,INR,captured,ord_00068
pay_00069,ord_00069,499,INR,captured,ord_00069
pay_00070,ord_00070,4999,INR,captured,ord_00070
pay_00071,ord_00071,799,INR,captured,ord_00071
pay_00072,ord_00072,999,INR,captured,ord_00072
pay_00073,ord_00073,499,INR,captured,ord_00073
pay_00074,ord_00074,799,INR,captured,ord_00074
pay_00075,ord_00075,499,INR,captured,ord_00075
pay_00076,ord_00076,1499,INR,captured,ord_00076
pay_00077,ord_00077,999,INR,captured,ord_00077
pay_00078,ord_00078,1499,INR,captured,ord_00078
pay_00079,ord_00079,4999,INR,captured,ord_00079
pay_00080,ord_00080,999,INR,captured,ord_00080
pay_00081,ord_00081,799,INR,captured,ord_00081
pay_00082,ord_00082,999,INR,captured,ord_00082
pay_00083,ord_00083,999,INR,captured,ord_00083
pay_00084,ord_00084,799,INR,captured,ord_00084
pay_00085,ord_00085,4999,INR,captured,ord_00085
pay_00086,ord_00086,999,INR,captured,ord_00086
pay_00087,ord_00087,4999,INR,captured,ord_00087
pay_00088,ord_00088,4999,INR,captured,ord_00088
pay_00089,ord_00089,4999,INR,captured,ord_00089
pay_00090,ord_00090,499,INR,captured,ord_00090
pay_00091,ord_00091,2499,INR,captured,ord_00091
pay_00092,ord_00092,4999,INR,captured,ord_00092
pay_00093,ord_00093,799,INR,captured,ord_00093
pay_00094,ord_00094,2499,INR,captured,ord_00094
pay_00095,ord_00095,4999,INR,captured,ord_00095
pay_00096,ord_00096,799,INR,captured,ord_00096
pay_00097,ord_00097,799,INR,captured,ord_00097
pay_00098,ord_00098,1499,INR,captured,ord_00098
pay_00099,ord_00099,1499,INR,captured,ord_00099
pay_00100,ord_00100,999,INR,captured,ord_00100
pay_00101,ord_00101,4999,INR,captured,ord_00101
pay_00102,ord_00102,4999,INR,captured,ord_00102
pay_00103,ord_00103,2499,INR,captured,ord_00103
pay_00104,ord_00104,799,INR,captured,ord_00104
pay_00105,ord_00105,4999,INR,captured,ord_00105
pay_00106,ord_00106,999,INR,captured,ord_00106
pay_00107,ord_00107,499,INR,captured,ord_00107
pay_00108,ord_00108,799,INR,captured,ord_00108
pay_00109,ord_00109,499,INR,captured,ord_00109
pay_00110,ord_00110,999,INR,captured,ord_00110
pay_00111,ord_00111,1499,INR,captured,ord_00111
pay_00112,ord_00112,999,INR,captured,ord_00112
pay_00113,ord_00113,499,INR,captured,ord_00113
pay_00114,ord_00114,799,INR,captured,ord_00114
pay_00115,ord_00115,2499,INR,captured,ord_00115
pay_00116,ord_00116,4999,INR,captured,ord_00116
pay_00117,ord_00117,999,INR,captured,ord_00117
pay_00118,ord_00118,799,INR,captured,ord_00118
pay_00119,ord_00119,4999,INR,captured,ord_00119
pay_00120,ord_00120,1499,INR,captured,ord_00120
pay_00121,ord_00121,1499,INR,captured,ord_00121
pay_00122,ord_00122,4999,INR,captured,ord_00122
pay_00123,ord_00123,1499,INR,captured,ord_00123
pay_00124,ord_00124,799,INR,captured,ord_00124
pay_00125,ord_00125,999,INR,captured,ord_00125
pay_00126,ord_00126,799,INR,captured,ord_00126
pay_00127,ord_00127,799,INR,captured,ord_00127
pay_00128,ord_00128,4999,INR,captured,ord_00128
pay_00129,ord_00129,2499,INR,captured,ord_00129
pay_00130,ord_00130,2499,INR,captured,ord_00130
pay_00131,ord_00131,999,INR,captured,ord_00131
pay_00132,ord_00132,4999,INR,captured,ord_00132
pay_00133,ord_00133,2499,INR,captured,ord_00133
pay_00134,ord_00134,1499,INR,captured,ord_00134
pay_00135,ord_00135,2499,INR,captured,ord_00135
pay_00136,ord_00136,1499,INR,captured,ord_00136
pay_00137,ord_00137,999,INR,captured,ord_00137
pay_00138,ord_00138,799,INR,captured,ord_00138
pay_00139,ord_00139,799,INR,captured,ord_00139
pay_00140,ord_00140,2499,INR,captured,ord_00140
pay_00141,ord_00141,1499,INR,captured,ord_00141
pay_00142,ord_00142,499,INR,captured,ord_00142
pay_00143,ord_00143,499,INR,captured,ord_00143
pay_00144,ord_00144,499,INR,captured,ord_00144
pay_00145,ord_00145,799,INR,captured,ord_00145
pay_00146,ord_00146,4999,INR,captured,ord_00146
pay_00147,ord_00147,799,INR,captured,ord_00147
pay_00148,ord_00148,4999,INR,captured,ord_00148
pay_00149,ord_00149,1499,INR,captured,ord_00149
pay_00150,ord_00150,2499,INR,captured,ord_00150
pay_00151,ord_00151,499,INR,captured,ord_00151
pay_00152,ord_00152,1499,INR,captured,ord_00152
pay_00153,ord_00153,1499,INR,captured,ord_00153
pay_00154,ord_00154,2499,INR,captured,ord_00154
pay_00155,ord_00155,1499,INR,captured,ord_00155
pay_00156,ord_00156,2499,INR,captured,ord_00156
pay_00157,ord_00157,999,INR,captured,ord_00157
pay_00158,ord_00158,2499,INR,captured,ord_00158
pay_00159,ord_00159,499,INR,captured,ord_00159
pay_00160,ord_00160,4999,INR,captured,ord_00160
pay_00161,ord_00161,4999,INR,captured,ord_00161
pay_00162,ord_00162,499,INR,captured,ord_00162
pay_00163,ord_00163,4999,INR,captured,ord_00163
pay_00164,ord_00164,2499,INR,captured,ord_00164
pay_00165,ord_00165,999,INR,captured,ord_00165
pay_00166,ord_00166,4999,INR,captured,ord_00166
pay_00167,ord_00167,999,INR,captured,ord_00167
pay_00168,ord_00168,499,INR,captured,ord_00168
pay_00169,ord_00169,999,INR,captured,ord_00169
pay_00170,ord_00170,1499,INR,captured,ord_00170
pay_00171,ord_00171,799,INR,captured,ord_00171
pay_00172,ord_00172,1499,INR,captured,ord_00172
pay_00173,ord_00173,499,INR,captured,ord_00173
pay_00174,ord_00174,4999,INR,captured,ord_00174
pay_00175,ord_00175,4999,INR,captured,ord_00175
pay_00176,ord_00176,999,INR,captured,ord_00176
pay_00177,ord_00177,2499,INR,captured,ord_00177
pay_00178,ord_00178,799,INR,captured,ord_00178
pay_00179,ord_00179,2499,INR,captured,ord_00179
pay_00180,ord_00180,499,INR,captured,ord_00180
pay_00181,ord_00181,4999,INR,captured,ord_00181
pay_00182,ord_00182,999,INR,captured,ord_00182
pay_00183,ord_00183,4999,INR,captured,ord_00183
pay_00184,ord_00184,2499,INR,captured,ord_00184
pay_00185,ord_00185,2499,INR,captured,ord_00185
pay_00186,ord_00186,799,INR,captured,ord_00186
pay_00187,ord_00187,799,INR,captured,ord_00187
pay_00188,ord_00188,999,INR,captured,ord_00188
pay_00189,ord_00189,799,INR,captured,ord_00189
pay_00190,ord_00190,2499,INR,captured,ord_00190
pay_00191,ord_00191,2499,INR,captured,ord_00191
pay_00192,ord_00192,499,INR,captured,ord_00192
pay_00193,ord_00193,2499,INR,captured,ord_00193
pay_00194,ord_00194,999,INR,captured,ord_00194
pay_00195,ord_00195,1499,INR,captured,ord_00195
pay_00196,ord_00196,499,INR,captured,ord_00196
pay_00197,ord_00197,499,INR,captured,ord_00197
pay_00198,ord_00198,999,INR,captured,ord_00198
pay_00199,ord_00199,999,INR,captured,ord_00199
pay_00200,ord_00200,799,INR,captured,ord_00200
pay_00201,ord_00201,499,INR,captured,ord_00201
pay_00202,ord_00202,799,INR,captured,ord_00202
pay_00203,ord_00203,2499,INR,captured,ord_00203
pay_00204,ord_00204,499,INR,captured,ord_00204
pay_00205,ord_00205,499,INR,captured,ord_00205
pay_00206,ord_00206,4999,INR,captured,ord_00206
pay_00207,ord_00207,1499,INR,captured,ord_00207
pay_00208,ord_00208,499,INR,captured,ord_00208
pay_00209,ord_00209,2499,INR,captured,ord_00209
pay_00210,ord_00210,799,INR,captured,ord_00210
pay_00211,ord_00211,799,INR,captured,ord_00211
pay_00212,ord_00212,4999,INR,captured,ord_00212
pay_00213,ord_00213,1499,INR,captured,ord_00213
pay_00214,ord_00214,2499,INR,captured,ord_00214
pay_00215,ord_00215,799,INR,captured,ord_00215
pay_00216,ord_00216,999,INR,captured,ord_00216
pay_00217,ord_00217,2499,INR,captured,ord_00217
pay_00218,ord_00218,2499,INR,captured,ord_00218
pay_00219,ord_00219,1499,INR,captured,ord_00219
pay_00220,ord_00220,799,INR,captured,ord_00220
pay_00221,ord_00221,2499,INR,captured,ord_00221
pay_00222,ord_00222,4999,INR,captured,ord_00222
pay_00223,ord_00223,4999,INR,captured,ord_00223
pay_00224,ord_00224,799,INR,captured,ord_00224
pay_00225,ord_00225,4999,INR,captured,ord_00225
pay_00226,ord_00226,999,INR,captured,ord_00226
pay_00227,ord_00227,1499,INR,captured,ord_00227
pay_00228,ord_00228,4999,INR,captured,ord_00228
pay_00229,ord_00229,4999,INR,captured,ord_00229
pay_00230,ord_00230,999,INR,captured,ord_00230
pay_00231,ord_00231,1499,INR,captured,ord_00231
pay_00232,ord_00232,2499,INR,captured,ord_00232
pay_00233,ord_00233,1499,INR,captured,ord_00233
pay_00234,ord_00234,499,INR,captured,ord_00234
pay_00235,ord_00235,799,INR,captured,ord_00235
pay_00236,ord_00236,799,INR,captured,ord_00236
pay_00237,ord_00237,499,INR,captured,ord_00237
pay_00238,ord_00238,999,INR,captured,ord_00238
pay_00239,ord_00239,499,INR,captured,ord_00239
pay_00240,ord_00240,2499,INR,captured,ord_00240
pay_00241,ord_00241,2499,INR,captured,ord_00241
pay_00242,ord_00242,799,INR,captured,ord_00242
pay_00243,ord_00243,2499,INR,captured,ord_00243
pay_00244,ord_00244,799,INR,captured,ord_00244
pay_00245,ord_00245,499,INR,captured,ord_00245
pay_00246,ord_00246,499,INR,captured,ord_00246
pay_00247,ord_00247,4999,INR,captured,ord_00247
pay_00248,ord_00248,4999,INR,captured,ord_00248
pay_00249,ord_00249,499,INR,captured,ord_00249
pay_00250,ord_00250,799,INR,captured,ord_00250
pay_00251,ord_00251,499,INR,captured,ord_00251
pay_00252,ord_00252,499,INR,captured,ord_00252
pay_00253,ord_00253,999,INR,captured,ord_00253
pay_00254,ord_00254,499,INR,captured,ord_00254
pay_00255,ord_00255,2499,INR,captured,ord_00255
pay_00256,ord_00256,799,INR,captured,ord_00256
pay_00257,ord_00257,999,INR,captured,ord_00257
pay_00258,ord_00258,4999,INR,captured,ord_00258
pay_00259,ord_00259,1499,INR,captured,ord_00259
pay_00260,ord_00260,799,INR,captured,ord_00260
pay_00261,ord_00261,2499,INR,captured,ord_00261
pay_00262,ord_00262,799,INR,captured,ord_00262
pay_00263,ord_00263,4999,INR,captured,ord_00263
pay_00264,ord_00264,2499,INR,captured,ord_00264
pay_00265,ord_00265,2499,INR,captured,ord_00265
pay_00266,ord_00266,1499,INR,captured,ord_00266
pay_00267,ord_00267,799,INR,captured,ord_00267
pay_00268,ord_00268,1499,INR,captured,ord_00268
pay_00269,ord_00269,1499,INR,captured,ord_00269
pay_00270,ord_00270,799,INR,captured,ord_00270
pay_00271,ord_00271,499,INR,captured,ord_00271
pay_00272,ord_00272,499,INR,captured,ord_00272
pay_00273,ord_00273,4999,INR,captured,ord_00273
pay_00274,ord_00274,1499,INR,captured,ord_00274
pay_00275,ord_00275,999,INR,captured,ord_00275
pay_00276,ord_00276,1499,INR,captured,ord_00276
pay_00277,ord_00277,1499,INR,captured,ord_00277
pay_00278,ord_00278,1499,INR,captured,ord_00278
pay_00279,ord_00279,4999,INR,captured,ord_00279
pay_00280,ord_00280,499,INR,captured,ord_00280
pay_00281,ord_00281,4999,INR,captured,ord_00281
pay_00282,ord_00282,4999,INR,captured,ord_00282
pay_00283,ord_00283,4999,INR,captured,ord_00283
pay_00284,ord_00284,499,INR,captured,ord_00284
pay_00285,ord_00285,499,INR,captured,ord_00285
pay_00286,ord_00286,1499,INR,captured,ord_00286
pay_00287,ord_00287,4999,INR,captured,ord_00287
pay_00288,ord_00288,999,INR,captured,ord_00288
pay_00289,ord_00289,499,INR,captured,ord_00289
pay_00290,ord_00290,799,INR,captured,ord_00290
pay_00291,ord_00291,799,INR,captured,ord_00291
pay_00292,ord_00292,799,INR,captured,ord_00292
pay_00293,ord_00293,2499,INR,captured,ord_00293
pay_00294,ord_00294,1499,INR,captured,ord_00294
pay_00295,ord_00295,799,INR,captured,ord_00295
pay_00296,ord_00296,1499,INR,captured,ord_00296
pay_00297,ord_00297,799,INR,captured,ord_00297
pay_00298,ord_00298,999,INR,captured,ord_00298
pay_00299,ord_00299,1499,INR,captured,ord_00299
pay_00300,ord_00300,799,INR,captured,ord_00300
pay_00301,ord_00301,499,INR,captured,ord_00301
pay_00302,ord_00302,1499,INR,captured,ord_00302
pay_00303,ord_00303,2499,INR,captured,ord_00303
pay_00304,ord_00304,499,INR,captured,ord_00304
pay_00305,ord_00305,499,INR,captured,ord_00305
pay_00306,ord_00306,4999,INR,captured,ord_00306
pay_00307,ord_00307,2499,INR,captured,ord_00307
pay_00308,ord_00308,499,INR,captured,ord_00308
pay_00309,ord_00309,499,INR,captured,ord_00309
pay_00310,ord_00310,799,INR,captured,ord_00310
pay_00311,ord_00311,799,INR,captured,ord_00311
pay_00312,ord_00312,1499,INR,captured,ord_00312
pay_00313,ord_00313,1499,INR,captured,ord_00313
pay_00314,ord_00314,1499,INR,captured,ord_00314
pay_00315,ord_00315,799,INR,captured,ord_00315
pay_00316,ord_00316,1499,INR,captured,ord_00316
pay_00317,ord_00317,499,INR,captured,ord_00317
pay_00318,ord_00318,799,INR,captured,ord_00318
pay_00319,ord_00319,1499,INR,captured,ord_00319
pay_00320,ord_00320,499,INR,captured,ord_00320
pay_00321,ord_00321,1499,INR,captured,ord_00321
pay_00322,ord_00322,999,INR,captured,ord_00322
pay_00323,ord_00323,1499,INR,captured,ord_00323
pay_00324,ord_00324,999,INR,captured,ord_00324
pay_00325,ord_00325,1499,INR,captured,ord_00325
pay_00326,ord_00326,4999,INR,captured,ord_00326
pay_00327,ord_00327,4999,INR,captured,ord_00327
pay_00328,ord_00328,2499,INR,captured,ord_00328
pay_00329,ord_00329,4999,INR,captured,ord_00329
pay_00330,ord_00330,4999,INR,captured,ord_00330
pay_00331,ord_00331,1499,INR,captured,ord_00331
pay_00332,ord_00332,799,INR,captured,ord_00332
pay_00333,ord_00333,799,INR,captured,ord_00333
pay_00334,ord_00334,999,INR,captured,ord_00334
pay_00335,ord_00335,799,INR,captured,ord_00335
pay_00336,ord_00336,499,INR,captured,ord_00336
pay_00337,ord_00337,2499,INR,captured,ord_00337
pay_00338,ord_00338,4999,INR,captured,ord_00338
pay_00339,ord_00339,2499,INR,captured,ord_00339
pay_00340,ord_00340,499,INR,captured,ord_00340
pay_00341,ord_00341,4999,INR,captured,ord_00341
pay_00342,ord_00342,999,INR,captured,ord_00342
pay_00343,ord_00343,499,INR,captured,ord_00343
pay_00344,ord_00344,499,INR,captured,ord_00344
pay_00345,ord_00345,2499,INR,captured,ord_00345
pay_00346,ord_00346,1499,INR,captured,ord_00346
pay_00347,ord_00347,2499,INR,captured,ord_00347
pay_00348,ord_00348,2499,INR,captured,ord_00348
pay_00349,ord_00349,799,INR,captured,ord_00349
pay_00350,ord_00350,499,INR,captured,ord_00350
pay_00351,ord_00351,2499,INR,captured,ord_00351
pay_00352,ord_00352,499,INR,captured,ord_00352
pay_00353,ord_00353,799,INR,captured,ord_00353
pay_00354,ord_00354,499,INR,captured,ord_00354
pay_00355,ord_00355,2499,INR,captured,ord_00355
pay_00356,ord_00356,499,INR,captured,ord_00356
pay_00357,ord_00357,4999,INR,captured,ord_00357
pay_00358,ord_00358,799,INR,captured,ord_00358
pay_00359,ord_00359,1499,INR,captured,ord_00359
pay_00360,ord_00360,499,INR,captured,ord_00360
pay_00361,ord_00361,2499,INR,captured,ord_00361
pay_00362,ord_00362,799,INR,captured,ord_00362
pay_00363,ord_00363,2499,INR,captured,ord_00363
pay_00364,ord_00364,2499,INR,captured,ord_00364
pay_00365,ord_00365,499,INR,captured,ord_00365
pay_00366,ord_00366,2499,INR,captured,ord_00366
pay_00367,ord_00367,499,INR,captured,ord_00367
pay_00368,ord_00368,1499,INR,captured,ord_00368
pay_00369,ord_00369,4999,INR,captured,ord_00369
pay_00370,ord_00370,2499,INR,captured,ord_00370
pay_00371,ord_00371,2499,INR,captured,ord_00371
pay_00372,ord_00372,2499,INR,captured,ord_00372
pay_00373,ord_00373,999,INR,captured,ord_00373
pay_00374,ord_00374,999,INR,captured,ord_00374
pay_00375,ord_00375,799,INR,captured,ord_00375
pay_00376,ord_00376,4999,INR,captured,ord_00376
pay_00377,ord_00377,4999,INR,captured,ord_00377
pay_00378,ord_00378,999,INR,captured,ord_00378
pay_00379,ord_00379,799,INR,captured,ord_00379
pay_00380,ord_00380,999,INR,captured,ord_00380
pay_00381,ord_00381,1499,INR,captured,ord_00381
pay_00382,ord_00382,799,INR,captured,ord_00382
pay_00383,ord_00383,4999,INR,captured,ord_00383
pay_00384,ord_00384,4999,INR,captured,ord_00384
pay_00385,ord_00385,999,INR,captured,ord_00385
pay_00386,ord_00386,1499,INR,captured,ord_00386
pay_00387,ord_00387,999,INR,captured,ord_00387
pay_00388,ord_00388,499,INR,captured,ord_00388
pay_00389,ord_00389,499,INR,captured,ord_00389
pay_00390,ord_00390,1499,INR,captured,ord_00390
pay_00391,ord_00391,2499,INR,captured,ord_00391
pay_00392,ord_00392,2499,INR,captured,ord_00392
pay_00393,ord_00393,499,INR,captured,ord_00393
pay_00394,ord_00394,499,INR,captured,ord_00394
pay_00395,ord_00395,2499,INR,captured,ord_00395
pay_00396,ord_00396,799,INR,captured,ord_00396
pay_00397,ord_00397,2499,INR,captured,ord_00397
pay_00398,ord_00398,999,INR,captured,ord_00398
pay_00399,ord_00399,799,INR,captured,ord_00399
pay_00400,ord_00400,999,INR,captured,ord_00400
pay_00401,ord_00401,499,INR,captured,ord_00401
pay_00402,ord_00402,799,INR,captured,ord_00402
pay_00403,ord_00403,999,INR,captured,ord_00403
pay_00404,ord_00404,999,INR,captured,ord_00404
pay_00405,ord_00405,799,INR,captured,ord_00405
pay_00406,ord_00406,1499,INR,captured,ord_00406
pay_00407,ord_00407,2499,INR,captured,ord_00407
pay_00408,ord_00408,4999,INR,captured,ord_00408
pay_00409,ord_00409,999,INR,captured,ord_00409
pay_00410,ord_00410,2499,INR,captured,ord_00410
pay_00411,ord_00411,4999,INR,captured,ord_00411
pay_00412,ord_00412,2499,INR,captured,ord_00412
pay_00413,ord_00413,499,INR,captured,ord_00413
pay_00414,ord_00414,4999,INR,captured,ord_00414
pay_00415,ord_00415,2499,INR,captured,ord_00415
pay_00416,ord_00416,999,INR,captured,ord_00416
pay_00417,ord_00417,4999,INR,captured,ord_00417
pay_00418,ord_00418,499,INR,captured,ord_00418
pay_00419,ord_00419,799,INR,captured,ord_00419
pay_00420,ord_00420,999,INR,captured,ord_00420
pay_00421,ord_00421,499,INR,captured,ord_00421
pay_00422,ord_00422,499,INR,captured,ord_00422
pay_00423,ord_00423,4999,INR,captured,ord_00423
pay_00424,ord_00424,2499,INR,captured,ord_00424
pay_00425,ord_00425,799,INR,captured,ord_00425
pay_00426,ord_00426,999,INR,captured,ord_00426
pay_00427,ord_00427,999,INR,captured,ord_00427
pay_00428,ord_00428,2499,INR,captured,ord_00428
pay_00429,ord_00429,799,INR,captured,ord_00429
pay_00430,ord_00430,4999,INR,captured,ord_00430
pay_00431,ord_00431,999,INR,captured,ord_00431
pay_00432,ord_00432,799,INR,captured,ord_00432
pay_00433,ord_00433,4999,INR,captured,ord_00433
pay_00434,ord_00434,4999,INR,captured,ord_00434
pay_00435,ord_00435,999,INR,captured,ord_00435
pay_00436,ord_00436,2499,INR,captured,ord_00436
pay_00437,ord_00437,1499,INR,captured,ord_00437
pay_00438,ord_00438,999,INR,captured,ord_00438
pay_00439,ord_00439,499,INR,captured,ord_00439
pay_00440,ord_00440,499,INR,captured,ord_00440
pay_00441,ord_00441,4999,INR,captured,ord_00441
pay_00442,ord_00442,1499,INR,captured,ord_00442
pay_00443,ord_00443,999,INR,captured,ord_00443
pay_00444,ord_00444,499,INR,captured,ord_00444
pay_00445,ord_00445,499,INR,captured,ord_00445
pay_00446,ord_00446,999,INR,captured,ord_00446
pay_00447,ord_00447,799,INR,captured,ord_00447
pay_00448,ord_00448,4999,INR,captured,ord_00448
pay_00449,ord_00449,999,INR,captured,ord_00449
pay_00450,ord_00450,799,INR,captured,ord_00450
pay_00451,ord_00451,4999,INR,captured,ord_00451
pay_00452,ord_00452,1499,INR,captured,ord_00452
pay_00453,ord_00453,2499,INR,captured,ord_00453
pay_00454,ord_00454,4999,INR,captured,ord_00454
pay_00455,ord_00455,1499,INR,captured,ord_00455
pay_00456,ord_00456,2499,INR,captured,ord_00456
pay_00457,ord_00457,499,INR,captured,ord_00457
pay_00458,ord_00458,499,INR,captured,ord_00458
pay_00459,ord_00459,499,INR,captured,ord_00459
pay_00460,ord_00460,4999,INR,captured,ord_00460
pay_00461,ord_00461,799,INR,captured,ord_00461
pay_00462,ord_00462,2499,INR,captured,ord_00462
pay_00463,ord_00463,499,INR,captured,ord_00463
pay_00464,ord_00464,999,INR,captured,ord_00464
pay_00465,ord_00465,2499,INR,captured,ord_00465
pay_00466,ord_00466,2499,INR,captured,ord_00466
pay_00467,ord_00467,799,INR,captured,ord_00467
pay_00468,ord_00468,1499,INR,captured,ord_00468
pay_00469,ord_00469,799,INR,captured,ord_00469
pay_00470,ord_00470,499,INR,captured,ord_00470
pay_00471,ord_00471,999,INR,captured,ord_00471
pay_00472,ord_00472,999,INR,captured,ord_00472
pay_00473,ord_00473,499,INR,captured,ord_00473
pay_00474,ord_00474,999,INR,captured,ord_00474
pay_00475,ord_00475,799,INR,captured,ord_00475
pay_00476,ord_00476,4999,INR,captured,ord_00476
pay_00477,ord_00477,799,INR,captured,ord_00477
pay_00478,ord_00478,4999,INR,captured,ord_00478
pay_00479,ord_00479,499,INR,captured,ord_00479
pay_00480,ord_00480,999,INR,captured,ord_00480
pay_00481,ord_00481,2499,INR,captured,ord_00481
pay_00482,ord_00482,1499,INR,captured,ord_00482
pay_00483,ord_00483,2499,INR,captured,ord_00483
pay_00484,ord_00484,4999,INR,captured,ord_00484
pay_00485,ord_00485,799,INR,captured,ord_00485
pay_00486,ord_00486,799,INR,captured,ord_00486
pay_00487,ord_00487,799,INR,captured,ord_00487
pay_00488,ord_00488,799,INR,captured,ord_00488
pay_00489,ord_00489,1499,INR,captured,ord_00489
pay_00490,ord_00490,499,INR,captured,ord_00490
pay_00491,ord_00491,799,INR,captured,ord_00491
pay_00492,ord_00492,4999,INR,captured,ord_00492
pay_00493,ord_00493,999,INR,captured,ord_00493
pay_00494,ord_00494,1499,INR,captured,ord_00494
pay_00495,ord_00495,4999,INR,captured,ord_00495
pay_00496,ord_00496,4999,INR,captured,ord_00496
pay_00497,ord_00497,799,INR,captured,ord_00497
pay_00498,ord_00498,999,INR,captured,ord_00498
pay_00499,ord_00499,799,INR,captured,ord_00499
pay_00500,ord_00500,4999,INR,captured,ord_00500
pay_00501,ord_00501,499,INR,captured,ord_00501
pay_00502,ord_00502,1499,INR,captured,ord_00502
pay_00503,ord_00503,499,INR,captured,ord_00503
pay_00504,ord_00504,1499,INR,captured,ord_00504
pay_00505,ord_00505,799,INR,captured,ord_00505
pay_00506,ord_00506,799,INR,captured,ord_00506
pay_00507,ord_00507,1499,INR,captured,ord_00507
pay_00508,ord_00508,999,INR,captured,ord_00508
pay_00509,ord_00509,999,INR,captured,ord_00509
pay_00510,ord_00510,799,INR,captured,ord_00510
pay_00511,ord_00511,799,INR,captured,ord_00511
pay_00512,ord_00512,499,INR,captured,ord_00512
pay_00513,ord_00513,4999,INR,captured,ord_00513
pay_00514,ord_00514,799,INR,captured,ord_00514
pay_00515,ord_00515,1499,INR,captured,ord_00515
pay_00516,ord_00516,999,INR,captured,ord_00516
pay_00517,ord_00517,999,INR,captured,ord_00517
pay_00518,ord_00518,499,INR,captured,ord_00518
pay_00519,ord_00519,999,INR,captured,ord_00519
pay_00520,ord_00520,999,INR,captured,ord_00520
pay_00521,ord_00521,4999,INR,captured,ord_00521
pay_00522,ord_00522,2499,INR,captured,ord_00522
pay_00523,ord_00523,1499,INR,captured,ord_00523
pay_00524,ord_00524,4999,INR,captured,ord_00524
pay_00525,ord_00525,2499,INR,captured,ord_00525
pay_00526,ord_00526,999,INR,captured,ord_00526
pay_00527,ord_00527,499,INR,captured,ord_00527
pay_00528,ord_00528,499,INR,captured,ord_00528
pay_00529,ord_00529,999,INR,captured,ord_00529
pay_00530,ord_00530,799,INR,captured,ord_00530
pay_00531,ord_00531,2499,INR,captured,ord_00531
pay_00532,ord_00532,999,INR,captured,ord_00532
pay_00533,ord_00533,499,INR,captured,ord_00533
pay_00534,ord_00534,499,INR,captured,ord_00534
pay_00535,ord_00535,2499,INR,captured,ord_00535
pay_00536,ord_00536,1499,INR,captured,ord_00536
pay_00537,ord_00537,999,INR,captured,ord_00537
pay_00538,ord_00538,4999,INR,captured,ord_00538
pay_00539,ord_00539,999,INR,captured,ord_00539
pay_00540,ord_00540,1499,INR,captured,ord_00540
pay_00541,ord_00541,2499,INR,captured,ord_00541
pay_00542,ord_00542,2499,INR,captured,ord_00542
pay_00543,ord_00543,499,INR,captured,ord_00543
pay_00544,ord_00544,1499,INR,captured,ord_00544
pay_00545,ord_00545,2499,INR,captured,ord_00545
pay_00546,ord_00546,799,INR,captured,ord_00546
pay_00547,ord_00547,999,INR,captured,ord_00547
pay_00548,ord_00548,499,INR,captured,ord_00548
pay_00549,ord_00549,4999,INR,captured,ord_00549
pay_00550,ord_00550,1499,INR,captured,ord_00550
pay_00551,ord_00551,499,INR,captured,ord_00551
pay_00552,ord_00552,2499,INR,captured,ord_00552
pay_00553,ord_00553,2499,INR,captured,ord_00553
pay_00554,ord_00554,4999,INR,captured,ord_00554
pay_00555,ord_00555,4999,INR,captured,ord_00555
pay_00556,ord_00556,4999,INR,captured,ord_00556
pay_00557,ord_00557,4999,INR,captured,ord_00557
pay_00558,ord_00558,4999,INR,captured,ord_00558
pay_00559,ord_00559,799,INR,captured,ord_00559
pay_00560,ord_00560,999,INR,captured,ord_00560
pay_00561,ord_00561,1499,INR,captured,ord_00561
pay_00562,ord_00562,499,INR,captured,ord_00562
pay_00563,ord_00563,4999,INR,captured,ord_00563
pay_00564,ord_00564,999,INR,captured,ord_00564
pay_00565,ord_00565,2499,INR,captured,ord_00565
pay_00566,ord_00566,999,INR,captured,ord_00566
pay_00567,ord_00567,4999,INR,captured,ord_00567
pay_00568,ord_00568,499,INR,captured,ord_00568
pay_00569,ord_00569,4999,INR,captured,ord_00569
pay_00570,ord_00570,999,INR,captured,ord_00570
pay_00571,ord_00571,2499,INR,captured,ord_00571
pay_00572,ord_00572,999,INR,captured,ord_00572
pay_00573,ord_00573,4999,INR,captured,ord_00573
pay_00574,ord_00574,1499,INR,captured,ord_00574
pay_00575,ord_00575,999,INR,captured,ord_00575
pay_00576,ord_00576,1499,INR,captured,ord_00576
pay_00577,ord_00577,4999,INR,captured,ord_00577
pay_00578,ord_00578,999,INR,captured,ord_00578
pay_00579,ord_00579,2499,INR,captured,ord_00579
pay_00580,ord_00580,799,INR,captured,ord_00580
pay_00581,ord_00581,799,INR,captured,ord_00581
pay_00582,ord_00582,1499,INR,captured,ord_00582
pay_00583,ord_00583,4999,INR,captured,ord_00583
pay_00584,ord_00584,1499,INR,captured,ord_00584
pay_00585,ord_00585,4999,INR,captured,ord_00585
pay_00586,ord_00586,4999,INR,captured,ord_00586
pay_00587,ord_00587,799,INR,captured,ord_00587
pay_00588,ord_00588,2499,INR,captured,ord_00588
pay_00589,ord_00589,2499,INR,captured,ord_00589
pay_00590,ord_00590,999,INR,captured,ord_00590
pay_00591,ord_00591,1499,INR,captured,ord_00591
pay_00592,ord_00592,2499,INR,captured,ord_00592
pay_00593,ord_00593,499,INR,captured,ord_00593
pay_00594,ord_00594,999,INR,captured,ord_00594
pay_00595,ord_00595,999,INR,captured,ord_00595
pay_00596,ord_00596,799,INR,captured,ord_00596
pay_00597,ord_00597,1499,INR,captured,ord_00597
pay_00598,ord_00598,2499,INR,captured,ord_00598
pay_00599,ord_00599,2499,INR,captured,ord_00599
pay_00600,ord_00600,4999,INR,captured,ord_00600
pay_00601,ord_00601,999,INR,captured,ord_00601
pay_00602,ord_00602,1499,INR,captured,ord_00602
pay_00603,ord_00603,1499,INR,captured,ord_00603
pay_00604,ord_00604,1499,INR,captured,ord_00604
pay_00605,ord_00605,4999,INR,captured,ord_00605
pay_00606,ord_00606,799,INR,captured,ord_00606
pay_00607,ord_00607,2499,INR,captured,ord_00607
pay_00608,ord_00608,1499,INR,captured,ord_00608
pay_00609,ord_00609,4999,INR,captured,ord_00609
pay_00610,ord_00610,799,INR,captured,ord_00610
pay_00611,ord_00611,4999,INR,captured,ord_00611
pay_00612,ord_00612,499,INR,captured,ord_00612
pay_00613,ord_00613,999,INR,captured,ord_00613
pay_00614,ord_00614,2499,INR,captured,ord_00614
pay_00615,ord_00615,4999,INR,captured,ord_00615
pay_00616,ord_00616,4999,INR,captured,ord_00616
pay_00617,ord_00617,2499,INR,captured,ord_00617
pay_00618,ord_00618,999,INR,captured,ord_00618
pay_00619,ord_00619,499,INR,captured,ord_00619
pay_00620,ord_00620,799,INR,captured,ord_00620
pay_00621,ord_00621,4999,INR,captured,ord_00621
pay_00622,ord_00622,999,INR,captured,ord_00622
pay_00623,ord_00623,799,INR,captured,ord_00623
pay_00624,ord_00624,799,INR,captured,ord_00624
pay_00625,ord_00625,799,INR,captured,ord_00625
pay_00626,ord_00626,499,INR,captured,ord_00626
pay_00627,ord_00627,499,INR,captured,ord_00627
pay_00628,ord_00628,799,INR,captured,ord_00628
pay_00629,ord_00629,1499,INR,captured,ord_00629
pay_00630,ord_00630,2499,INR,captured,ord_00630
pay_00631,ord_00631,499,INR,captured,ord_00631
pay_00632,ord_00632,1499,INR,captured,ord_00632
pay_00633,ord_00633,1499,INR,captured,ord_00633
pay_00634,ord_00634,4999,INR,captured,ord_00634
pay_00635,ord_00635,2499,INR,captured,ord_00635
pay_00636,ord_00636,799,INR,captured,ord_00636
pay_00637,ord_00637,4999,INR,captured,ord_00637
pay_00638,ord_00638,4999,INR,captured,ord_00638
pay_00639,ord_00639,1499,INR,captured,ord_00639
pay_00640,ord_00640,1499,INR,captured,ord_00640
pay_00641,ord_00641,1499,INR,captured,ord_00641
pay_00642,ord_00642,799,INR,captured,ord_00642
pay_00643,ord_00643,799,INR,captured,ord_00643
pay_00644,ord_00644,4999,INR,captured,ord_00644
pay_00645,ord_00645,4999,INR,captured,ord_00645
pay_00646,ord_00646,499,INR,captured,ord_00646
pay_00647,ord_00647,499,INR,captured,ord_00647
pay_00648,ord_00648,1499,INR,captured,ord_00648
pay_00649,ord_00649,799,INR,captured,ord_00649
pay_00650,ord_00650,799,INR,captured,ord_00650
pay_00651,ord_00651,4999,INR,captured,ord_00651
pay_00652,ord_00652,2499,INR,captured,ord_00652
pay_00653,ord_00653,1499,INR,captured,ord_00653
pay_00654,ord_00654,499,INR,captured,ord_00654
pay_00655,ord_00655,2499,INR,captured,ord_00655
pay_00656,ord_00656,799,INR,captured,ord_00656
pay_00657,ord_00657,499,INR,captured,ord_00657
pay_00658,ord_00658,1499,INR,captured,ord_00658
pay_00659,ord_00659,799,INR,captured,ord_00659
pay_00660,ord_00660,1499,INR,captured,ord_00660
pay_00661,ord_00661,4999,INR,captured,ord_00661
pay_00662,ord_00662,2499,INR,captured,ord_00662
pay_00663,ord_00663,2499,INR,captured,ord_00663
pay_00664,ord_00664,2499,INR,captured,ord_00664
pay_00665,ord_00665,999,INR,captured,ord_00665
pay_00666,ord_00666,1499,INR,captured,ord_00666
pay_00667,ord_00667,2499,INR,captured,ord_00667
pay_00668,ord_00668,4999,INR,captured,ord_00668
pay_00669,ord_00669,2499,INR,captured,ord_00669
pay_00670,ord_00670,1499,INR,captured,ord_00670
pay_00671,ord_00671,2499,INR,captured,ord_00671
pay_00672,ord_00672,1499,INR,captured,ord_00672
pay_00673,ord_00673,799,INR,captured,ord_00673
pay_00674,ord_00674,4999,INR,captured,ord_00674
pay_00675,ord_00675,1499,INR,captured,ord_00675
pay_00676,ord_00676,1499,INR,captured,ord_00676
pay_00677,ord_00677,999,INR,captured,ord_00677
pay_00678,ord_00678,799,INR,captured,ord_00678
pay_00679,ord_00679,4999,INR,captured,ord_00679
pay_00680,ord_00680,999,INR,captured,ord_00680
pay_00681,ord_00681,2499,INR,captured,ord_00681
pay_00682,ord_00682,1499,INR,captured,ord_00682
pay_00683,ord_00683,4999,INR,captured,ord_00683
pay_00684,ord_00684,799,INR,captured,ord_00684
pay_00685,ord_00685,999,INR,captured,ord_00685
pay_00686,ord_00686,1499,INR,captured,ord_00686
pay_00687,ord_00687,499,INR,captured,ord_00687
pay_00688,ord_00688,4999,INR,captured,ord_00688
pay_00689,ord_00689,999,INR,captured,ord_00689
pay_00690,ord_00690,799,INR,captured,ord_00690
pay_00691,ord_00691,999,INR,captured,ord_00691
pay_00692,ord_00692,999,INR,captured,ord_00692
pay_00693,ord_00693,999,INR,captured,ord_00693
pay_00694,ord_00694,2499,INR,captured,ord_00694
pay_00695,ord_00695,499,INR,captured,ord_00695
pay_00696,ord_00696,799,INR,captured,ord_00696
pay_00697,ord_00697,799,INR,captured,ord_00697
pay_00698,ord_00698,799,INR,captured,ord_00698
pay_00699,ord_00699,1499,INR,captured,ord_00699
pay_00700,ord_00700,4999,INR,captured,ord_00700
pay_00701,ord_00701,799,INR,captured,ord_00701
pay_00702,ord_00702,4999,INR,captured,ord_00702
pay_00703,ord_00703,799,INR,captured,ord_00703
pay_00704,ord_00704,499,INR,captured,ord_00704
pay_00705,ord_00705,1499,INR,captured,ord_00705
pay_00706,ord_00706,1499,INR,captured,ord_00706
pay_00707,ord_00707,999,INR,captured,ord_00707
pay_00708,ord_00708,2499,INR,captured,ord_00708
pay_00709,ord_00709,1499,INR,captured,ord_00709
pay_00710,ord_00710,1499,INR,captured,ord_00710
pay_00711,ord_00711,499,INR,captured,ord_00711
pay_00712,ord_00712,799,INR,captured,ord_00712
pay_00713,ord_00713,1499,INR,captured,ord_00713
pay_00714,ord_00714,1499,INR,captured,ord_00714
pay_00715,ord_00715,2499,INR,captured,ord_00715
pay_00716,ord_00716,4999,INR,captured,ord_00716
pay_00717,ord_00717,499,INR,captured,ord_00717
pay_00718,ord_00718,2499,INR,captured,ord_00718
pay_00719,ord_00719,1499,INR,captured,ord_00719
pay_00720,ord_00720,1499,INR,captured,ord_00720
pay_00721,ord_00721,499,INR,captured,ord_00721
pay_00722,ord_00722,999,INR,captured,ord_00722
pay_00723,ord_00723,999,INR,captured,ord_00723
pay_00724,ord_00724,1499,INR,captured,ord_00724
pay_00725,ord_00725,1499,INR,captured,ord_00725
pay_00726,ord_00726,2499,INR,captured,ord_00726
pay_00727,ord_00727,4999,INR,captured,ord_00727
pay_00728,ord_00728,4999,INR,captured,ord_00728
pay_00729,ord_00729,2499,INR,captured,ord_00729
pay_00730,ord_00730,2499,INR,captured,ord_00730
pay_00731,ord_00731,799,INR,captured,ord_00731
pay_00732,ord_00732,1499,INR,captured,ord_00732
pay_00733,ord_00733,799,INR,captured,ord_00733
pay_00734,ord_00734,999,INR,captured,ord_00734
pay_00735,ord_00735,1499,INR,captured,ord_00735
pay_00736,ord_00736,1499,INR,captured,ord_00736
pay_00737,ord_00737,499,INR,captured,ord_00737
pay_00738,ord_00738,1499,INR,captured,ord_00738
pay_00739,ord_00739,999,INR,captured,ord_00739
pay_00740,ord_00740,4999,INR,captured,ord_00740
pay_00741,ord_00741,4999,INR,captured,ord_00741
pay_00742,ord_00742,1499,INR,captured,ord_00742
pay_00743,ord_00743,4999,INR,captured,ord_00743
pay_00744,ord_00744,799,INR,captured,ord_00744
pay_00745,ord_00745,1499,INR,captured,ord_00745
pay_00746,ord_00746,799,INR,captured,ord_00746
pay_00747,ord_00747,2499,INR,captured,ord_00747
pay_00748,ord_00748,2499,INR,captured,ord_00748
pay_00749,ord_00749,499,INR,captured,ord_00749
pay_00750,ord_00750,1499,INR,captured,ord_00750
pay_00751,ord_00751,2499,INR,captured,ord_00751
pay_00752,ord_00752,2499,INR,captured,ord_00752
pay_00753,ord_00753,4999,INR,captured,ord_00753
pay_00754,ord_00754,499,INR,captured,ord_00754
pay_00755,ord_00755,499,INR,captured,ord_00755
pay_00756,ord_00756,4999,INR,captured,ord_00756
pay_00757,ord_00757,1499,INR,captured,ord_00757
pay_00758,ord_00758,799,INR,captured,ord_00758
pay_00759,ord_00759,1499,INR,captured,ord_00759
pay_00760,ord_00760,799,INR,captured,ord_00760
pay_00761,ord_00761,499,INR,captured,ord_00761
pay_00762,ord_00762,999,INR,captured,ord_00762
pay_00763,ord_00763,1499,INR,captured,ord_00763
pay_00764,ord_00764,999,INR,captured,ord_00764
pay_00765,ord_00765,799,INR,captured,ord_00765
pay_00766,ord_00766,1499,INR,captured,ord_00766
pay_00767,ord_00767,999,INR,captured,ord_00767
pay_00768,ord_00768,999,INR,captured,ord_00768
pay_00769,ord_00769,1499,INR,captured,ord_00769
pay_00770,ord_00770,999,INR,captured,ord_00770
pay_00771,ord_00771,1499,INR,captured,ord_00771
pay_00772,ord_00772,999,INR,captured,ord_00772
pay_00773,ord_00773,499,INR,captured,ord_00773
pay_00774,ord_00774,1499,INR,captured,ord_00774
pay_00775,ord_00775,499,INR,captured,ord_00775
pay_00776,ord_00776,4999,INR,captured,ord_00776
pay_00777,ord_00777,2499,INR,captured,ord_00777
pay_00778,ord_00778,499,INR,captured,ord_00778
pay_00779,ord_00779,999,INR,captured,ord_00779
pay_00780,ord_00780,799,INR,captured,ord_00780
pay_00781,ord_00781,4999,INR,captured,ord_00781
pay_00782,ord_00782,499,INR,captured,ord_00782
pay_00783,ord_00783,4999,INR,captured,ord_00783
pay_00784,ord_00784,499,INR,captured,ord_00784
pay_00785,ord_00785,499,INR,captured,ord_00785
pay_00786,ord_00786,799,INR,captured,ord_00786
pay_00787,ord_00787,799,INR,captured,ord_00787
pay_00788,ord_00788,499,INR,captured,ord_00788
pay_00789,ord_00789,2499,INR,captured,ord_00789
pay_00790,ord_00790,799,INR,captured,ord_00790
pay_00791,ord_00791,799,INR,captured,ord_00791
pay_00792,ord_00792,799,INR,captured,ord_00792
pay_00793,ord_00793,1499,INR,captured,ord_00793
pay_00794,ord_00794,4999,INR,captured,ord_00794
pay_00795,ord_00795,499,INR,captured,ord_00795
pay_00796,ord_00796,2499,INR,captured,ord_00796
pay_00797,ord_00797,799,INR,captured,ord_00797
pay_00798,ord_00798,1499,INR,captured,ord_00798
pay_00799,ord_00799,4999,INR,captured,ord_00799
pay_00800,ord_00800,999,INR,captured,ord_00800
pay_00801,ord_00801,999,INR,captured,ord_00801
pay_00802,ord_00802,799,INR,captured,ord_00802
pay_00803,ord_00803,2499,INR,captured,ord_00803
pay_00804,ord_00804,2499,INR,captured,ord_00804
pay_00805,ord_00805,4999,INR,captured,ord_00805
pay_00806,ord_00806,4999,INR,captured,ord_00806
pay_00807,ord_00807,499,INR,captured,ord_00807
pay_00808,ord_00808,799,INR,captured,ord_00808
pay_00809,ord_00809,999,INR,captured,ord_00809
pay_00810,ord_00810,499,INR,captured,ord_00810
pay_00811,ord_00811,2499,INR,captured,ord_00811
pay_00812,ord_00812,499,INR,captured,ord_00812
pay_00813,ord_00813,999,INR,captured,ord_00813
pay_00814,ord_00814,2499,INR,captured,ord_00814
pay_00815,ord_00815,4999,INR,captured,ord_00815
pay_00816,ord_00816,1499,INR,captured,ord_00816
pay_00817,ord_00817,1499,INR,captured,ord_00817
pay_00818,ord_00818,4999,INR,captured,ord_00818
pay_00819,ord_00819,799,INR,captured,ord_00819
pay_00820,ord_00820,499,INR,captured,ord_00820
pay_00821,ord_00821,2499,INR,captured,ord_00821
pay_00822,ord_00822,4999,INR,captured,ord_00822
pay_00823,ord_00823,4999,INR,captured,ord_00823
pay_00824,ord_00824,799,INR,captured,ord_00824
pay_00825,ord_00825,499,INR,captured,ord_00825
pay_00826,ord_00826,4999,INR,captured,ord_00826
pay_00827,ord_00827,999,INR,captured,ord_00827
pay_00828,ord_00828,4999,INR,captured,ord_00828
pay_00829,ord_00829,2499,INR,captured,ord_00829
pay_00830,ord_00830,499,INR,captured,ord_00830
pay_00831,ord_00831,2499,INR,captured,ord_00831
pay_00832,ord_00832,499,INR,captured,ord_00832
pay_00833,ord_00833,999,INR,captured,ord_00833
pay_00834,ord_00834,2499,INR,captured,ord_00834
pay_00835,ord_00835,1499,INR,captured,ord_00835
pay_00836,ord_00836,4999,INR,captured,ord_00836
pay_00837,ord_00837,999,INR,captured,ord_00837
pay_00838,ord_00838,499,INR,captured,ord_00838
pay_00839,ord_00839,2499,INR,captured,ord_00839
pay_00840,ord_00840,4999,INR,captured,ord_00840
pay_00841,ord_00841,999,INR,captured,ord_00841
pay_00842,ord_00842,499,INR,captured,ord_00842
pay_00843,ord_00843,1499,INR,captured,ord_00843
pay_00844,ord_00844,1499,INR,captured,ord_00844
pay_00845,ord_00845,499,INR,captured,ord_00845
pay_00846,ord_00846,1499,INR,captured,ord_00846
pay_00847,ord_00847,999,INR,captured,ord_00847
pay_00848,ord_00848,4999,INR,captured,ord_00848
pay_00849,ord_00849,1499,INR,captured,ord_00849
pay_00850,ord_00850,4999,INR,captured,ord_00850
pay_00851,ord_00851,799,INR,captured,ord_00851
pay_00852,ord_00852,1499,INR,captured,ord_00852
pay_00853,ord_00853,799,INR,captured,ord_00853
pay_00854,ord_00854,4999,INR,captured,ord_00854
pay_00855,ord_00855,2499,INR,captured,ord_00855
pay_00856,ord_00856,4999,INR,captured,ord_00856
pay_00857,ord_00857,999,INR,captured,ord_00857
pay_00858,ord_00858,2499,INR,captured,ord_00858
pay_00859,ord_00859,2499,INR,captured,ord_00859
pay_00860,ord_00860,1499,INR,captured,ord_00860
pay_00861,ord_00861,1499,INR,captured,ord_00861
pay_00862,ord_00862,1499,INR,captured,ord_00862
pay_00863,ord_00863,4999,INR,captured,ord_00863
pay_00864,ord_00864,2499,INR,captured,ord_00864
pay_00865,ord_00865,999,INR,captured,ord_00865
pay_00866,ord_00866,999,INR,captured,ord_00866
pay_00867,ord_00867,799,INR,captured,ord_00867
pay_00868,ord_00868,499,INR,captured,ord_00868
pay_00869,ord_00869,999,INR,captured,ord_00869
pay_00870,ord_00870,1499,INR,captured,ord_00870
pay_00871,ord_00871,799,INR,captured,ord_00871
pay_00872,ord_00872,1499,INR,captured,ord_00872
pay_00873,ord_00873,2499,INR,captured,ord_00873
pay_00874,ord_00874,2499,INR,captured,ord_00874
pay_00875,ord_00875,4999,INR,captured,ord_00875
pay_00876,ord_00876,1499,INR,captured,ord_00876
pay_00877,ord_00877,999,INR,captured,ord_00877
pay_00878,ord_00878,499,INR,captured,ord_00878
pay_00879,ord_00879,1499,INR,captured,ord_00879
pay_00880,ord_00880,999,INR,captured,ord_00880
pay_00881,ord_00881,799,INR,captured,ord_00881
pay_00882,ord_00882,1499,INR,captured,ord_00882
pay_00883,ord_00883,799,INR,captured,ord_00883
pay_00884,ord_00884,999,INR,captured,ord_00884
pay_00885,ord_00885,999,INR,captured,ord_00885
pay_00886,ord_00886,999,INR,captured,ord_00886
pay_00887,ord_00887,999,INR,captured,ord_00887
pay_00888,ord_00888,2499,INR,captured,ord_00888
pay_00889,ord_00889,4999,INR,captured,ord_00889
pay_00890,ord_00890,999,INR,captured,ord_00890
pay_00891,ord_00891,2499,INR,captured,ord_00891
pay_00892,ord_00892,499,INR,captured,ord_00892
pay_00893,ord_00893,2499,INR,captured,ord_00893
pay_00894,ord_00894,799,INR,captured,ord_00894
pay_00895,ord_00895,499,INR,captured,ord_00895
pay_00896,ord_00896,799,INR,captured,ord_00896
pay_00897,ord_00897,4999,INR,captured,ord_00897
pay_00898,ord_00898,1499,INR,captured,ord_00898
pay_00899,ord_00899,1499,INR,captured,ord_00899
pay_00900,ord_00900,2499,INR,captured,ord_00900
pay_00901,ord_00901,799,INR,captured,ord_00901
pay_00902,ord_00902,4999,INR,captured,ord_00902
pay_00903,ord_00903,1499,INR,captured,ord_00903
pay_00904,ord_00904,4999,INR,captured,ord_00904
pay_00905,ord_00905,4999,INR,captured,ord_00905
pay_00906,ord_00906,1499,INR,captured,ord_00906
pay_00907,ord_00907,1499,INR,captured,ord_00907
pay_00908,ord_00908,499,INR,captured,ord_00908
pay_00909,ord_00909,499,INR,captured,ord_00909
pay_00910,ord_00910,999,INR,captured,ord_00910
pay_00911,ord_00911,799,INR,captured,ord_00911
pay_00912,ord_00912,1499,INR,captured,ord_00912
pay_00913,ord_00913,4999,INR,captured,ord_00913
pay_00914,ord_00914,799,INR,captured,ord_00914
pay_00915,ord_00915,999,INR,captured,ord_00915
pay_00916,ord_00916,4999,INR,captured,ord_00916
pay_00917,ord_00917,2499,INR,captured,ord_00917
pay_00918,ord_00918,999,INR,captured,ord_00918
pay_00919,ord_00919,1499,INR,captured,ord_00919
pay_00920,ord_00920,2499,INR,captured,ord_00920
pay_00921,ord_00921,2499,INR,captured,ord_00921
pay_00922,ord_00922,999,INR,captured,ord_00922
pay_00923,ord_00923,1499,INR,captured,ord_00923
pay_00924,ord_00924,4999,INR,captured,ord_00924
pay_00925,ord_00925,2499,INR,captured,ord_00925
pay_00926,ord_00926,999,INR,captured,ord_00926
pay_00927,ord_00927,999,INR,captured,ord_00927
pay_00928,ord_00928,4999,INR,captured,ord_00928
pay_00929,ord_00929,1499,INR,captured,ord_00929
pay_00930,ord_00930,999,INR,captured,ord_00930
pay_00931,ord_00931,999,INR,captured,ord_00931
pay_00932,ord_00932,999,INR,captured,ord_00932
pay_00933,ord_00933,799,INR,captured,ord_00933
pay_00934,ord_00934,499,INR,captured,ord_00934
pay_00935,ord_00935,4999,INR,captured,ord_00935
pay_00936,ord_00936,799,INR,captured,ord_00936
pay_00937,ord_00937,999,INR,captured,ord_00937
pay_00938,ord_00938,499,INR,captured,ord_00938
pay_00939,ord_00939,4999,INR,captured,ord_00939
pay_00940,ord_00940,2499,INR,captured,ord_00940
pay_00941,ord_00941,4999,INR,captured,ord_00941
pay_00942,ord_00942,799,INR,captured,ord_00942
pay_00943,ord_00943,799,INR,captured,ord_00943
pay_00944,ord_00944,799,INR,captured,ord_00944
pay_00945,ord_00945,4999,INR,captured,ord_00945
pay_00946,ord_00946,1499,INR,captured,ord_00946
pay_00947,ord_00947,999,INR,captured,ord_00947
pay_00948,ord_00948,4999,INR,captured,ord_00948
pay_00949,ord_00949,2499,INR,captured,ord_00949
pay_00950,ord_00950,2499,INR,captured,ord_00950
pay_00951,ord_00951,2499,INR,captured,ord_00951
pay_00952,ord_00952,999,INR,captured,ord_00952
pay_00953,ord_00953,499,INR,captured,ord_00953
pay_00954,ord_00954,799,INR,captured,ord_00954
pay_00955,ord_00955,999,INR,captured,ord_00955
pay_00956,ord_00956,799,INR,captured,ord_00956
pay_00957,ord_00957,999,INR,captured,ord_00957
pay_00958,ord_00958,799,INR,captured,ord_00958
pay_00959,ord_00959,999,INR,captured,ord_00959
pay_00960,ord_00960,499,INR,captured,ord_00960
pay_00961,ord_00961,4999,INR,captured,ord_00961
pay_00962,ord_00962,2499,INR,captured,ord_00962
pay_00963,ord_00963,799,INR,captured,ord_00963
pay_00964,ord_00964,999,INR,captured,ord_00964
pay_00965,ord_00965,499,INR,captured,ord_00965
pay_00966,ord_00966,499,INR,captured,ord_00966
pay_00967,ord_00967,2499,INR,captured,ord_00967
pay_00968,ord_00968,999,INR,captured,ord_00968
pay_00969,ord_00969,4999,INR,captured,ord_00969
pay_00970,ord_00970,799,INR,captured,ord_00970
pay_00971,ord_00971,4999,INR,captured,ord_00971
pay_00972,ord_00972,1499,INR,captured,ord_00972
pay_00973,ord_00973,499,INR,captured,ord_00973
pay_00974,ord_00974,499,INR,captured,ord_00974
pay_00975,ord_00975,2499,INR,captured,ord_00975
pay_00976,ord_00976,999,INR,captured,ord_00976
pay_00977,ord_00977,1499,INR,captured,ord_00977
pay_00978,ord_00978,1499,INR,captured,ord_00978
pay_00979,ord_00979,1499,INR,captured,ord_00979
pay_00980,ord_00980,999,INR,captured,ord_00980
pay_00981,ord_00981,799,INR,captured,ord_00981
pay_00982,ord_00982,499,INR,captured,ord_00982
pay_00983,ord_00983,999,INR,captured,ord_00983
pay_00984,ord_00984,1499,INR,captured,ord_00984
pay_00985,ord_00985,499,INR,captured,ord_00985
pay_00986,ord_00986,499,INR,captured,ord_00986
pay_00987,ord_00987,1499,INR,captured,ord_00987
pay_00988,ord_00988,1499,INR,captured,ord_00988
pay_00989,ord_00989,499,INR,captured,ord_00989
pay_00990,ord_00990,2499,INR,captured,ord_00990
pay_00991,ord_00991,4999,INR,captured,ord_00991
pay_00992,ord_00992,4999,INR,captured,ord_00992
pay_00993,ord_00993,499,INR,captured,ord_00993
pay_00994,ord_00994,799,INR,captured,ord_00994
pay_00995,ord_00995,799,INR,captured,ord_00995
pay_00996,ord_00996,2499,INR,captured,ord_00996
pay_00997,ord_00997,999,INR,captured,ord_00997
pay_00998,ord_00998,499,INR,captured,ord_00998
pay_00999,ord_00999,799,INR,captured,ord_00999
pay_01000,ord_01000,499,INR,captured,ord_01000
