settlement_id,payment_id,gross_amount,fee,tax,net_amount,currency
set_00001,pay_00001,4999,99.98,18.0,4881.02,INR
set_00002,pay_00002,499,9.98,1.8,487.22,INR
set_00003,pay_00003,499,9.98,1.8,487.22,INR
set_00004,pay_00004,4999,99.98,18.0,4881.02,INR
set_00005,pay_00005,999,19.98,3.6,975.42,INR
set_00006,pay_00006,799,15.98,2.88,780.14,INR
set_00007,pay_00007,799,15.98,2.88,780.14,INR
set_00008,pay_00008,799,15.98,2.88,780.14,INR
set_00009,pay_00009,4999,99.98,18.0,4881.02,INR
set_00010,pay_00010,499,9.98,1.8,487.22,INR
set_00011,pay_00011,4999,99.98,18.0,4881.02,INR
set_00012,pay_00012,4999,99.98,18.0,4881.02,INR
set_00013,pay_00013,2499,49.98,9.0,2440.02,INR
set_00014,pay_00014,499,9.98,1.8,487.22,INR
set_00015,pay_00015,2499,49.98,9.0,2440.02,INR
set_00016,pay_00016,1499,29.98,5.4,1463.62,INR
set_00017,pay_00017,499,9.98,1.8,487.22,INR
set_00018,pay_00018,499,9.98,1.8,487.22,INR
set_00019,pay_00019,499,9.98,1.8,487.22,INR
set_00020,pay_00020,799,15.98,2.88,780.14,INR
set_00021,pay_00021,799,15.98,2.88,780.14,INR
set_00022,pay_00022,2499,49.98,9.0,2440.02,INR
set_00023,pay_00023,2499,49.98,9.0,2440.02,INR
set_00024,pay_00024,499,9.98,1.8,487.22,INR
set_00025,pay_00025,2499,49.98,9.0,2440.02,INR
set_00026,pay_00026,799,15.98,2.88,780.14,INR
set_00027,pay_00027,4999,99.98,18.0,4881.02,INR
set_00028,pay_00028,4999,99.98,18.0,4881.02,INR
set_00029,pay_00029,4999,99.98,18.0,4881.02,INR
set_00030,pay_00030,2499,49.98,9.0,2440.02,INR
set_00031,pay_00031,1499,29.98,5.4,1463.62,INR
set_00032,pay_00032,799,15.98,2.88,780.14,INR
set_00033,pay_00033,1499,29.98,5.4,1463.62,INR
set_00034,pay_00034,2499,49.98,9.0,2440.02,INR
set_00035,pay_00035,999,19.98,3.6,975.42,INR
set_00036,pay_00036,499,9.98,1.8,487.22,INR
set_00037,pay_00037,799,15.98,2.88,780.14,INR
set_00038,pay_00038,4999,99.98,18.0,4881.02,INR
set_00039,pay_00039,1499,29.98,5.4,1463.62,INR
set_00040,pay_00040,999,19.98,3.6,975.42,INR
set_00041,pay_00041,999,19.98,3.6,975.42,INR
set_00042,pay_00042,799,15.98,2.88,780.14,INR
set_00043,pay_00043,799,15.98,2.88,780.14,INR
set_00044,pay_00044,999,19.98,3.6,975.42,INR
set_00045,pay_00045,499,9.98,1.8,487.22,INR
set_00046,pay_00046,499,9.98,1.8,487.22,INR
set_00047,pay_00047,1499,29.98,5.4,1463.62,INR
set_00048,pay_00048,499,9.98,1.8,487.22,INR
set_00049,pay_00049,999,19.98,3.6,975.42,INR
set_00050,pay_00050,999,19.98,3.6,975.42,INR
set_00051,pay_00051,2499,49.98,9.0,2440.02,INR
set_00052,pay_00052,999,19.98,3.6,975.42,INR
set_00053,pay_00053,499,9.98,1.8,487.22,INR
set_00054,pay_00054,4999,99.98,18.0,4881.02,INR
set_00055,pay_00055,1499,29.98,5.4,1463.62,INR
set_00056,pay_00056,2499,49.98,9.0,2440.02,INR
set_00057,pay_00057,499,9.98,1.8,487.22,INR
set_00058,pay_00058,1499,29.98,5.4,1463.62,INR
set_00059,pay_00059,499,9.98,1.8,487.22,INR
set_00060,pay_00060,2499,49.98,9.0,2440.02,INR
set_00061,pay_00061,999,19.98,3.6,975.42,INR
set_00062,pay_00062,4999,99.98,18.0,4881.02,INR
set_00063,pay_00063,2499,49.98,9.0,2440.02,INR
set_00064,pay_00064,999,19.98,3.6,975.42,INR
set_00065,pay_00065,2499,49.98,9.0,2440.02,INR
set_00066,pay_00066,799,15.98,2.88,780.14,INR
set_00067,pay_00067,4999,99.98,18.0,4881.02,INR
set_00068,pay_00068,499,9.98,1.8,487.22,INR
set_00069,pay_00069,499,9.98,1.8,487.22,INR
set_00070,pay_00070,4999,99.98,18.0,4881.02,INR
set_00071,pay_00071,799,15.98,2.88,780.14,INR
set_00072,pay_00072,999,19.98,3.6,975.42,INR
set_00073,pay_00073,499,9.98,1.8,487.22,INR
set_00074,pay_00074,799,15.98,2.88,780.14,INR
set_00075,pay_00075,499,9.98,1.8,487.22,INR
set_00076,pay_00076,1499,29.98,5.4,1463.62,INR
set_00077,pay_00077,999,19.98,3.6,975.42,INR
set_00078,pay_00078,1499,29.98,5.4,1463.62,INR
set_00079,pay_00079,4999,99.98,18.0,4881.02,INR
set_00080,pay_00080,999,19.98,3.6,975.42,INR
set_00081,pay_00081,799,15.98,2.88,780.14,INR
set_00082,pay_00082,999,19.98,3.6,975.42,INR
set_00083,pay_00083,999,19.98,3.6,975.42,INR
set_00084,pay_00084,799,15.98,2.88,780.14,INR
set_00085,pay_00085,4999,99.98,18.0,4881.02,INR
set_00086,pay_00086,999,19.98,3.6,975.42,INR
set_00087,pay_00087,4999,99.98,18.0,4881.02,INR
set_00088,pay_00088,4999,99.98,18.0,4881.02,INR
set_00089,pay_00089,4999,99.98,18.0,4881.02,INR
set_00090,pay_00090,499,9.98,1.8,487.22,INR
set_00091,pay_00091,2499,49.98,9.0,2440.02,INR
set_00092,pay_00092,4999,99.98,18.0,4881.02,INR
set_00093,pay_00093,799,15.98,2.88,780.14,INR
set_00094,pay_00094,2499,49.98,9.0,2440.02,INR
set_00095,pay_00095,4999,99.98,18.0,4881.02,INR
set_00096,pay_00096,799,15.98,2.88,780.14,INR
set_00097,pay_00097,799,15.98,2.88,780.14,INR
set_00098,pay_00098,1499,29.98,5.4,1463.62,INR
set_00099,pay_00099,1499,29.98,5.4,1463.62,INR
set_00100,pay_00100,999,19.98,3.6,975.42,INR
set_00101,pay_00101,4999,99.98,18.0,4881.02,INR
set_00102,pay_00102,4999,99.98,18.0,4881.02,INR
set_00103,pay_00103,2499,49.98,9.0,2440.02,INR
set_00104,pay_00104,799,15.98,2.88,780.14,INR
set_00105,pay_00105,4999,99.98,18.0,4881.02,INR
set_00106,pay_00106,999,19.98,3.6,975.42,INR
set_00107,pay_00107,499,9.98,1.8,487.22,INR
set_00108,pay_00108,799,15.98,2.88,780.14,INR
set_00109,pay_00109,499,9.98,1.8,487.22,INR
set_00110,pay_00110,999,19.98,3.6,975.42,INR
set_00111,pay_00111,1499,29.98,5.4,1463.62,INR
set_00112,pay_00112,999,19.98,3.6,975.42,INR
set_00113,pay_00113,499,9.98,1.8,487.22,INR
set_00114,pay_00114,799,15.98,2.88,780.14,INR
set_00115,pay_00115,2499,49.98,9.0,2440.02,INR
set_00116,pay_00116,4999,99.98,18.0,4881.02,INR
set_00117,pay_00117,999,19.98,3.6,975.42,INR
set_00118,pay_00118,799,15.98,2.88,780.14,INR
set_00119,pay_00119,4999,99.98,18.0,4881.02,INR
set_00120,pay_00120,1499,29.98,5.4,1463.62,INR
set_00121,pay_00121,1499,29.98,5.4,1463.62,INR
set_00122,pay_00122,4999,99.98,18.0,4881.02,INR
set_00123,pay_00123,1499,29.98,5.4,1463.62,INR
set_00124,pay_00124,799,15.98,2.88,780.14,INR
set_00125,pay_00125,999,19.98,3.6,975.42,INR
set_00126,pay_00126,799,15.98,2.88,780.14,INR
set_00127,pay_00127,799,15.98,2.88,780.14,INR
set_00128,pay_00128,4999,99.98,18.0,4881.02,INR
set_00129,pay_00129,2499,49.98,9.0,2440.02,INR
set_00130,pay_00130,2499,49.98,9.0,2440.02,INR
set_00131,pay_00131,999,19.98,3.6,975.42,INR
set_00132,pay_00132,4999,99.98,18.0,4881.02,INR
set_00133,pay_00133,2499,49.98,9.0,2440.02,INR
set_00134,pay_00134,1499,29.98,5.4,1463.62,INR
set_00135,pay_00135,2499,49.98,9.0,2440.02,INR
set_00136,pay_00136,1499,29.98,5.4,1463.62,INR
set_00137,pay_00137,999,19.98,3.6,975.42,INR
set_00138,pay_00138,799,15.98,2.88,780.14,INR
set_00139,pay_00139,799,15.98,2.88,780.14,INR
set_00140,pay_00140,2499,49.98,9.0,2440.02,INR
set_00141,pay_00141,1499,29.98,5.4,1463.62,INR
set_00142,pay_00142,499,9.98,1.8,487.22,INR
set_00143,pay_00143,499,9.98,1.8,487.22,INR
set_00144,pay_00144,499,9.98,1.8,487.22,INR
set_00145,pay_00145,799,15.98,2.88,780.14,INR
set_00146,pay_00146,4999,99.98,18.0,4881.02,INR
set_00147,pay_00147,799,15.98,2.88,780.14,INR
set_00148,pay_00148,4999,99.98,18.0,4881.02,INR
set_00149,pay_00149,1499,29.98,5.4,1463.62,INR
set_00150,pay_00150,2499,49.98,9.0,2440.02,INR
set_00151,pay_00151,499,9.98,1.8,487.22,INR
set_00152,pay_00152,1499,29.98,5.4,1463.62,INR
set_00153,pay_00153,1499,29.98,5.4,1463.62,INR
set_00154,pay_00154,2499,49.98,9.0,2440.02,INR
set_00155,pay_00155,1499,29.98,5.4,1463.62,INR
set_00156,pay_00156,2499,49.98,9.0,2440.02,INR
set_00157,pay_00157,999,19.98,3.6,975.42,INR
set_00158,pay_00158,2499,49.98,9.0,2440.02,INR
set_00159,pay_00159,499,9.98,1.8,487.22,INR
set_00160,pay_00160,4999,99.98,18.0,4881.02,INR
set_00161,pay_00161,4999,99.98,18.0,4881.02,INR
set_00162,pay_00162,499,9.98,1.8,487.22,INR
set_00163,pay_00163,4999,99.98,18.0,4881.02,INR
set_00164,pay_00164,2499,49.98,9.0,2440.02,INR
set_00165,pay_00165,999,19.98,3.6,975.42,INR
set_00166,pay_00166,4999,99.98,18.0,4881.02,INR
set_00167,pay_00167,999,19.98,3.6,975.42,INR
set_00168,pay_00168,499,9.98,1.8,487.22,INR
set_00169,pay_00169,999,19.98,3.6,975.42,INR
set_00170,pay_00170,1499,29.98,5.4,1463.62,INR
set_00171,pay_00171,799,15.98,2.88,780.14,INR
set_00172,pay_00172,1499,29.98,5.4,1463.62,INR
set_00173,pay_00173,499,9.98,1.8,487.22,INR
set_00174,pay_00174,4999,99.98,18.0,4881.02,INR
set_00175,pay_00175,4999,99.98,18.0,4881.02,INR
set_00176,pay_00176,999,19.98,3.6,975.42,INR
set_00177,pay_00177,2499,49.98,9.0,2440.02,INR
set_00178,pay_00178,799,15.98,2.88,780.14,INR
set_00179,pay_00179,2499,49.98,9.0,2440.02,INR
set_00180,pay_00180,499,9.98,1.8,487.22,INR
set_00181,pay_00181,4999,99.98,18.0,4881.02,INR
set_00182,pay_00182,999,19.98,3.6,975.42,INR
set_00183,pay_00183,4999,99.98,18.0,4881.02,INR
set_00184,pay_00184,2499,49.98,9.0,2440.02,INR
set_00185,pay_00185,2499,49.98,9.0,2440.02,INR
set_00186,pay_00186,799,15.98,2.88,780.14,INR
set_00187,pay_00187,799,15.98,2.88,780.14,INR
set_00188,pay_00188,999,19.98,3.6,975.42,INR
set_00189,pay_00189,799,15.98,2.88,780.14,INR
set_00190,pay_00190,2499,49.98,9.0,2440.02,INR
set_00191,pay_00191,2499,49.98,9.0,2440.02,INR
set_00192,pay_00192,499,9.98,1.8,487.22,INR
set_00193,pay_00193,2499,49.98,9.0,2440.02,INR
set_00194,pay_00194,999,19.98,3.6,975.42,INR
set_00195,pay_00195,1499,29.98,5.4,1463.62,INR
set_00196,pay_00196,499,9.98,1.8,487.22,INR
set_00197,pay_00197,499,9.98,1.8,487.22,INR
set_00198,pay_00198,999,19.98,3.6,975.42,INR
set_00199,pay_00199,999,19.98,3.6,975.42,INR
set_00200,pay_00200,799,15.98,2.88,780.14,INR
set_00201,pay_00201,499,9.98,1.8,487.22,INR
set_00202,pay_00202,799,15.98,2.88,780.14,INR
set_00203,pay_00203,2499,49.98,9.0,2440.02,INR
set_00204,pay_00204,499,9.98,1.8,487.22,INR
set_00205,pay_00205,499,9.98,1.8,487.22,INR
set_00206,pay_00206,4999,99.98,18.0,4881.02,INR
set_00207,pay_00207,1499,29.98,5.4,1463.62,INR
set_00208,pay_00208,499,9.98,1.8,487.22,INR
set_00209,pay_00209,2499,49.98,9.0,2440.02,INR
set_00210,pay_00210,799,15.98,2.88,780.14,INR
set_00211,pay_00211,799,15.98,2.88,780.14,INR
set_00212,pay_00212,4999,99.98,18.0,4881.02,INR
set_00213,pay_00213,1499,29.98,5.4,1463.62,INR
set_00214,pay_00214,2499,49.98,9.0,2440.02,INR
set_00215,pay_00215,799,15.98,2.88,780.14,INR
set_00216,pay_00216,999,19.98,3.6,975.42,INR
set_00217,pay_00217,2499,49.98,9.0,2440.02,INR
set_00218,pay_00218,2499,49.98,9.0,2440.02,INR
set_00219,pay_00219,1499,29.98,5.4,1463.62,INR
set_00220,pay_00220,799,15.98,2.88,780.14,INR
set_00221,pay_00221,2499,49.98,9.0,2440.02,INR
set_00222,pay_00222,4999,99.98,18.0,4881.02,INR
set_00223,pay_00223,4999,99.98,18.0,4881.02,INR
set_00224,pay_00224,799,15.98,2.88,780.14,INR
set_00225,pay_00225,4999,99.98,18.0,4881.02,INR
set_00226,pay_00226,999,19.98,3.6,975.42,INR
set_00227,pay_00227,1499,29.98,5.4,1463.62,INR
set_00228,pay_00228,4999,99.98,18.0,4881.02,INR
set_00229,pay_00229,4999,99.98,18.0,4881.02,INR
set_00230,pay_00230,999,19.98,3.6,975.42,INR
set_00231,pay_00231,1499,29.98,5.4,1463.62,INR
set_00232,pay_00232,2499,49.98,9.0,2440.02,INR
set_00233,pay_00233,1499,29.98,5.4,1463.62,INR
set_00234,pay_00234,499,9.98,1.8,487.22,INR
set_00235,pay_00235,799,15.98,2.88,780.14,INR
set_00236,pay_00236,799,15.98,2.88,780.14,INR
set_00237,pay_00237,499,9.98,1.8,487.22,INR
set_00238,pay_00238,999,19.98,3.6,975.42,INR
set_00239,pay_00239,499,9.98,1.8,487.22,INR
set_00240,pay_00240,2499,49.98,9.0,2440.02,INR
set_00241,pay_00241,2499,49.98,9.0,2440.02,INR
set_00242,pay_00242,799,15.98,2.88,780.14,INR
set_00243,pay_00243,2499,49.98,9.0,2440.02,INR
set_00244,pay_00244,799,15.98,2.88,780.14,INR
set_00245,pay_00245,499,9.98,1.8,487.22,INR
set_00246,pay_00246,499,9.98,1.8,487.22,INR
set_00247,pay_00247,4999,99.98,18.0,4881.02,INR
set_00248,pay_00248,4999,99.98,18.0,4881.02,INR
set_00249,pay_00249,499,9.98,1.8,487.22,INR
set_00250,pay_00250,799,15.98,2.88,780.14,INR
set_00251,pay_00251,499,9.98,1.8,487.22,INR
set_00252,pay_00252,499,9.98,1.8,487.22,INR
set_00253,pay_00253,999,19.98,3.6,975.42,INR
set_00254,pay_00254,499,9.98,1.8,487.22,INR
set_00255,pay_00255,2499,49.98,9.0,2440.02,INR
set_00256,pay_00256,799,15.98,2.88,780.14,INR
set_00257,pay_00257,999,19.98,3.6,975.42,INR
set_00258,pay_00258,4999,99.98,18.0,4881.02,INR
set_00259,pay_00259,1499,29.98,5.4,1463.62,INR
set_00260,pay_00260,799,15.98,2.88,780.14,INR
set_00261,pay_00261,2499,49.98,9.0,2440.02,INR
set_00262,pay_00262,799,15.98,2.88,780.14,INR
set_00263,pay_00263,4999,99.98,18.0,4881.02,INR
set_00264,pay_00264,2499,49.98,9.0,2440.02,INR
set_00265,pay_00265,2499,49.98,9.0,2440.02,INR
set_00266,pay_00266,1499,29.98,5.4,1463.62,INR
set_00267,pay_00267,799,15.98,2.88,780.14,INR
set_00268,pay_00268,1499,29.98,5.4,1463.62,INR
set_00269,pay_00269,1499,29.98,5.4,1463.62,INR
set_00270,pay_00270,799,15.98,2.88,780.14,INR
set_00271,pay_00271,499,9.98,1.8,487.22,INR
set_00272,pay_00272,499,9.98,1.8,487.22,INR
set_00273,pay_00273,4999,99.98,18.0,4881.02,INR
set_00274,pay_00274,1499,29.98,5.4,1463.62,INR
set_00275,pay_00275,999,19.98,3.6,975.42,INR
set_00276,pay_00276,1499,29.98,5.4,1463.62,INR
set_00277,pay_00277,1499,29.98,5.4,1463.62,INR
set_00278,pay_00278,1499,29.98,5.4,1463.62,INR
set_00279,pay_00279,4999,99.98,18.0,4881.02,INR
set_00280,pay_00280,499,9.98,1.8,487.22,INR
set_00281,pay_00281,4999,99.98,18.0,4881.02,INR
set_00282,pay_00282,4999,99.98,18.0,4881.02,INR
set_00283,pay_00283,4999,99.98,18.0,4881.02,INR
set_00284,pay_00284,499,9.98,1.8,487.22,INR
set_00285,pay_00285,499,9.98,1.8,487.22,INR
set_00286,pay_00286,1499,29.98,5.4,1463.62,INR
set_00287,pay_00287,4999,99.98,18.0,4881.02,INR
set_00288,pay_00288,999,19.98,3.6,975.42,INR
set_00289,pay_00289,499,9.98,1.8,487.22,INR
set_00290,pay_00290,799,15.98,2.88,780.14,INR
set_00291,pay_00291,799,15.98,2.88,780.14,INR
set_00292,pay_00292,799,15.98,2.88,780.14,INR
set_00293,pay_00293,2499,49.98,9.0,2440.02,INR
set_00294,pay_00294,1499,29.98,5.4,1463.62,INR
set_00295,pay_00295,799,15.98,2.88,780.14,INR
set_00296,pay_00296,1499,29.98,5.4,1463.62,INR
set_00297,pay_00297,799,15.98,2.88,780.14,INR
set_00298,pay_00298,999,19.98,3.6,975.42,INR
set_00299,pay_00299,1499,29.98,5.4,1463.62,INR
set_00300,pay_00300,799,15.98,2.88,780.14,INR
set_00301,pay_00301,499,9.98,1.8,487.22,INR
set_00302,pay_00302,1499,29.98,5.4,1463.62,INR
set_00303,pay_00303,2499,49.98,9.0,2440.02,INR
set_00304,pay_00304,499,9.98,1.8,487.22,INR
set_00305,pay_00305,499,9.98,1.8,487.22,INR
set_00306,pay_00306,4999,99.98,18.0,4881.02,INR
set_00307,pay_00307,2499,49.98,9.0,2440.02,INR
set_00308,pay_00308,499,9.98,1.8,487.22,INR
set_00309,pay_00309,499,9.98,1.8,487.22,INR
set_00310,pay_00310,799,15.98,2.88,780.14,INR
set_00311,pay_00311,799,15.98,2.88,780.14,INR
set_00312,pay_00312,1499,29.98,5.4,1463.62,INR
set_00313,pay_00313,1499,29.98,5.4,1463.62,INR
set_00314,pay_00314,1499,29.98,5.4,1463.62,INR
set_00315,pay_00315,799,15.98,2.88,780.14,INR
set_00316,pay_00316,1499,29.98,5.4,1463.62,INR
set_00317,pay_00317,499,9.98,1.8,487.22,INR
set_00318,pay_00318,799,15.98,2.88,780.14,INR
set_00319,pay_00319,1499,29.98,5.4,1463.62,INR
set_00320,pay_00320,499,9.98,1.8,487.22,INR
set_00321,pay_00321,1499,29.98,5.4,1463.62,INR
set_00322,pay_00322,999,19.98,3.6,975.42,INR
set_00323,pay_00323,1499,29.98,5.4,1463.62,INR
set_00324,pay_00324,999,19.98,3.6,975.42,INR
set_00325,pay_00325,1499,29.98,5.4,1463.62,INR
set_00326,pay_00326,4999,99.98,18.0,4881.02,INR
set_00327,pay_00327,4999,99.98,18.0,4881.02,INR
set_00328,pay_00328,2499,49.98,9.0,2440.02,INR
set_00329,pay_00329,4999,99.98,18.0,4881.02,INR
set_00330,pay_00330,4999,99.98,18.0,4881.02,INR
set_00331,pay_00331,1499,29.98,5.4,1463.62,INR
set_00332,pay_00332,799,15.98,2.88,780.14,INR
set_00333,pay_00333,799,15.98,2.88,780.14,INR
set_00334,pay_00334,999,19.98,3.6,975.42,INR
set_00335,pay_00335,799,15.98,2.88,780.14,INR
set_00336,pay_00336,499,9.98,1.8,487.22,INR
set_00337,pay_00337,2499,49.98,9.0,2440.02,INR
set_00338,pay_00338,4999,99.98,18.0,4881.02,INR
set_00339,pay_00339,2499,49.98,9.0,2440.02,INR
set_00340,pay_00340,499,9.98,1.8,487.22,INR
set_00341,pay_00341,4999,99.98,18.0,4881.02,INR
set_00342,pay_00342,999,19.98,3.6,975.42,INR
set_00343,pay_00343,499,9.98,1.8,487.22,INR
set_00344,pay_00344,499,9.98,1.8,487.22,INR
set_00345,pay_00345,2499,49.98,9.0,2440.02,INR
set_00346,pay_00346,1499,29.98,5.4,1463.62,INR
set_00347,pay_00347,2499,49.98,9.0,2440.02,INR
set_00348,pay_00348,2499,49.98,9.0,2440.02,INR
set_00349,pay_00349,799,15.98,2.88,780.14,INR
set_00350,pay_00350,499,9.98,1.8,487.22,INR
set_00351,pay_00351,2499,49.98,9.0,2440.02,INR
set_00352,pay_00352,499,9.98,1.8,487.22,INR
set_00353,pay_00353,799,15.98,2.88,780.14,INR
set_00354,pay_00354,499,9.98,1.8,487.22,INR
set_00355,pay_00355,2499,49.98,9.0,2440.02,INR
set_00356,pay_00356,499,9.98,1.8,487.22,INR
set_00357,pay_00357,4999,99.98,18.0,4881.02,INR
set_00358,pay_00358,799,15.98,2.88,780.14,INR
set_00359,pay_00359,1499,29.98,5.4,1463.62,INR
set_00360,pay_00360,499,9.98,1.8,487.22,INR
set_00361,pay_00361,2499,49.98,9.0,2440.02,INR
set_00362,pay_00362,799,15.98,2.88,780.14,INR
set_00363,pay_00363,2499,49.98,9.0,2440.02,INR
set_00364,pay_00364,2499,49.98,9.0,2440.02,INR
set_00365,pay_00365,499,9.98,1.8,487.22,INR
set_00366,pay_00366,2499,49.98,9.0,2440.02,INR
set_00367,pay_00367,499,9.98,1.8,487.22,INR
set_00368,pay_00368,1499,29.98,5.4,1463.62,INR
set_00369,pay_00369,4999,99.98,18.0,4881.02,INR
set_00370,pay_00370,2499,49.98,9.0,2440.02,INR
set_00371,pay_00371,2499,49.98,9.0,2440.02,INR
set_00372,pay_00372,2499,49.98,9.0,2440.02,INR
set_00373,pay_00373,999,19.98,3.6,975.42,INR
set_00374,pay_00374,999,19.98,3.6,975.42,INR
set_00375,pay_00375,799,15.98,2.88,780.14,INR
set_00376,pay_00376,4999,99.98,18.0,4881.02,INR
set_00377,pay_00377,4999,99.98,18.0,4881.02,INR
set_00378,pay_00378,999,19.98,3.6,975.42,INR
set_00379,pay_00379,799,15.98,2.88,780.14,INR
set_00380,pay_00380,999,19.98,3.6,975.42,INR
set_00381,pay_00381,1499,29.98,5.4,1463.62,INR
set_00382,pay_00382,799,15.98,2.88,780.14,INR
set_00383,pay_00383,4999,99.98,18.0,4881.02,INR
set_00384,pay_00384,4999,99.98,18.0,4881.02,INR
set_00385,pay_00385,999,19.98,3.6,975.42,INR
set_00386,pay_00386,1499,29.98,5.4,1463.62,INR
set_00387,pay_00387,999,19.98,3.6,975.42,INR
set_00388,pay_00388,499,9.98,1.8,487.22,INR
set_00389,pay_00389,499,9.98,1.8,487.22,INR
set_00390,pay_00390,1499,29.98,5.4,1463.62,INR
set_00391,pay_00391,2499,49.98,9.0,2440.02,INR
set_00392,pay_00392,2499,49.98,9.0,2440.02,INR
set_00393,pay_00393,499,9.98,1.8,487.22,INR
set_00394,pay_00394,499,9.98,1.8,487.22,INR
set_00395,pay_00395,2499,49.98,9.0,2440.02,INR
set_00396,pay_00396,799,15.98,2.88,780.14,INR
set_00397,pay_00397,2499,49.98,9.0,2440.02,INR
set_00398,pay_00398,999,19.98,3.6,975.42,INR
set_00399,pay_00399,799,15.98,2.88,780.14,INR
set_00400,pay_00400,999,19.98,3.6,975.42,INR
set_00401,pay_00401,499,9.98,1.8,487.22,INR
set_00402,pay_00402,799,15.98,2.88,780.14,INR
set_00403,pay_00403,999,19.98,3.6,975.42,INR
set_00404,pay_00404,999,19.98,3.6,975.42,INR
set_00405,pay_00405,799,15.98,2.88,780.14,INR
set_00406,pay_00406,1499,29.98,5.4,1463.62,INR
set_00407,pay_00407,2499,49.98,9.0,2440.02,INR
set_00408,pay_00408,4999,99.98,18.0,4881.02,INR
set_00409,pay_00409,999,19.98,3.6,975.42,INR
set_00410,pay_00410,2499,49.98,9.0,2440.02,INR
set_00411,pay_00411,4999,99.98,18.0,4881.02,INR
set_00412,pay_00412,2499,49.98,9.0,2440.02,INR
set_00413,pay_00413,499,9.98,1.8,487.22,INR
set_00414,pay_00414,4999,99.98,18.0,4881.02,INR
set_00415,pay_00415,2499,49.98,9.0,2440.02,INR
set_00416,pay_00416,999,19.98,3.6,975.42,INR
set_00417,pay_00417,4999,99.98,18.0,4881.02,INR
set_00418,pay_00418,499,9.98,1.8,487.22,INR
set_00419,pay_00419,799,15.98,2.88,780.14,INR
set_00420,pay_00420,999,19.98,3.6,975.42,INR
set_00421,pay_00421,499,9.98,1.8,487.22,INR
set_00422,pay_00422,499,9.98,1.8,487.22,INR
set_00423,pay_00423,4999,99.98,18.0,4881.02,INR
set_00424,pay_00424,2499,49.98,9.0,2440.02,INR
set_00425,pay_00425,799,15.98,2.88,780.14,INR
set_00426,pay_00426,999,19.98,3.6,975.42,INR
set_00427,pay_00427,999,19.98,3.6,975.42,INR
set_00428,pay_00428,2499,49.98,9.0,2440.02,INR
set_00429,pay_00429,799,15.98,2.88,780.14,INR
set_00430,pay_00430,4999,99.98,18.0,4881.02,INR
set_00431,pay_00431,999,19.98,3.6,975.42,INR
set_00432,pay_00432,799,15.98,2.88,780.14,INR
set_00433,pay_00433,4999,99.98,18.0,4881.02,INR
set_00434,pay_00434,4999,99.98,18.0,4881.02,INR
set_00435,pay_00435,999,19.98,3.6,975.42,INR
set_00436,pay_00436,2499,49.98,9.0,2440.02,INR
set_00437,pay_00437,1499,29.98,5.4,1463.62,INR
set_00438,pay_00438,999,19.98,3.6,975.42,INR
set_00439,pay_00439,499,9.98,1.8,487.22,INR
set_00440,pay_00440,499,9.98,1.8,487.22,INR
set_00441,pay_00441,4999,99.98,18.0,4881.02,INR
set_00442,pay_00442,1499,29.98,5.4,1463.62,INR
set_00443,pay_00443,999,19.98,3.6,975.42,INR
set_00444,pay_00444,499,9.98,1.8,487.22,INR
set_00445,pay_00445,499,9.98,1.8,487.22,INR
set_00446,pay_00446,999,19.98,3.6,975.42,INR
set_00447,pay_00447,799,15.98,2.88,780.14,INR
set_00448,pay_00448,4999,99.98,18.0,4881.02,INR
set_00449,pay_00449,999,19.98,3.6,975.42,INR
set_00450,pay_00450,799,15.98,2.88,780.14,INR
set_00451,pay_00451,4999,99.98,18.0,4881.02,INR
set_00452,pay_00452,1499,29.98,5.4,1463.62,INR
set_00453,pay_00453,2499,49.98,9.0,2440.02,INR
set_00454,pay_00454,4999,99.98,18.0,4881.02,INR
set_00455,pay_00455,1499,29.98,5.4,1463.62,INR
set_00456,pay_00456,2499,49.98,9.0,2440.02,INR
set_00457,pay_00457,499,9.98,1.8,487.22,INR
set_00458,pay_00458,499,9.98,1.8,487.22,INR
set_00459,pay_00459,499,9.98,1.8,487.22,INR
set_00460,pay_00460,4999,99.98,18.0,4881.02,INR
set_00461,pay_00461,799,15.98,2.88,780.14,INR
set_00462,pay_00462,2499,49.98,9.0,2440.02,INR
set_00463,pay_00463,499,9.98,1.8,487.22,INR
set_00464,pay_00464,999,19.98,3.6,975.42,INR
set_00465,pay_00465,2499,49.98,9.0,2440.02,INR
set_00466,pay_00466,2499,49.98,9.0,2440.02,INR
set_00467,pay_00467,799,15.98,2.88,780.14,INR
set_00468,pay_00468,1499,29.98,5.4,1463.62,INR
set_00469,pay_00469,799,15.98,2.88,780.14,INR
set_00470,pay_00470,499,9.98,1.8,487.22,INR
set_00471,pay_00471,999,19.98,3.6,975.42,INR
set_00472,pay_00472,999,19.98,3.6,975.42,INR
set_00473,pay_00473,499,9.98,1.8,487.22,INR
set_00474,pay_00474,999,19.98,3.6,975.42,INR
set_00475,pay_00475,799,15.98,2.88,780.14,INR
set_00476,pay_00476,4999,99.98,18.0,4881.02,INR
set_00477,pay_00477,799,15.98,2.88,780.14,INR
set_00478,pay_00478,4999,99.98,18.0,4881.02,INR
set_00479,pay_00479,499,9.98,1.8,487.22,INR
set_00480,pay_00480,999,19.98,3.6,975.42,INR
set_00481,pay_00481,2499,49.98,9.0,2440.02,INR
set_00482,pay_00482,1499,29.98,5.4,1463.62,INR
set_00483,pay_00483,2499,49.98,9.0,2440.02,INR
set_00484,pay_00484,4999,99.98,18.0,4881.02,INR
set_00485,pay_00485,799,15.98,2.88,780.14,INR
set_00486,pay_00486,799,15.98,2.88,780.14,INR
set_00487,pay_00487,799,15.98,2.88,780.14,INR
set_00488,pay_00488,799,15.98,2.88,780.14,INR
set_00489,pay_00489,1499,29.98,5.4,1463.62,INR
set_00490,pay_00490,499,9.98,1.8,487.22,INR
set_00491,pay_00491,799,15.98,2.88,780.14,INR
set_00492,pay_00492,4999,99.98,18.0,4881.02,INR
set_00493,pay_00493,999,19.98,3.6,975.42,INR
set_00494,pay_00494,1499,29.98,5.4,1463.62,INR
set_00495,pay_00495,4999,99.98,18.0,4881.02,INR
set_00496,pay_00496,4999,99.98,18.0,4881.02,INR
set_00497,pay_00497,799,15.98,2.88,780.14,INR
set_00498,pay_00498,999,19.98,3.6,975.42,INR
set_00499,pay_00499,799,15.98,2.88,780.14,INR
set_00500,pay_00500,4999,99.98,18.0,4881.02,INR
set_00501,pay_00501,499,9.98,1.8,487.22,INR
set_00502,pay_00502,1499,29.98,5.4,1463.62,INR
set_00503,pay_00503,499,9.98,1.8,487.22,INR
set_00504,pay_00504,1499,29.98,5.4,1463.62,INR
set_00505,pay_00505,799,15.98,2.88,780.14,INR
set_00506,pay_00506,799,15.98,2.88,780.14,INR
set_00507,pay_00507,1499,29.98,5.4,1463.62,INR
set_00508,pay_00508,999,19.98,3.6,975.42,INR
set_00509,pay_00509,999,19.98,3.6,975.42,INR
set_00510,pay_00510,799,15.98,2.88,780.14,INR
set_00511,pay_00511,799,15.98,2.88,780.14,INR
set_00512,pay_00512,499,9.98,1.8,487.22,INR
set_00513,pay_00513,4999,99.98,18.0,4881.02,INR
set_00514,pay_00514,799,15.98,2.88,780.14,INR
set_00515,pay_00515,1499,29.98,5.4,1463.62,INR
set_00516,pay_00516,999,19.98,3.6,975.42,INR
set_00517,pay_00517,999,19.98,3.6,975.42,INR
set_00518,pay_00518,499,9.98,1.8,487.22,INR
set_00519,pay_00519,999,19.98,3.6,975.42,INR
set_00520,pay_00520,999,19.98,3.6,975.42,INR
set_00521,pay_00521,4999,99.98,18.0,4881.02,INR
set_00522,pay_00522,2499,49.98,9.0,2440.02,INR
set_00523,pay_00523,1499,29.98,5.4,1463.62,INR
set_00524,pay_00524,4999,99.98,18.0,4881.02,INR
set_00525,pay_00525,2499,49.98,9.0,2440.02,INR
set_00526,pay_00526,999,19.98,3.6,975.42,INR
set_00527,pay_00527,499,9.98,1.8,487.22,INR
set_00528,pay_00528,499,9.98,1.8,487.22,INR
set_00529,pay_00529,999,19.98,3.6,975.42,INR
set_00530,pay_00530,799,15.98,2.88,780.14,INR
set_00531,pay_00531,2499,49.98,9.0,2440.02,INR
set_00532,pay_00532,999,19.98,3.6,975.42,INR
set_00533,pay_00533,499,9.98,1.8,487.22,INR
set_00534,pay_00534,499,9.98,1.8,487.22,INR
set_00535,pay_00535,2499,49.98,9.0,2440.02,INR
set_00536,pay_00536,1499,29.98,5.4,1463.62,INR
set_00537,pay_00537,999,19.98,3.6,975.42,INR
set_00538,pay_00538,4999,99.98,18.0,4881.02,INR
set_00539,pay_00539,999,19.98,3.6,975.42,INR
set_00540,pay_00540,1499,29.98,5.4,1463.62,INR
set_00541,pay_00541,2499,49.98,9.0,2440.02,INR
set_00542,pay_00542,2499,49.98,9.0,2440.02,INR
set_00543,pay_00543,499,9.98,1.8,487.22,INR
set_00544,pay_00544,1499,29.98,5.4,1463.62,INR
set_00545,pay_00545,2499,49.98,9.0,2440.02,INR
set_00546,pay_00546,799,15.98,2.88,780.14,INR
set_00547,pay_00547,999,19.98,3.6,975.42,INR
set_00548,pay_00548,499,9.98,1.8,487.22,INR
set_00549,pay_00549,4999,99.98,18.0,4881.02,INR
set_00550,pay_00550,1499,29.98,5.4,1463.62,INR
set_00551,pay_00551,499,9.98,1.8,487.22,INR
set_00552,pay_00552,2499,49.98,9.0,2440.02,INR
set_00553,pay_00553,2499,49.98,9.0,2440.02,INR
set_00554,pay_00554,4999,99.98,18.0,4881.02,INR
set_00555,pay_00555,4999,99.98,18.0,4881.02,INR
set_00556,pay_00556,4999,99.98,18.0,4881.02,INR
set_00557,pay_00557,4999,99.98,18.0,4881.02,INR
set_00558,pay_00558,4999,99.98,18.0,4881.02,INR
set_00559,pay_00559,799,15.98,2.88,780.14,INR
set_00560,pay_00560,999,19.98,3.6,975.42,INR
set_00561,pay_00561,1499,29.98,5.4,1463.62,INR
set_00562,pay_00562,499,9.98,1.8,487.22,INR
set_00563,pay_00563,4999,99.98,18.0,4881.02,INR
set_00564,pay_00564,999,19.98,3.6,975.42,INR
set_00565,pay_00565,2499,49.98,9.0,2440.02,INR
set_00566,pay_00566,999,19.98,3.6,975.42,INR
set_00567,pay_00567,4999,99.98,18.0,4881.02,INR
set_00568,pay_00568,499,9.98,1.8,487.22,INR
set_00569,pay_00569,4999,99.98,18.0,4881.02,INR
set_00570,pay_00570,999,19.98,3.6,975.42,INR
set_00571,pay_00571,2499,49.98,9.0,2440.02,INR
set_00572,pay_00572,999,19.98,3.6,975.42,INR
set_00573,pay_00573,4999,99.98,18.0,4881.02,INR
set_00574,pay_00574,1499,29.98,5.4,1463.62,INR
set_00575,pay_00575,999,19.98,3.6,975.42,INR
set_00576,pay_00576,1499,29.98,5.4,1463.62,INR
set_00577,pay_00577,4999,99.98,18.0,4881.02,INR
set_00578,pay_00578,999,19.98,3.6,975.42,INR
set_00579,pay_00579,2499,49.98,9.0,2440.02,INR
set_00580,pay_00580,799,15.98,2.88,780.14,INR
set_00581,pay_00581,799,15.98,2.88,780.14,INR
set_00582,pay_00582,1499,29.98,5.4,1463.62,INR
set_00583,pay_00583,4999,99.98,18.0,4881.02,INR
set_00584,pay_00584,1499,29.98,5.4,1463.62,INR
set_00585,pay_00585,4999,99.98,18.0,4881.02,INR
set_00586,pay_00586,4999,99.98,18.0,4881.02,INR
set_00587,pay_00587,799,15.98,2.88,780.14,INR
set_00588,pay_00588,2499,49.98,9.0,2440.02,INR
set_00589,pay_00589,2499,49.98,9.0,2440.02,INR
set_00590,pay_00590,999,19.98,3.6,975.42,INR
set_00591,pay_00591,1499,29.98,5.4,1463.62,INR
set_00592,pay_00592,2499,49.98,9.0,2440.02,INR
set_00593,pay_00593,499,9.98,1.8,487.22,INR
set_00594,pay_00594,999,19.98,3.6,975.42,INR
set_00595,pay_00595,999,19.98,3.6,975.42,INR
set_00596,pay_00596,799,15.98,2.88,780.14,INR
set_00597,pay_00597,1499,29.98,5.4,1463.62,INR
set_00598,pay_00598,2499,49.98,9.0,2440.02,INR
set_00599,pay_00599,2499,49.98,9.0,2440.02,INR
set_00600,pay_00600,4999,99.98,18.0,4881.02,INR
set_00601,pay_00601,999,19.98,3.6,975.42,INR
set_00602,pay_00602,1499,29.98,5.4,1463.62,INR
set_00603,pay_00603,1499,29.98,5.4,1463.62,INR
set_00604,pay_00604,1499,29.98,5.4,1463.62,INR
set_00605,pay_00605,4999,99.98,18.0,4881.02,INR
set_00606,pay_00606,799,15.98,2.88,780.14,INR
set_00607,pay_00607,2499,49.98,9.0,2440.02,INR
set_00608,pay_00608,1499,29.98,5.4,1463.62,INR
set_00609,pay_00609,4999,99.98,18.0,4881.02,INR
set_00610,pay_00610,799,15.98,2.88,780.14,INR
set_00611,pay_00611,4999,99.98,18.0,4881.02,INR
set_00612,pay_00612,499,9.98,1.8,487.22,INR
set_00613,pay_00613,999,19.98,3.6,975.42,INR
set_00614,pay_00614,2499,49.98,9.0,2440.02,INR
set_00615,pay_00615,4999,99.98,18.0,4881.02,INR
set_00616,pay_00616,4999,99.98,18.0,4881.02,INR
set_00617,pay_00617,2499,49.98,9.0,2440.02,INR
set_00618,pay_00618,999,19.98,3.6,975.42,INR
set_00619,pay_00619,499,9.98,1.8,487.22,INR
set_00620,pay_00620,799,15.98,2.88,780.14,INR
set_00621,pay_00621,4999,99.98,18.0,4881.02,INR
set_00622,pay_00622,999,19.98,3.6,975.42,INR
set_00623,pay_00623,799,15.98,2.88,780.14,INR
set_00624,pay_00624,799,15.98,2.88,780.14,INR
set_00625,pay_00625,799,15.98,2.88,780.14,INR
set_00626,pay_00626,499,9.98,1.8,487.22,INR
set_00627,pay_00627,499,9.98,1.8,487.22,INR
set_00628,pay_00628,799,15.98,2.88,780.14,INR
set_00629,pay_00629,1499,29.98,5.4,1463.62,INR
set_00630,pay_00630,2499,49.98,9.0,2440.02,INR
set_00631,pay_00631,499,9.98,1.8,487.22,INR
set_00632,pay_00632,1499,29.98,5.4,1463.62,INR
set_00633,pay_00633,1499,29.98,5.4,1463.62,INR
set_00634,pay_00634,4999,99.98,18.0,4881.02,INR
set_00635,pay_00635,2499,49.98,9.0,2440.02,INR
set_00636,pay_00636,799,15.98,2.88,780.14,INR
set_00637,pay_00637,4999,99.98,18.0,4881.02,INR
set_00638,pay_00638,4999,99.98,18.0,4881.02,INR
set_00639,pay_00639,1499,29.98,5.4,1463.62,INR
set_00640,pay_00640,1499,29.98,5.4,1463.62,INR
set_00641,pay_00641,1499,29.98,5.4,1463.62,INR
set_00642,pay_00642,799,15.98,2.88,780.14,INR
set_00643,pay_00643,799,15.98,2.88,780.14,INR
set_00644,pay_00644,4999,99.98,18.0,4881.02,INR
set_00645,pay_00645,4999,99.98,18.0,4881.02,INR
set_00646,pay_00646,499,9.98,1.8,487.22,INR
set_00647,pay_00647,499,9.98,1.8,487.22,INR
set_00648,pay_00648,1499,29.98,5.4,1463.62,INR
set_00649,pay_00649,799,15.98,2.88,780.14,INR
set_00650,pay_00650,799,15.98,2.88,780.14,INR
set_00651,pay_00651,4999,99.98,18.0,4881.02,INR
set_00652,pay_00652,2499,49.98,9.0,2440.02,INR
set_00653,pay_00653,1499,29.98,5.4,1463.62,INR
set_00654,pay_00654,499,9.98,1.8,487.22,INR
set_00655,pay_00655,2499,49.98,9.0,2440.02,INR
set_00656,pay_00656,799,15.98,2.88,780.14,INR
set_00657,pay_00657,499,9.98,1.8,487.22,INR
set_00658,pay_00658,1499,29.98,5.4,1463.62,INR
set_00659,pay_00659,799,15.98,2.88,780.14,INR
set_00660,pay_00660,1499,29.98,5.4,1463.62,INR
set_00661,pay_00661,4999,99.98,18.0,4881.02,INR
set_00662,pay_00662,2499,49.98,9.0,2440.02,INR
set_00663,pay_00663,2499,49.98,9.0,2440.02,INR
set_00664,pay_00664,2499,49.98,9.0,2440.02,INR
set_00665,pay_00665,999,19.98,3.6,975.42,INR
set_00666,pay_00666,1499,29.98,5.4,1463.62,INR
set_00667,pay_00667,2499,49.98,9.0,2440.02,INR
set_00668,pay_00668,4999,99.98,18.0,4881.02,INR
set_00669,pay_00669,2499,49.98,9.0,2440.02,INR
set_00670,pay_00670,1499,29.98,5.4,1463.62,INR
set_00671,pay_00671,2499,49.98,9.0,2440.02,INR
set_00672,pay_00672,1499,29.98,5.4,1463.62,INR
set_00673,pay_00673,799,15.98,2.88,780.14,INR
set_00674,pay_00674,4999,99.98,18.0,4881.02,INR
set_00675,pay_00675,1499,29.98,5.4,1463.62,INR
set_00676,pay_00676,1499,29.98,5.4,1463.62,INR
set_00677,pay_00677,999,19.98,3.6,975.42,INR
set_00678,pay_00678,799,15.98,2.88,780.14,INR
set_00679,pay_00679,4999,99.98,18.0,4881.02,INR
set_00680,pay_00680,999,19.98,3.6,975.42,INR
set_00681,pay_00681,2499,49.98,9.0,2440.02,INR
set_00682,pay_00682,1499,29.98,5.4,1463.62,INR
set_00683,pay_00683,4999,99.98,18.0,4881.02,INR
set_00684,pay_00684,799,15.98,2.88,780.14,INR
set_00685,pay_00685,999,19.98,3.6,975.42,INR
set_00686,pay_00686,1499,29.98,5.4,1463.62,INR
set_00687,pay_00687,499,9.98,1.8,487.22,INR
set_00688,pay_00688,4999,99.98,18.0,4881.02,INR
set_00689,pay_00689,999,19.98,3.6,975.42,INR
set_00690,pay_00690,799,15.98,2.88,780.14,INR
set_00691,pay_00691,999,19.98,3.6,975.42,INR
set_00692,pay_00692,999,19.98,3.6,975.42,INR
set_00693,pay_00693,999,19.98,3.6,975.42,INR
set_00694,pay_00694,2499,49.98,9.0,2440.02,INR
set_00695,pay_00695,499,9.98,1.8,487.22,INR
set_00696,pay_00696,799,15.98,2.88,780.14,INR
set_00697,pay_00697,799,15.98,2.88,780.14,INR
set_00698,pay_00698,799,15.98,2.88,780.14,INR
set_00699,pay_00699,1499,29.98,5.4,1463.62,INR
set_00700,pay_00700,4999,99.98,18.0,4881.02,INR
set_00701,pay_00701,799,15.98,2.88,780.14,INR
set_00702,pay_00702,4999,99.98,18.0,4881.02,INR
set_00703,pay_00703,799,15.98,2.88,780.14,INR
set_00704,pay_00704,499,9.98,1.8,487.22,INR
set_00705,pay_00705,1499,29.98,5.4,1463.62,INR
set_00706,pay_00706,1499,29.98,5.4,1463.62,INR
set_00707,pay_00707,999,19.98,3.6,975.42,INR
set_00708,pay_00708,2499,49.98,9.0,2440.02,INR
set_00709,pay_00709,1499,29.98,5.4,1463.62,INR
set_00710,pay_00710,1499,29.98,5.4,1463.62,INR
set_00711,pay_00711,499,9.98,1.8,487.22,INR
set_00712,pay_00712,799,15.98,2.88,780.14,INR
set_00713,pay_00713,1499,29.98,5.4,1463.62,INR
set_00714,pay_00714,1499,29.98,5.4,1463.62,INR
set_00715,pay_00715,2499,49.98,9.0,2440.02,INR
set_00716,pay_00716,4999,99.98,18.0,4881.02,INR
set_00717,pay_00717,499,9.98,1.8,487.22,INR
set_00718,pay_00718,2499,49.98,9.0,2440.02,INR
set_00719,pay_00719,1499,29.98,5.4,1463.62,INR
set_00720,pay_00720,1499,29.98,5.4,1463.62,INR
set_00721,pay_00721,499,9.98,1.8,487.22,INR
set_00722,pay_00722,999,19.98,3.6,975.42,INR
set_00723,pay_00723,999,19.98,3.6,975.42,INR
set_00724,pay_00724,1499,29.98,5.4,1463.62,INR
set_00725,pay_00725,1499,29.98,5.4,1463.62,INR
set_00726,pay_00726,2499,49.98,9.0,2440.02,INR
set_00727,pay_00727,4999,99.98,18.0,4881.02,INR
set_00728,pay_00728,4999,99.98,18.0,4881.02,INR
set_00729,pay_00729,2499,49.98,9.0,2440.02,INR
set_00730,pay_00730,2499,49.98,9.0,2440.02,INR
set_00731,pay_00731,799,15.98,2.88,780.14,INR
set_00732,pay_00732,1499,29.98,5.4,1463.62,INR
set_00733,pay_00733,799,15.98,2.88,780.14,INR
set_00734,pay_00734,999,19.98,3.6,975.42,INR
set_00735,pay_00735,1499,29.98,5.4,1463.62,INR
set_00736,pay_00736,1499,29.98,5.4,1463.62,INR
set_00737,pay_00737,499,9.98,1.8,487.22,INR
set_00738,pay_00738,1499,29.98,5.4,1463.62,INR
set_00739,pay_00739,999,19.98,3.6,975.42,INR
set_00740,pay_00740,4999,99.98,18.0,4881.02,INR
set_00741,pay_00741,4999,99.98,18.0,4881.02,INR
set_00742,pay_00742,1499,29.98,5.4,1463.62,INR
set_00743,pay_00743,4999,99.98,18.0,4881.02,INR
set_00744,pay_00744,799,15.98,2.88,780.14,INR
set_00745,pay_00745,1499,29.98,5.4,1463.62,INR
set_00746,pay_00746,799,15.98,2.88,780.14,INR
set_00747,pay_00747,2499,49.98,9.0,2440.02,INR
set_00748,pay_00748,2499,49.98,9.0,2440.02,INR
set_00749,pay_00749,499,9.98,1.8,487.22,INR
set_00750,pay_00750,1499,29.98,5.4,1463.62,INR
set_00751,pay_00751,2499,49.98,9.0,2440.02,INR
set_00752,pay_00752,2499,49.98,9.0,2440.02,INR
set_00753,pay_00753,4999,99.98,18.0,4881.02,INR
set_00754,pay_00754,499,9.98,1.8,487.22,INR
set_00755,pay_00755,499,9.98,1.8,487.22,INR
set_00756,pay_00756,4999,99.98,18.0,4881.02,INR
set_00757,pay_00757,1499,29.98,5.4,1463.62,INR
set_00758,pay_00758,799,15.98,2.88,780.14,INR
set_00759,pay_00759,1499,29.98,5.4,1463.62,INR
set_00760,pay_00760,799,15.98,2.88,780.14,INR
set_00761,pay_00761,499,9.98,1.8,487.22,INR
set_00762,pay_00762,999,19.98,3.6,975.42,INR
set_00763,pay_00763,1499,29.98,5.4,1463.62,INR
set_00764,pay_00764,999,19.98,3.6,975.42,INR
set_00765,pay_00765,799,15.98,2.88,780.14,INR
set_00766,pay_00766,1499,29.98,5.4,1463.62,INR
set_00767,pay_00767,999,19.98,3.6,975.42,INR
set_00768,pay_00768,999,19.98,3.6,975.42,INR
set_00769,pay_00769,1499,29.98,5.4,1463.62,INR
set_00770,pay_00770,999,19.98,3.6,975.42,INR
set_00771,pay_00771,1499,29.98,5.4,1463.62,INR
set_00772,pay_00772,999,19.98,3.6,975.42,INR
set_00773,pay_00773,499,9.98,1.8,487.22,INR
set_00774,pay_00774,1499,29.98,5.4,1463.62,INR
set_00775,pay_00775,499,9.98,1.8,487.22,INR
set_00776,pay_00776,4999,99.98,18.0,4881.02,INR
set_00777,pay_00777,2499,49.98,9.0,2440.02,INR
set_00778,pay_00778,499,9.98,1.8,487.22,INR
set_00779,pay_00779,999,19.98,3.6,975.42,INR
set_00780,pay_00780,799,15.98,2.88,780.14,INR
set_00781,pay_00781,4999,99.98,18.0,4881.02,INR
set_00782,pay_00782,499,9.98,1.8,487.22,INR
set_00783,pay_00783,4999,99.98,18.0,4881.02,INR
set_00784,pay_00784,499,9.98,1.8,487.22,INR
set_00785,pay_00785,499,9.98,1.8,487.22,INR
set_00786,pay_00786,799,15.98,2.88,780.14,INR
set_00787,pay_00787,799,15.98,2.88,780.14,INR
set_00788,pay_00788,499,9.98,1.8,487.22,INR
set_00789,pay_00789,2499,49.98,9.0,2440.02,INR
set_00790,pay_00790,799,15.98,2.88,780.14,INR
set_00791,pay_00791,799,15.98,2.88,780.14,INR
set_00792,pay_00792,799,15.98,2.88,780.14,INR
set_00793,pay_00793,1499,29.98,5.4,1463.62,INR
set_00794,pay_00794,4999,99.98,18.0,4881.02,INR
set_00795,pay_00795,499,9.98,1.8,487.22,INR
set_00796,pay_00796,2499,49.98,9.0,2440.02,INR
set_00797,pay_00797,799,15.98,2.88,780.14,INR
set_00798,pay_00798,1499,29.98,5.4,1463.62,INR
set_00799,pay_00799,4999,99.98,18.0,4881.02,INR
set_00800,pay_00800,999,19.98,3.6,975.42,INR
set_00801,pay_00801,999,19.98,3.6,975.42,INR
set_00802,pay_00802,799,15.98,2.88,780.14,INR
set_00803,pay_00803,2499,49.98,9.0,2440.02,INR
set_00804,pay_00804,2499,49.98,9.0,2440.02,INR
set_00805,pay_00805,4999,99.98,18.0,4881.02,INR
set_00806,pay_00806,4999,99.98,18.0,4881.02,INR
set_00807,pay_00807,499,9.98,1.8,487.22,INR
set_00808,pay_00808,799,15.98,2.88,780.14,INR
set_00809,pay_00809,999,19.98,3.6,975.42,INR
set_00810,pay_00810,499,9.98,1.8,487.22,INR
set_00811,pay_00811,2499,49.98,9.0,2440.02,INR
set_00812,pay_00812,499,9.98,1.8,487.22,INR
set_00813,pay_00813,999,19.98,3.6,975.42,INR
set_00814,pay_00814,2499,49.98,9.0,2440.02,INR
set_00815,pay_00815,4999,99.98,18.0,4881.02,INR
set_00816,pay_00816,1499,29.98,5.4,1463.62,INR
set_00817,pay_00817,1499,29.98,5.4,1463.62,INR
set_00818,pay_00818,4999,99.98,18.0,4881.02,INR
set_00819,pay_00819,799,15.98,2.88,780.14,INR
set_00820,pay_00820,499,9.98,1.8,487.22,INR
set_00821,pay_00821,2499,49.98,9.0,2440.02,INR
set_00822,pay_00822,4999,99.98,18.0,4881.02,INR
set_00823,pay_00823,4999,99.98,18.0,4881.02,INR
set_00824,pay_00824,799,15.98,2.88,780.14,INR
set_00825,pay_00825,499,9.98,1.8,487.22,INR
set_00826,pay_00826,4999,99.98,18.0,4881.02,INR
set_00827,pay_00827,999,19.98,3.6,975.42,INR
set_00828,pay_00828,4999,99.98,18.0,4881.02,INR
set_00829,pay_00829,2499,49.98,9.0,2440.02,INR
set_00830,pay_00830,499,9.98,1.8,487.22,INR
set_00831,pay_00831,2499,49.98,9.0,2440.02,INR
set_00832,pay_00832,499,9.98,1.8,487.22,INR
set_00833,pay_00833,999,19.98,3.6,975.42,INR
set_00834,pay_00834,2499,49.98,9.0,2440.02,INR
set_00835,pay_00835,1499,29.98,5.4,1463.62,INR
set_00836,pay_00836,4999,99.98,18.0,4881.02,INR
set_00837,pay_00837,999,19.98,3.6,975.42,INR
set_00838,pay_00838,499,9.98,1.8,487.22,INR
set_00839,pay_00839,2499,49.98,9.0,2440.02,INR
set_00840,pay_00840,4999,99.98,18.0,4881.02,INR
set_00841,pay_00841,999,19.98,3.6,975.42,INR
set_00842,pay_00842,499,9.98,1.8,487.22,INR
set_00843,pay_00843,1499,29.98,5.4,1463.62,INR
set_00844,pay_00844,1499,29.98,5.4,1463.62,INR
set_00845,pay_00845,499,9.98,1.8,487.22,INR
set_00846,pay_00846,1499,29.98,5.4,1463.62,INR
set_00847,pay_00847,999,19.98,3.6,975.42,INR
set_00848,pay_00848,4999,99.98,18.0,4881.02,INR
set_00849,pay_00849,1499,29.98,5.4,1463.62,INR
set_00850,pay_00850,4999,99.98,18.0,4881.02,INR
set_00851,pay_00851,799,15.98,2.88,780.14,INR
set_00852,pay_00852,1499,29.98,5.4,1463.62,INR
set_00853,pay_00853,799,15.98,2.88,780.14,INR
set_00854,pay_00854,4999,99.98,18.0,4881.02,INR
set_00855,pay_00855,2499,49.98,9.0,2440.02,INR
set_00856,pay_00856,4999,99.98,18.0,4881.02,INR
set_00857,pay_00857,999,19.98,3.6,975.42,INR
set_00858,pay_00858,2499,49.98,9.0,2440.02,INR
set_00859,pay_00859,2499,49.98,9.0,2440.02,INR
set_00860,pay_00860,1499,29.98,5.4,1463.62,INR
set_00861,pay_00861,1499,29.98,5.4,1463.62,INR
set_00862,pay_00862,1499,29.98,5.4,1463.62,INR
set_00863,pay_00863,4999,99.98,18.0,4881.02,INR
set_00864,pay_00864,2499,49.98,9.0,2440.02,INR
set_00865,pay_00865,999,19.98,3.6,975.42,INR
set_00866,pay_00866,999,19.98,3.6,975.42,INR
set_00867,pay_00867,799,15.98,2.88,780.14,INR
set_00868,pay_00868,499,9.98,1.8,487.22,INR
set_00869,pay_00869,999,19.98,3.6,975.42,INR
set_00870,pay_00870,1499,29.98,5.4,1463.62,INR
set_00871,pay_00871,799,15.98,2.88,780.14,INR
set_00872,pay_00872,1499,29.98,5.4,1463.62,INR
set_00873,pay_00873,2499,49.98,9.0,2440.02,INR
set_00874,pay_00874,2499,49.98,9.0,2440.02,INR
set_00875,pay_00875,4999,99.98,18.0,4881.02,INR
set_00876,pay_00876,1499,29.98,5.4,1463.62,INR
set_00877,pay_00877,999,19.98,3.6,975.42,INR
set_00878,pay_00878,499,9.98,1.8,487.22,INR
set_00879,pay_00879,1499,29.98,5.4,1463.62,INR
set_00880,pay_00880,999,19.98,3.6,975.42,INR
set_00881,pay_00881,799,15.98,2.88,780.14,INR
set_00882,pay_00882,1499,29.98,5.4,1463.62,INR
set_00883,pay_00883,799,15.98,2.88,780.14,INR
set_00884,pay_00884,999,19.98,3.6,975.42,INR
set_00885,pay_00885,999,19.98,3.6,975.42,INR
set_00886,pay_00886,999,19.98,3.6,975.42,INR
set_00887,pay_00887,999,19.98,3.6,975.42,INR
set_00888,pay_00888,2499,49.98,9.0,2440.02,INR
set_00889,pay_00889,4999,99.98,18.0,4881.02,INR
set_00890,pay_00890,999,19.98,3.6,975.42,INR
set_00891,pay_00891,2499,49.98,9.0,2440.02,INR
set_00892,pay_00892,499,9.98,1.8,487.22,INR
set_00893,pay_00893,2499,49.98,9.0,2440.02,INR
set_00894,pay_00894,799,15.98,2.88,780.14,INR
set_00895,pay_00895,499,9.98,1.8,487.22,INR
set_00896,pay_00896,799,15.98,2.88,780.14,INR
set_00897,pay_00897,4999,99.98,18.0,4881.02,INR
set_00898,pay_00898,1499,29.98,5.4,1463.62,INR
set_00899,pay_00899,1499,29.98,5.4,1463.62,INR
set_00900,pay_00900,2499,49.98,9.0,2440.02,INR
set_00901,pay_00901,799,15.98,2.88,780.14,INR
set_00902,pay_00902,4999,99.98,18.0,4881.02,INR
set_00903,pay_00903,1499,29.98,5.4,1463.62,INR
set_00904,pay_00904,4999,99.98,18.0,4881.02,INR
set_00905,pay_00905,4999,99.98,18.0,4881.02,INR
set_00906,pay_00906,1499,29.98,5.4,1463.62,INR
set_00907,pay_00907,1499,29.98,5.4,1463.62,INR
set_00908,pay_00908,499,9.98,1.8,487.22,INR
set_00909,pay_00909,499,9.98,1.8,487.22,INR
set_00910,pay_00910,999,19.98,3.6,975.42,INR
set_00911,pay_00911,799,15.98,2.88,780.14,INR
set_00912,pay_00912,1499,29.98,5.4,1463.62,INR
set_00913,pay_00913,4999,99.98,18.0,4881.02,INR
set_00914,pay_00914,799,15.98,2.88,780.14,INR
set_00915,pay_00915,999,19.98,3.6,975.42,INR
set_00916,pay_00916,4999,99.98,18.0,4881.02,INR
set_00917,pay_00917,2499,49.98,9.0,2440.02,INR
set_00918,pay_00918,999,19.98,3.6,975.42,INR
set_00919,pay_00919,1499,29.98,5.4,1463.62,INR
set_00920,pay_00920,2499,49.98,9.0,2440.02,INR
set_00921,pay_00921,2499,49.98,9.0,2440.02,INR
set_00922,pay_00922,999,19.98,3.6,975.42,INR
set_00923,pay_00923,1499,29.98,5.4,1463.62,INR
set_00924,pay_00924,4999,99.98,18.0,4881.02,INR
set_00925,pay_00925,2499,49.98,9.0,2440.02,INR
set_00926,pay_00926,999,19.98,3.6,975.42,INR
set_00927,pay_00927,999,19.98,3.6,975.42,INR
set_00928,pay_00928,4999,99.98,18.0,4881.02,INR
set_00929,pay_00929,1499,29.98,5.4,1463.62,INR
set_00930,pay_00930,999,19.98,3.6,975.42,INR
set_00931,pay_00931,999,19.98,3.6,975.42,INR
set_00932,pay_00932,999,19.98,3.6,975.42,INR
set_00933,pay_00933,799,15.98,2.88,780.14,INR
set_00934,pay_00934,499,9.98,1.8,487.22,INR
set_00935,pay_00935,4999,99.98,18.0,4881.02,INR
set_00936,pay_00936,799,15.98,2.88,780.14,INR
set_00937,pay_00937,999,19.98,3.6,975.42,INR
set_00938,pay_00938,499,9.98,1.8,487.22,INR
set_00939,pay_00939,4999,99.98,18.0,4881.02,INR
set_00940,pay_00940,2499,49.98,9.0,2440.02,INR
set_00941,pay_00941,4999,99.98,18.0,4881.02,INR
set_00942,pay_00942,799,15.98,2.88,780.14,INR
set_00943,pay_00943,799,15.98,2.88,780.14,INR
set_00944,pay_00944,799,15.98,2.88,780.14,INR
set_00945,pay_00945,4999,99.98,18.0,4881.02,INR
set_00946,pay_00946,1499,29.98,5.4,1463.62,INR
set_00947,pay_00947,999,19.98,3.6,975.42,INR
set_00948,pay_00948,4999,99.98,18.0,4881.02,INR
set_00949,pay_00949,2499,49.98,9.0,2440.02,INR
set_00950,pay_00950,2499,49.98,9.0,2440.02,INR
set_00951,pay_00951,2499,49.98,9.0,2440.02,INR
set_00952,pay_00952,999,19.98,3.6,975.42,INR
set_00953,pay_00953,499,9.98,1.8,487.22,INR
set_00954,pay_00954,799,15.98,2.88,780.14,INR
set_00955,pay_00955,999,19.98,3.6,975.42,INR
set_00956,pay_00956,799,15.98,2.88,780.14,INR
set_00957,pay_00957,999,19.98,3.6,975.42,INR
set_00958,pay_00958,799,15.98,2.88,780.14,INR
set_00959,pay_00959,999,19.98,3.6,975.42,INR
set_00960,pay_00960,499,9.98,1.8,487.22,INR
set_00961,pay_00961,4999,99.98,18.0,4881.02,INR
set_00962,pay_00962,2499,49.98,9.0,2440.02,INR
set_00963,pay_00963,799,15.98,2.88,780.14,INR
set_00964,pay_00964,999,19.98,3.6,975.42,INR
set_00965,pay_00965,499,9.98,1.8,487.22,INR
set_00966,pay_00966,499,9.98,1.8,487.22,INR
set_00967,pay_00967,2499,49.98,9.0,2440.02,INR
set_00968,pay_00968,999,19.98,3.6,975.42,INR
set_00969,pay_00969,4999,99.98,18.0,4881.02,INR
set_00970,pay_00970,799,15.98,2.88,780.14,INR
set_00971,pay_00971,4999,99.98,18.0,4881.02,INR
set_00972,pay_00972,1499,29.98,5.4,1463.62,INR
set_00973,pay_00973,499,9.98,1.8,487.22,INR
set_00974,pay_00974,499,9.98,1.8,487.22,INR
set_00975,pay_00975,2499,49.98,9.0,2440.02,INR
set_00976,pay_00976,999,19.98,3.6,975.42,INR
set_00977,pay_00977,1499,29.98,5.4,1463.62,INR
set_00978,pay_00978,1499,29.98,5.4,1463.62,INR
set_00979,pay_00979,1499,29.98,5.4,1463.62,INR
set_00980,pay_00980,999,19.98,3.6,975.42,INR
set_00981,pay_00981,799,15.98,2.88,780.14,INR
set_00982,pay_00982,499,9.98,1.8,487.22,INR
set_00983,pay_00983,999,19.98,3.6,975.42,INR
set_00984,pay_00984,1499,29.98,5.4,1463.62,INR
set_00985,pay_00985,499,9.98,1.8,487.22,INR
set_00986,pay_00986,499,9.98,1.8,487.22,INR
set_00987,pay_00987,1499,29.98,5.4,1463.62,INR
set_00988,pay_00988,1499,29.98,5.4,1463.62,INR
set_00989,pay_00989,499,9.98,1.8,487.22,INR
set_00990,pay_00990,2499,49.98,9.0,2440.02,INR
set_00991,pay_00991,4999,99.98,18.0,4881.02,INR
set_00992,pay_00992,4999,99.98,18.0,4881.02,INR
set_00993,pay_00993,499,9.98,1.8,487.22,INR
set_00994,pay_00994,799,15.98,2.88,780.14,INR
set_00995,pay_00995,799,15.98,2.88,780.14,INR
set_00996,pay_00996,2499,49.98,9.0,2440.02,INR
set_00997,pay_00997,999,19.98,3.6,975.42,INR
set_00998,pay_00998,499,9.98,1.8,487.22,INR
set_00999,pay_00999,799,15.98,2.88,780.14,INR
set_01000,pay_01000,499,9.98,1.8,487.22,INR
