transaction_id,ledger_id,order_ref,amount,currency,status,recorded_at
txn_00002,ledger_00002,order_00002,11800.82,INR,paid,2026-08-02T11:39:30
txn_00003,ledger_00003,order_00003,5863.76,INR,paid,2026-08-13T20:48:30
txn_00003,ledger_00003,order_00003,5863.76,INR,paid,2026-08-13T20:48:30
txn_00004,ledger_00004,order_00004,17604.39,INR,paid,2026-08-21T23:55:00
txn_00005,ledger_00005,order_00005,1872.38,INR,paid,2026-08-11T14:57:30
txn_00006,ledger_00006,order_00006,23105.39,INR,paid,2026-08-29T10:43:30
txn_00007,ledger_00007,order_00007,14785.76,INR,paid,2026-08-10T00:04:30
txn_00009,ledger_00009,order_00009,5697.76,INR,paid,2026-08-07T18:44:30
txn_00010,ledger_00010,order_00010,22719.44,INR,paid,2026-08-07T11:21:30
txn_00011,ledger_00011,order_00011,1878.1,INR,paid,2026-08-08T13:13:30
txn_00013,ledger_00013,order_00013,18749.05,INR,paid,2026-08-26T21:43:30
txn_00014,ledger_00014,order_00014,23037.69,INR,paid,2026-08-20T23:40:30
txn_00015,ledger_00015,order_00015,3561.29,INR,paid,2026-08-14T20:08:30
txn_00016,ledger_00016,order_00016,23572.64,INR,paid,2026-08-23T18:38:30
txn_00018,ledger_00018,order_00018,2103.0,INR,paid,2026-08-02T19:32:30
txn_00019,ledger_00019,order_00019,22568.3,INR,paid,2026-08-15T16:03:30
txn_00020,ledger_00020,order_00020,744.04,INR,paid,2026-08-11T10:02:30
txn_00021,ledger_00021,order_00021,24051.59,INR,paid,2026-08-27T04:16:30
txn_00023,ledger_00023,order_00023,24989.35,INR,paid,2026-08-13T06:22:30
txn_00024,ledger_00024,order_00024,14448.55,INR,paid,2026-08-08T23:21:30
txn_00025,ledger_00025,order_00025,11815.47,INR,paid,2026-08-30T15:37:30
txn_00026,ledger_00026,order_00026,11111.51,INR,paid,2026-08-13T15:49:30
txn_00027,ledger_00027,order_00027,4619.08,INR,paid,2026-08-27T15:20:30
txn_00028,ledger_00028,order_00028,10953.54,INR,paid,2026-08-23T09:05:30
txn_00029,ledger_00029,order_00029,24229.48,INR,paid,2026-08-22T09:22:30
txn_00031,ledger_00031,order_00031,8094.35,INR,paid,2026-08-05T18:15:30
txn_00032,ledger_00032,order_00032,21457.55,INR,paid,2026-08-16T08:14:00
txn_00034,ledger_00034,order_00034,7276.62,INR,paid,2026-08-19T05:24:30
txn_00035,ledger_00035,order_00035,20357.79,INR,paid,2026-08-26T08:51:00
txn_00036,ledger_00036,order_00036,1013.76,INR,paid,2026-08-05T00:11:30
txn_00037,ledger_00037,order_00037,7931.48,INR,paid,2026-08-15T17:06:30
txn_00038,ledger_00038,order_00038,3425.66,INR,paid,2026-08-19T09:28:30
txn_00039,ledger_00039,order_00039,20640.69,INR,paid,2026-08-01T01:15:30
txn_00040,ledger_00040,order_00040,16475.74,INR,paid,2026-08-25T16:39:30
txn_00041,ledger_00041,order_00041,11603.21,INR,paid,2026-08-03T11:12:30
txn_00042,ledger_00042,order_00042,4770.81,INR,paid,2026-08-17T11:09:30
txn_00044,ledger_00044,order_00044,15672.68,INR,paid,2026-08-03T08:22:30
txn_00045,ledger_00045,order_00045,5168.6,INR,paid,2026-08-25T23:53:30
txn_00047,ledger_00047,order_00047,11009.09,INR,paid,2026-08-23T01:26:30
txn_00048,ledger_00048,order_00048,3123.51,INR,paid,2026-08-29T16:09:30
txn_00049,ledger_00049,order_00049,15630.3,INR,paid,2026-08-11T21:22:30
txn_00050,ledger_00050,order_00050,7837.68,INR,paid,2026-08-01T14:56:30
txn_00051,ledger_00051,order_00051,13851.06,INR,paid,2026-08-05T05:48:30
txn_00052,ledger_00052,order-00052,5695.05,INR,paid,2026-08-06T03:55:30
txn_00053,ledger_00053,order_00053,11590.05,INR,paid,2026-08-06T08:18:30
txn_00054,ledger_00054,order_00054,16227.97,INR,paid,2026-08-08T00:10:30
txn_00055,ledger_00055,order_00055,12509.55,INR,paid,2026-08-14T06:47:30
txn_00056,ledger_00056,order_00056,12770.91,INR,paid,2026-08-13T10:39:30
txn_00057,ledger_00057,order_00057,10936.82,INR,paid,2026-08-22T23:01:30
txn_00059,ledger_00059,order_00059,3701.59,INR,paid,2026-08-09T16:11:30
txn_00060,ledger_00060,order_00060,23054.52,INR,paid,2026-08-24T03:08:30
txn_00061,ledger_00061,order_00061,18682.68,INR,paid,2026-08-07T05:06:30
txn_00062,ledger_00062,order_00062,21614.27,INR,paid,2026-08-13T13:44:30
txn_00063,ledger_00063,order_00063,19339.61,INR,paid,2026-08-19T21:13:30
txn_00064,ledger_00064,order_00064,8562.89,INR,paid,2026-08-24T02:35:30
txn_00065,ledger_00065,order_00065,6752.6,INR,paid,2026-08-01T02:48:30
txn_00066,ledger_00066,order_00066,7142.69,INR,paid,2026-08-14T14:06:30
txn_00066,ledger_00066,order_00066,7142.69,INR,paid,2026-08-14T14:06:30
txn_00067,ledger_00067,order_00067,20953.15,INR,paid,2026-08-27T09:25:30
txn_00068,ledger_00068,order_00068,24972.67,INR,paid,2026-08-23T06:49:30
txn_00069,ledger_00069,order_00069,21644.99,INR,paid,2026-08-21T07:44:30
txn_00070,ledger_00070,order_00070,13510.66,INR,paid,2026-08-16T16:58:30
txn_00071,ledger_00071,order_00071,8377.75,INR,paid,2026-08-25T17:34:30
txn_00072,ledger_00072,order_00072,9492.53,INR,paid,2026-08-15T15:28:30
txn_00073,ledger_00073,order_00073,21753.08,INR,paid,2026-08-11T20:50:30
txn_00074,ledger_00074,order_00074,14337.76,INR,paid,2026-08-11T15:06:30
txn_00075,ledger_00075,order_00075,21414.72,INR,paid,2026-08-19T16:40:30
txn_00076,ledger_00076,order_00076,1186.82,INR,paid,2026-08-22T12:36:30
txn_00076,ledger_00076,order_00076,1186.82,INR,paid,2026-08-22T12:36:30
txn_00077,ledger_00077,order_00077,17883.91,INR,paid,2026-08-18T08:24:30
txn_00078,ledger_00078,order_00078,16625.85,INR,paid,2026-08-30T16:10:30
txn_00078,ledger_00078,order_00078,16625.85,INR,paid,2026-08-30T16:10:30
txn_00079,ledger_00079,order_00079,24522.37,INR,paid,2026-08-23T13:01:30
txn_00080,ledger_00080,order_00080,24124.13,INR,paid,2026-08-06T17:53:30
txn_00080,ledger_00080,order_00080,24124.13,INR,paid,2026-08-06T17:53:30
txn_00082,ledger_00082,order_00082,8366.67,INR,paid,2026-08-05T13:37:30
txn_00083,ledger_00083,order_00083,21867.34,INR,paid,2026-08-21T00:55:30
txn_00084,ledger_00084,order_00084,2582.82,INR,paid,2026-08-21T19:05:30
txn_00085,ledger_00085,order_00085,482.16,INR,paid,2026-08-07T13:27:30
txn_00087,ledger_00087,order_00087,24251.92,INR,paid,2026-08-04T09:43:30
txn_00087,ledger_00087,order_00087,24251.92,INR,paid,2026-08-04T09:43:30
txn_00088,ledger_00088,order_00088,11790.32,INR,paid,2026-08-13T01:28:30
txn_00089,ledger_00089,order_00089,8530.17,INR,paid,2026-08-19T02:09:30
txn_00090,ledger_00090,order_00090,16280.93,INR,paid,2026-08-15T22:52:30
txn_00091,ledger_00091,order_00091,21544.3,INR,paid,2026-08-25T06:51:30
txn_00092,ledger_00092,order_00092,7984.86,INR,paid,2026-08-23T04:58:30
txn_00093,ledger_00093,order_00093,21822.34,INR,paid,2026-08-02T15:12:30
txn_00094,ledger_00094,order_00094,15474.74,INR,paid,2026-08-11T16:25:30
txn_00095,ledger_00095,order_00095,15815.91,INR,paid,2026-08-14T01:53:30
txn_00096,ledger_00096,order_00096,24935.91,INR,paid,2026-08-05T10:43:00
txn_00097,ledger_00097,order_00097,10905.89,INR,paid,2026-08-05T11:31:30
txn_00098,ledger_00098,order_00098,19033.21,INR,paid,2026-08-05T13:46:30
txn_00099,ledger_00099,order_00099,11147.6,INR,paid,2026-08-14T15:05:30
txn_00100,ledger_00100,order_00100,22595.26,INR,paid,2026-08-03T02:14:30
txn_00101,ledger_00101,order_00101,8358.95,INR,paid,2026-08-03T13:17:30
txn_00102,ledger_00102,order_00102,9433.54,INR,paid,2026-08-07T15:00:30
txn_00103,ledger_00103,order_00103,6180.52,INR,paid,2026-08-20T02:04:00
txn_00104,ledger_00104,order_00104,14191.61,INR,paid,2026-08-09T12:40:00
txn_00105,ledger_00105,order_00105,4332.59,INR,paid,2026-08-04T14:15:30
txn_00106,ledger_00106,order-00106,15276.35,INR,paid,2026-08-18T09:50:30
txn_00107,ledger_00107,order_00107,15530.79,INR,paid,2026-08-12T07:03:00
txn_00108,ledger_00108,order_00108,12606.31,INR,paid,2026-08-27T12:57:30
txn_00109,ledger_00109,order_00109,11582.63,INR,paid,2026-08-12T13:24:30
txn_00110,ledger_00110,order_00110,11543.31,INR,paid,2026-08-01T10:15:30
txn_00112,ledger_00112,order_00112,22540.11,INR,paid,2026-08-25T21:01:30
txn_00113,ledger_00113,order_00113,4033.59,INR,paid,2026-08-21T02:29:30
txn_00114,ledger_00114,order_00114,23636.37,INR,paid,2026-08-27T17:47:30
txn_00115,ledger_00115,order_00115,7548.94,INR,paid,2026-08-20T07:27:30
txn_00117,ledger_00117,order_00117,21148.07,INR,paid,2026-08-10T01:35:30
txn_00118,ledger_00118,order_00118,24984.4,INR,paid,2026-08-22T23:47:30
txn_00119,ledger_00119,order_00119,2755.67,INR,paid,2026-08-18T08:33:30
txn_00120,ledger_00120,order_00120,14340.88,INR,paid,2026-08-27T03:50:30
txn_00121,ledger_00121,order_00121,7467.22,INR,paid,2026-08-14T10:28:30
txn_00122,ledger_00122,order_00122,646.3,INR,paid,2026-08-30T22:57:30
txn_00123,ledger_00123,order_00123,10260.23,INR,paid,2026-08-01T08:50:30
txn_00124,ledger_00124,order_00124,17176.41,INR,paid,2026-08-03T05:34:30
txn_00125,ledger_00125,order_00125,22774.36,INR,paid,2026-08-23T14:33:30
txn_00126,ledger_00126,order_00126,20837.69,INR,paid,2026-08-14T00:36:30
txn_00128,ledger_00128,order_00128,15364.47,INR,paid,2026-08-17T00:49:30
txn_00129,ledger_00129,order-00129,4834.29,INR,paid,2026-08-12T09:45:30
txn_00130,ledger_00130,order_00130,16976.34,INR,paid,2026-08-31T00:00:30
txn_00131,ledger_00131,order_00131,17053.29,INR,paid,2026-08-07T05:23:30
txn_00132,ledger_00132,order_00132,15743.38,INR,paid,2026-08-29T13:21:30
txn_00133,ledger_00133,order_00133,16193.88,INR,paid,2026-08-15T01:26:30
txn_00133,ledger_00133,order_00133,16193.88,INR,paid,2026-08-15T01:26:30
txn_00134,ledger_00134,order_00134,19736.4,INR,paid,2026-08-02T12:26:30
txn_00135,ledger_00135,order_00135,14531.39,INR,paid,2026-08-06T23:32:30
txn_00137,ledger_00137,order_00137,8235.31,INR,paid,2026-08-19T21:50:30
txn_00138,ledger_00138,order_00138,4473.44,INR,paid,2026-08-07T00:21:30
txn_00139,ledger_00139,order_00139,19684.17,INR,paid,2026-08-17T15:36:30
txn_00141,ledger_00141,order_00141,20778.77,INR,paid,2026-08-12T16:40:30
txn_00141,ledger_00141,order_00141,20778.77,INR,paid,2026-08-12T16:40:30
txn_00142,ledger_00142,order_00142,22859.82,INR,paid,2026-08-23T06:18:00
txn_00143,ledger_00143,order_00143,24187.86,INR,paid,2026-08-14T18:22:00
txn_00144,ledger_00144,order_00144,18689.33,INR,paid,2026-08-16T09:58:30
txn_00145,ledger_00145,order_00145,20608.69,INR,paid,2026-08-22T07:32:30
txn_00146,ledger_00146,order_00146,3604.85,INR,paid,2026-08-11T06:25:30
txn_00147,ledger_00147,order_00147,21517.5,INR,paid,2026-08-19T02:04:30
txn_00148,ledger_00148,order_00148,24185.02,INR,paid,2026-08-26T08:44:30
txn_00149,ledger_00149,order_00149,9207.8,INR,paid,2026-08-18T22:58:30
txn_00150,ledger_00150,order_00150,552.18,INR,paid,2026-08-25T10:04:30
txn_00151,ledger_00151,order_00151,9590.83,INR,paid,2026-08-12T22:21:30
txn_00152,ledger_00152,order_00152,20578.19,INR,paid,2026-08-18T05:44:00
txn_00153,ledger_00153,order_00153,2797.82,INR,paid,2026-08-11T15:23:30
txn_00154,ledger_00154,order_00154,11839.77,INR,paid,2026-08-29T04:42:30
txn_00155,ledger_00155,order_00155,22117.45,INR,paid,2026-08-26T13:12:30
txn_00156,ledger_00156,order_00156,8267.36,INR,paid,2026-08-28T18:22:30
txn_00157,ledger_00157,order_00157,5612.04,INR,paid,2026-08-03T21:02:30
txn_00158,ledger_00158,order_00158,15921.56,INR,paid,2026-08-22T03:06:30
txn_00159,ledger_00159,order_00159,23085.91,INR,paid,2026-08-14T18:04:30
txn_00160,ledger_00160,order_00160,3481.05,INR,paid,2026-08-03T01:31:30
txn_00161,ledger_00161,order_00161,7678.68,INR,paid,2026-08-23T10:04:30
txn_00162,ledger_00162,order_00162,2991.4,INR,paid,2026-08-11T16:27:30
txn_00163,ledger_00163,order_00163,22192.76,INR,paid,2026-08-07T04:10:30
txn_00164,ledger_00164,order_00164,9777.28,INR,paid,2026-08-17T21:14:30
txn_00165,ledger_00165,order-00165,16795.11,INR,paid,2026-08-25T14:02:30
txn_00166,ledger_00166,order_00166,10984.7,INR,paid,2026-08-08T00:46:30
txn_00167,ledger_00167,order_00167,16407.56,INR,paid,2026-08-23T06:29:30
txn_00169,ledger_00169,order_00169,914.64,INR,paid,2026-08-17T20:43:30
txn_00170,ledger_00170,order_00170,5510.02,INR,paid,2026-08-21T05:43:30
txn_00171,ledger_00171,order_00171,23768.82,INR,paid,2026-08-17T20:08:00
txn_00172,ledger_00172,order_00172,2573.93,INR,paid,2026-08-17T17:13:30
txn_00173,ledger_00173,order_00173,13657.2,INR,paid,2026-08-30T08:19:30
txn_00174,ledger_00174,order_00174,9030.98,INR,paid,2026-08-19T02:52:30
txn_00175,ledger_00175,order_00175,7446.5,INR,paid,2026-08-06T13:25:30
txn_00177,ledger_00177,order_00177,16940.71,INR,paid,2026-08-30T04:54:30
txn_00178,ledger_00178,order_00178,24280.22,INR,paid,2026-08-03T07:14:30
txn_00179,ledger_00179,order_00179,19691.19,INR,paid,2026-08-12T02:02:30
txn_00180,ledger_00180,order_00180,24721.64,INR,paid,2026-08-26T16:40:30
txn_00180,ledger_00180_ALT,order_0018X,24721.64,INR,paid,2026-08-26T16:40:30
txn_00181,ledger_00181,order_00181,5209.62,INR,paid,2026-08-26T05:20:30
txn_00182,ledger_00182,order_00182,5258.22,INR,paid,2026-08-10T19:52:30
txn_00183,ledger_00183,order_00183,20345.02,INR,paid,2026-08-11T14:29:30
txn_00184,ledger_00184,order_00184,8281.13,INR,paid,2026-08-07T17:10:30
txn_00185,ledger_00185,order_00185,19737.23,INR,paid,2026-08-28T02:58:30
txn_00186,ledger_00186,order_00186,170.61,INR,paid,2026-08-07T14:02:30
txn_00187,ledger_00187,order_00187,24689.43,INR,paid,2026-08-25T14:03:30
txn_00188,ledger_00188,order_00188,6341.29,INR,paid,2026-08-08T22:35:30
txn_00189,ledger_00189,order_00189,2837.17,INR,paid,2026-08-02T04:09:30
txn_00189,ledger_00189,order_00189,2837.17,INR,paid,2026-08-02T04:09:30
txn_00190,ledger_00190,order_00190,3381.9,INR,paid,2026-08-17T07:17:30
txn_00191,ledger_00191,order_00191,19770.62,INR,paid,2026-08-11T19:53:30
txn_00192,ledger_00192,order_00192,14762.44,INR,paid,2026-08-01T17:14:30
txn_00193,ledger_00193,order_00193,4438.73,INR,paid,2026-08-03T09:14:30
txn_00194,ledger_00194,order_00194,3256.29,INR,paid,2026-08-20T03:48:30
txn_00195,ledger_00195,order_00195,13199.53,INR,paid,2026-08-03T21:25:30
txn_00196,ledger_00196,order_00196,11958.52,INR,paid,2026-08-17T11:26:30
txn_00197,ledger_00197,order_00197,13133.03,INR,paid,2026-08-05T23:06:30
txn_00198,ledger_00198,order_00198,5616.59,INR,paid,2026-08-28T23:51:30
txn_00199,ledger_00199,order_00199,1179.79,INR,paid,2026-08-30T23:41:30
txn_00200,ledger_00200,order_00200,13084.14,INR,paid,2026-08-21T20:18:30
txn_00201,ledger_00201,order_00201,16119.18,INR,paid,2026-08-02T10:01:30
txn_00201,ledger_00201,order_00201,16119.18,INR,paid,2026-08-02T10:01:30
txn_00202,ledger_00202,order_00202,1614.55,INR,paid,2026-08-22T19:10:30
txn_00203,ledger_00203,order_00203,21197.73,INR,paid,2026-08-20T09:36:30
txn_00204,ledger_00204,order_00204,17183.83,INR,paid,2026-08-23T07:30:30
txn_00205,ledger_00205,order-00205,17838.79,INR,paid,2026-08-21T04:29:30
txn_00206,ledger_00206,order_00206,1929.92,INR,paid,2026-08-04T16:14:30
txn_00207,ledger_00207,order_00207,8120.58,INR,paid,2026-08-07T18:01:30
txn_00208,ledger_00208,order_00208,1735.49,INR,paid,2026-08-13T12:23:30
txn_00210,ledger_00210,order_00210,13754.08,INR,paid,2026-08-15T19:11:30
txn_00211,ledger_00211,order_00211,9584.52,INR,paid,2026-08-28T04:30:30
txn_00211,ledger_00211_ALT,order_0021X,9584.52,INR,paid,2026-08-28T04:30:30
txn_00212,ledger_00212,order_00212,13310.87,INR,paid,2026-08-21T15:34:30
txn_00214,ledger_00214,order_00214,2569.54,INR,paid,2026-08-06T04:58:30
txn_00215,ledger_00215,order_00215,21334.54,INR,paid,2026-08-30T14:58:30
txn_00217,ledger_00217,order_00217,18048.91,INR,paid,2026-08-10T18:51:30
txn_00218,ledger_00218,order_00218,10808.74,INR,paid,2026-08-11T09:34:30
txn_00219,ledger_00219,order_00219,10403.96,INR,paid,2026-08-21T15:20:30
txn_00220,ledger_00220,order_00220,10028.38,INR,paid,2026-08-05T07:51:30
txn_00221,ledger_00221,order_00221,7882.45,INR,paid,2026-08-15T05:21:30
txn_00222,ledger_00222,order_00222,16661.19,INR,paid,2026-08-18T00:50:30
txn_00223,ledger_00223,order_00223,23844.45,INR,paid,2026-08-22T14:01:30
txn_00224,ledger_00224,order_00224,1771.62,INR,paid,2026-08-04T21:14:30
txn_00225,ledger_00225,order_00225,2421.43,INR,paid,2026-08-05T09:28:30
txn_00225,ledger_00225,order_00225,2421.43,INR,paid,2026-08-05T09:28:30
txn_00226,ledger_00226,order_00226,18640.27,INR,paid,2026-08-17T23:01:30
txn_00227,ledger_00227,order_00227,20313.06,INR,paid,2026-08-26T07:42:30
txn_00228,ledger_00228,order_00228,1593.53,INR,paid,2026-08-26T13:24:30
txn_00229,ledger_00229,order_00229,14085.92,INR,paid,2026-08-06T13:30:30
txn_00230,ledger_00230,order_00230,10329.13,INR,paid,2026-08-20T05:57:30
txn_00231,ledger_00231,order_00231,21715.49,INR,paid,2026-08-03T08:11:30
txn_00232,ledger_00232,order_00232,24213.13,INR,paid,2026-08-28T15:48:00
txn_00233,ledger_00233,order_00233,7879.98,INR,paid,2026-08-05T17:09:30
txn_00234,ledger_00234,order_00234,14490.17,INR,paid,2026-08-10T16:22:30
txn_00235,ledger_00235,order_00235,4103.69,INR,paid,2026-08-22T22:40:30
txn_00236,ledger_00236,order_00236,2794.64,INR,paid,2026-08-26T07:35:30
txn_00238,ledger_00238,order_00238,14395.09,INR,paid,2026-08-20T12:42:30
txn_00239,ledger_00239,order_00239,21144.36,INR,paid,2026-08-29T07:05:30
txn_00240,ledger_00240,order_00240,15377.97,INR,paid,2026-08-30T05:59:30
txn_00241,ledger_00241,order_00241,14430.91,INR,paid,2026-08-28T17:11:30
txn_00242,ledger_00242,order_00242,20753.57,INR,paid,2026-08-13T04:07:30
txn_00242,ledger_00242,order_00242,20753.57,INR,paid,2026-08-13T04:07:30
txn_00243,ledger_00243,order_00243,820.93,INR,paid,2026-08-13T10:29:30
txn_00244,ledger_00244,order_00244,17597.2,INR,paid,2026-08-15T01:29:30
txn_00245,ledger_00245,order_00245,23046.28,INR,paid,2026-08-16T23:24:30
txn_00246,ledger_00246,order_00246,252.03,INR,paid,2026-08-07T12:28:30
txn_00247,ledger_00247,order_00247,14201.4,INR,paid,2026-08-19T05:45:30
txn_00248,ledger_00248,order_00248,1832.68,INR,paid,2026-08-29T19:35:30
txn_00249,ledger_00249,order_00249,24298.08,INR,paid,2026-08-05T04:13:30
txn_00250,ledger_00250,order_00250,18678.18,INR,paid,2026-08-10T18:58:30
txn_00251,ledger_00251,order_00251,9467.24,INR,paid,2026-08-21T15:30:30
txn_00252,ledger_00252,order_00252,8588.31,INR,paid,2026-08-17T20:11:30
txn_00253,ledger_00253,order_00253,7859.77,INR,paid,2026-08-15T18:18:30
txn_00254,ledger_00254,order_00254,19443.21,INR,paid,2026-08-26T19:57:30
txn_00255,ledger_00255,order_00255,14945.97,INR,paid,2026-08-03T09:27:30
txn_00256,ledger_00256,order_00256,4046.33,INR,paid,2026-08-29T02:50:30
txn_00257,ledger_00257,order_00257,2131.38,INR,paid,2026-08-21T03:59:30
txn_00258,ledger_00258,order_00258,16582.27,INR,paid,2026-08-23T02:28:30
txn_00260,ledger_00260,order_00260,6901.85,INR,paid,2026-08-24T07:37:30
txn_00262,ledger_00262,order_00262,3130.14,INR,paid,2026-08-27T23:51:30
txn_00264,ledger_00264,order_00264,5590.91,INR,paid,2026-08-28T06:37:30
txn_00265,ledger_00265,order_00265,1464.07,INR,paid,2026-08-10T07:17:30
txn_00266,ledger_00266,order_00266,7605.34,INR,paid,2026-08-10T14:43:30
txn_00267,ledger_00267,order_00267,19207.0,INR,paid,2026-08-12T15:05:30
txn_00268,ledger_00268,order_00268,7307.23,INR,paid,2026-08-06T11:03:30
txn_00269,ledger_00269,order-00269,292.47,INR,paid,2026-08-20T14:23:30
txn_00270,ledger_00270,order_00270,4474.8,INR,paid,2026-08-18T07:17:30
txn_00271,ledger_00271,order_00271,13361.3,INR,paid,2026-08-11T11:20:30
txn_00272,ledger_00272,order_00272,12556.53,INR,paid,2026-08-17T02:50:30
txn_00273,ledger_00273,order_00273,1894.68,INR,paid,2026-08-02T22:12:30
txn_00274,ledger_00274,order_00274,10961.87,INR,paid,2026-08-21T22:10:30
txn_00275,ledger_00275,order_00275,23036.94,INR,paid,2026-08-15T05:56:30
txn_00276,ledger_00276,order_00276,14436.4,INR,paid,2026-08-27T02:18:30
txn_00277,ledger_00277,order_00277,10170.13,INR,paid,2026-08-30T03:12:30
txn_00278,ledger_00278,order_00278,10500.58,INR,paid,2026-08-06T05:48:30
txn_00279,ledger_00279,order_00279,10185.3,INR,paid,2026-08-15T18:44:30
txn_00280,ledger_00280,order_00280,4379.64,INR,paid,2026-08-29T03:09:30
txn_00281,ledger_00281,order_00281,11556.41,INR,paid,2026-08-17T11:14:30
txn_00282,ledger_00282,order_00282,2453.92,INR,paid,2026-08-05T19:37:30
txn_00283,ledger_00283,order_00283,14762.9,INR,paid,2026-08-24T20:18:30
txn_00284,ledger_00284,order_00284,2058.31,INR,paid,2026-08-15T02:54:30
txn_00285,ledger_00285,order_00285,18670.54,INR,paid,2026-08-11T02:00:30
txn_00286,ledger_00286,order_00286,8393.41,INR,paid,2026-08-08T15:38:30
txn_00287,ledger_00287,order_00287,2001.85,INR,paid,2026-08-29T19:39:30
txn_00288,ledger_00288,order_00288,2939.26,INR,paid,2026-08-24T05:00:30
txn_00289,ledger_00289,order_00289,4928.2,INR,paid,2026-08-16T21:36:30
txn_00289,ledger_00289,order_00289,4928.2,INR,paid,2026-08-16T21:36:30
txn_00291,ledger_00291,order_00291,20394.42,INR,paid,2026-08-11T18:04:30
txn_00292,ledger_00292,order_00292,2659.83,INR,paid,2026-08-12T15:35:30
txn_00293,ledger_00293,order_00293,5012.07,INR,paid,2026-08-28T09:58:30
txn_00294,ledger_00294,order_00294,3906.46,INR,paid,2026-08-30T19:59:30
txn_00295,ledger_00295,order_00295,1976.3,INR,paid,2026-08-29T13:53:30
txn_00296,ledger_00296,order_00296,12403.51,INR,paid,2026-08-26T15:44:30
txn_00297,ledger_00297,order_00297,19020.94,INR,paid,2026-08-21T10:19:30
txn_00298,ledger_00298,order_00298,17060.22,INR,paid,2026-08-26T16:34:30
txn_00299,ledger_00299,order_00299,16110.5,INR,paid,2026-08-29T10:08:30
txn_00300,ledger_00300,order_00300,8147.89,INR,paid,2026-08-29T13:05:30
txn_00301,ledger_00301,order_00301,7971.86,INR,paid,2026-08-21T00:20:30
txn_00302,ledger_00302,order_00302,1800.33,INR,paid,2026-08-21T03:00:30
txn_00303,ledger_00303,order_00303,15821.49,INR,paid,2026-08-13T12:01:30
txn_00304,ledger_00304,order_00304,14826.35,INR,paid,2026-08-17T00:24:30
txn_00305,ledger_00305,order_00305,12732.69,INR,paid,2026-08-15T03:02:30
txn_00307,ledger_00307,order_00307,1516.56,INR,paid,2026-08-14T01:33:30
txn_00308,ledger_00308,order_00308,2337.35,INR,paid,2026-08-05T02:37:30
txn_00309,ledger_00309,order_00309,12725.99,INR,paid,2026-08-22T01:24:30
txn_00310,ledger_00310,order_00310,14550.2,INR,paid,2026-08-02T20:48:30
txn_00311,ledger_00311,order_00311,11298.37,INR,paid,2026-08-27T00:24:30
txn_00312,ledger_00312,order_00312,16330.75,INR,paid,2026-08-15T15:11:30
txn_00313,ledger_00313,order_00313,15164.65,INR,paid,2026-08-23T19:37:30
txn_00314,ledger_00314,order_00314,4109.18,INR,paid,2026-08-03T19:34:30
txn_00315,ledger_00315,order_00315,20293.07,INR,paid,2026-08-16T15:07:30
txn_00316,ledger_00316,order_00316,24561.4,INR,paid,2026-08-04T20:06:30
txn_00316,ledger_00316,order_00316,24561.4,INR,paid,2026-08-04T20:06:30
txn_00317,ledger_00317,order_00317,12663.27,INR,paid,2026-08-08T20:28:30
txn_00318,ledger_00318,order_00318,1074.64,INR,paid,2026-08-20T22:08:30
txn_00319,ledger_00319,order_00319,24775.55,INR,paid,2026-08-24T20:25:30
txn_00320,ledger_00320,order_00320,13116.43,INR,paid,2026-08-08T05:23:30
txn_00321,ledger_00321,order_00321,9161.06,INR,paid,2026-08-13T20:59:30
txn_00322,ledger_00322,order_00322,9746.67,INR,paid,2026-08-16T17:35:00
txn_00324,ledger_00324,order_00324,19751.75,INR,paid,2026-08-30T11:01:30
txn_00325,ledger_00325,order_00325,8432.77,INR,paid,2026-08-16T00:06:30
txn_00326,ledger_00326,order_00326,2453.2,INR,paid,2026-08-18T14:13:30
txn_00327,ledger_00327,order_00327,7659.24,INR,paid,2026-08-30T21:08:30
txn_00328,ledger_00328,order_00328,15107.25,INR,paid,2026-08-07T20:14:30
txn_00329,ledger_00329,order_00329,8400.71,INR,paid,2026-08-27T12:30:30
txn_00330,ledger_00330,order_00330,16623.94,INR,paid,2026-08-16T22:05:30
txn_00331,ledger_00331,order_00331,7824.77,INR,paid,2026-08-30T20:35:30
txn_00332,ledger_00332,order_00332,17492.15,INR,paid,2026-08-18T20:07:30
txn_00334,ledger_00334,order_00334,7808.59,INR,paid,2026-08-18T03:26:30
txn_00335,ledger_00335,order_00335,16122.98,INR,paid,2026-08-16T06:47:00
txn_00336,ledger_00336,order_00336,20348.3,INR,paid,2026-08-24T22:57:30
txn_00336,ledger_00336_ALT,order_0033X,20348.3,INR,paid,2026-08-24T22:57:30
txn_00337,ledger_00337,order_00337,2426.98,INR,paid,2026-08-20T06:28:30
txn_00338,ledger_00338,order_00338,12761.36,INR,paid,2026-08-01T19:54:30
txn_00339,ledger_00339,order_00339,9128.68,INR,paid,2026-08-09T04:53:30
txn_00340,ledger_00340,order_00340,23784.12,INR,paid,2026-08-16T13:15:30
txn_00341,ledger_00341,order_00341,23696.94,INR,paid,2026-08-23T03:08:30
txn_00342,ledger_00342,order_00342,4880.93,INR,paid,2026-08-07T06:15:30
txn_00343,ledger_00343,order_00343,3958.13,INR,paid,2026-08-14T11:05:30
txn_00344,ledger_00344,order_00344,21126.27,INR,paid,2026-08-05T14:28:30
txn_00345,ledger_00345,order_00345,12741.47,INR,paid,2026-08-25T13:34:30
txn_00346,ledger_00346,order_00346,20894.48,INR,paid,2026-08-24T23:06:30
txn_00347,ledger_00347,order_00347,1039.91,INR,paid,2026-08-16T07:50:30
txn_00348,ledger_00348,order_00348,21922.18,INR,paid,2026-08-29T03:03:30
txn_00349,ledger_00349,order_00349,3482.53,INR,paid,2026-08-18T03:28:30
txn_00350,ledger_00350,order_00350,4603.06,INR,paid,2026-08-29T10:22:30
txn_00351,ledger_00351,order_00351,20245.19,INR,paid,2026-08-08T20:48:00
txn_00352,ledger_00352,order_00352,18292.35,INR,paid,2026-08-02T23:43:30
txn_00353,ledger_00353,order_00353,17427.75,INR,paid,2026-08-11T19:26:30
txn_00354,ledger_00354,order_00354,15303.83,INR,paid,2026-08-21T10:20:30
txn_00355,ledger_00355,order_00355,5926.67,INR,paid,2026-08-11T21:14:30
txn_00356,ledger_00356,order_00356,7805.75,INR,paid,2026-08-22T08:17:30
txn_00357,ledger_00357,order_00357,22608.96,INR,paid,2026-08-09T19:55:30
txn_00358,ledger_00358,order_00358,9259.24,INR,paid,2026-08-26T23:03:30
txn_00359,ledger_00359,order_00359,24612.55,INR,paid,2026-08-22T00:16:30
txn_00360,ledger_00360,order_00360,19535.33,INR,paid,2026-08-18T09:06:30
txn_00361,ledger_00361,order_00361,10524.65,INR,paid,2026-08-08T17:00:00
txn_00362,ledger_00362,order_00362,20440.59,INR,paid,2026-08-28T12:27:30
txn_00363,ledger_00363,order_00363,3546.12,INR,paid,2026-08-12T09:04:30
txn_00364,ledger_00364,order_00364,1399.28,INR,paid,2026-08-22T20:55:30
txn_00365,ledger_00365,order_00365,21865.51,INR,paid,2026-08-26T05:42:30
txn_00367,ledger_00367,order_00367,21294.03,INR,paid,2026-08-13T23:21:30
txn_00367,ledger_00367,order_00367,21294.03,INR,paid,2026-08-13T23:21:30
txn_00368,ledger_00368,order_00368,2188.49,INR,paid,2026-08-08T07:06:30
txn_00369,ledger_00369,order-00369,6892.5,INR,paid,2026-08-24T08:43:30
txn_00370,ledger_00370,order_00370,3860.25,INR,paid,2026-08-20T21:50:30
txn_00371,ledger_00371,order_00371,22771.57,INR,paid,2026-08-21T12:45:30
txn_00372,ledger_00372,order_00372,22127.28,INR,paid,2026-08-02T05:07:30
txn_00372,ledger_00372,order_00372,22127.28,INR,paid,2026-08-02T05:07:30
txn_00373,ledger_00373,order_00373,10430.93,INR,paid,2026-08-19T01:02:30
txn_00374,ledger_00374,order_00374,12599.98,INR,paid,2026-08-12T01:31:00
txn_00375,ledger_00375,order_00375,9715.54,INR,paid,2026-08-04T17:08:30
txn_00376,ledger_00376,order_00376,9435.33,INR,paid,2026-08-02T06:47:30
txn_00377,ledger_00377,order_00377,8035.25,INR,paid,2026-08-05T12:13:30
txn_00377,ledger_00377,order_00377,8035.25,INR,paid,2026-08-05T12:13:30
txn_00378,ledger_00378,order_00378,20995.49,INR,paid,2026-08-30T13:55:30
txn_00379,ledger_00379,order_00379,8448.73,INR,paid,2026-08-07T15:31:30
txn_00380,ledger_00380,order_00380,3526.23,INR,paid,2026-08-14T01:20:30
txn_00381,ledger_00381,order_00381,22943.16,INR,paid,2026-08-22T12:02:30
txn_00382,ledger_00382,order_00382,17432.19,INR,paid,2026-08-07T07:35:30
txn_00383,ledger_00383,order_00383,18995.14,INR,paid,2026-08-22T08:23:30
txn_00384,ledger_00384,order_00384,11270.18,INR,paid,2026-08-01T05:44:30
txn_00385,ledger_00385,order-00385,22655.85,INR,paid,2026-08-01T20:45:30
txn_00386,ledger_00386,order_00386,6472.51,INR,paid,2026-08-07T19:18:30
txn_00387,ledger_00387,order_00387,13765.23,INR,paid,2026-08-28T17:03:30
txn_00388,ledger_00388,order_00388,13241.51,INR,paid,2026-08-06T01:26:30
txn_00389,ledger_00389,order_00389,19426.7,INR,paid,2026-08-11T19:33:30
txn_00390,ledger_00390,order_00390,7598.66,INR,paid,2026-08-03T04:09:30
txn_00391,ledger_00391,order_00391,6037.14,INR,paid,2026-08-30T01:54:30
txn_00392,ledger_00392,order_00392,19868.09,INR,paid,2026-08-21T19:17:30
txn_00392,ledger_00392,order_00392,19868.09,INR,paid,2026-08-21T19:17:30
txn_00393,ledger_00393,order_00393,1663.9,INR,paid,2026-08-23T17:56:30
txn_00394,ledger_00394,order_00394,14958.8,INR,paid,2026-08-01T17:57:30
txn_00395,ledger_00395,order_00395,15835.68,INR,paid,2026-08-27T04:06:30
txn_00396,ledger_00396,order_00396,6124.26,INR,paid,2026-08-07T12:49:30
txn_00397,ledger_00397,order_00397,7352.67,INR,paid,2026-08-01T01:42:30
txn_00398,ledger_00398,order_00398,15408.76,INR,paid,2026-08-11T22:45:30
txn_00399,ledger_00399,order_00399,14309.53,INR,paid,2026-08-09T12:35:30
txn_00400,ledger_00400,order_00400,16642.85,INR,paid,2026-08-04T21:30:30
txn_00401,ledger_00401,order_00401,13134.77,INR,paid,2026-08-17T09:52:30
txn_00402,ledger_00402,order_00402,1785.22,INR,paid,2026-08-24T22:35:30
txn_00403,ledger_00403,order_00403,13647.64,INR,paid,2026-08-24T02:27:30
txn_00404,ledger_00404,order_00404,13898.38,INR,paid,2026-08-18T18:28:30
txn_00405,ledger_00405,order_00405,21845.95,INR,paid,2026-08-02T23:33:30
txn_00406,ledger_00406,order_00406,15928.2,INR,paid,2026-08-17T23:44:30
txn_00407,ledger_00407,order_00407,6415.89,INR,paid,2026-08-01T17:44:30
txn_00408,ledger_00408,order_00408,8991.64,INR,paid,2026-08-04T01:47:30
txn_00409,ledger_00409,order_00409,8685.58,INR,paid,2026-08-31T05:43:00
txn_00410,ledger_00410,order_00410,15743.6,INR,paid,2026-08-27T11:35:30
txn_00411,ledger_00411,order_00411,18406.16,INR,paid,2026-08-16T03:11:30
txn_00412,ledger_00412,order_00412,3421.9,INR,paid,2026-08-17T00:48:30
txn_00413,ledger_00413,order_00413,13695.74,INR,paid,2026-08-30T06:06:30
txn_00414,ledger_00414,order_00414,4459.72,INR,paid,2026-08-22T03:29:30
txn_00415,ledger_00415,order_00415,24522.4,INR,paid,2026-08-22T18:41:30
txn_00416,ledger_00416,order_00416,15830.22,INR,paid,2026-08-07T03:17:30
txn_00417,ledger_00417,order_00417,1671.2,INR,paid,2026-08-21T19:54:30
txn_00418,ledger_00418,order_00418,1020.9,INR,paid,2026-08-10T04:11:30
txn_00419,ledger_00419,order_00419,1190.78,INR,paid,2026-08-10T01:52:30
txn_00421,ledger_00421,order_00421,23340.94,INR,paid,2026-08-24T10:56:30
txn_00422,ledger_00422,order_00422,10015.78,INR,paid,2026-08-25T17:08:30
txn_00424,ledger_00424,order_00424,18856.94,INR,paid,2026-08-09T16:44:30
txn_00426,ledger_00426,order_00426,21658.38,INR,paid,2026-08-16T02:33:30
txn_00427,ledger_00427,order_00427,6903.09,INR,paid,2026-08-17T17:58:30
txn_00428,ledger_00428,order_00428,11364.58,INR,paid,2026-08-19T04:55:30
txn_00429,ledger_00429,order_00429,22376.47,INR,paid,2026-08-18T14:19:30
txn_00430,ledger_00430,order_00430,8542.01,INR,paid,2026-08-09T12:03:30
txn_00431,ledger_00431,order_00431,12455.46,INR,paid,2026-08-23T15:25:30
txn_00432,ledger_00432,order_00432,9246.94,INR,paid,2026-08-24T15:11:30
txn_00433,ledger_00433,order_00433,6741.35,INR,paid,2026-08-04T18:14:30
txn_00433,ledger_00433,order_00433,6741.35,INR,paid,2026-08-04T18:14:30
txn_00434,ledger_00434,order_00434,18204.32,INR,paid,2026-08-04T14:12:30
txn_00435,ledger_00435,order_00435,11117.58,INR,paid,2026-08-09T05:06:30
txn_00436,ledger_00436,order_00436,8098.16,INR,paid,2026-08-04T15:27:30
txn_00437,ledger_00437,order_00437,8265.21,INR,paid,2026-08-14T10:55:30
txn_00438,ledger_00438,order_00438,7731.75,INR,paid,2026-08-28T10:13:30
txn_00439,ledger_00439,order_00439,17969.81,INR,paid,2026-08-08T14:01:30
txn_00440,ledger_00440,order_00440,17275.14,INR,paid,2026-08-16T23:58:30
txn_00441,ledger_00441,order_00441,11233.53,INR,paid,2026-08-17T01:05:30
txn_00442,ledger_00442,order_00442,15409.8,INR,paid,2026-08-20T19:04:30
txn_00443,ledger_00443,order_00443,6936.43,INR,paid,2026-08-03T14:39:30
txn_00444,ledger_00444,order_00444,2201.32,INR,paid,2026-08-30T00:20:30
txn_00445,ledger_00445,order_00445,12875.84,INR,paid,2026-08-08T06:44:30
txn_00446,ledger_00446,order_00446,23824.46,INR,paid,2026-08-07T11:57:30
txn_00447,ledger_00447,order_00447,21231.87,INR,paid,2026-08-20T22:36:30
txn_00447,ledger_00447,order_00447,21231.87,INR,paid,2026-08-20T22:36:30
txn_00448,ledger_00448,order-00448,966.49,INR,paid,2026-08-04T01:26:30
txn_00449,ledger_00449,order_00449,5976.28,INR,paid,2026-08-30T08:41:30
txn_00450,ledger_00450,order_00450,9698.84,INR,paid,2026-08-18T10:10:30
txn_00451,ledger_00451,order_00451,906.39,INR,paid,2026-08-07T23:35:30
txn_00452,ledger_00452,order_00452,17008.65,INR,paid,2026-08-17T21:11:30
txn_00453,ledger_00453,order_00453,9363.13,INR,paid,2026-08-04T11:58:30
txn_00453,ledger_00453,order_00453,9363.13,INR,paid,2026-08-04T11:58:30
txn_00454,ledger_00454,order_00454,14390.65,INR,paid,2026-08-25T02:18:30
txn_00455,ledger_00455,order_00455,9237.05,INR,paid,2026-08-15T07:23:30
txn_00456,ledger_00456,order_00456,16274.06,INR,paid,2026-08-12T08:38:30
txn_00457,ledger_00457,order_00457,24398.0,INR,paid,2026-08-02T04:18:30
txn_00458,ledger_00458,order_00458,12526.19,INR,paid,2026-08-18T14:41:30
txn_00460,ledger_00460,order_00460,6618.24,INR,paid,2026-08-13T04:18:00
txn_00461,ledger_00461,order_00461,17630.54,INR,paid,2026-08-10T18:22:30
txn_00462,ledger_00462,order_00462,24909.49,INR,paid,2026-08-13T23:55:30
txn_00463,ledger_00463,order_00463,17380.12,INR,paid,2026-08-23T08:31:30
txn_00464,ledger_00464,order_00464,5084.44,INR,paid,2026-08-07T04:15:30
txn_00465,ledger_00465,order_00465,21335.37,INR,paid,2026-08-21T13:45:30
txn_00466,ledger_00466,order_00466,4399.14,INR,paid,2026-08-21T06:10:30
txn_00467,ledger_00467,order_00467,24931.83,INR,paid,2026-08-15T13:04:30
txn_00468,ledger_00468,order_00468,17026.71,INR,paid,2026-08-03T22:55:30
txn_00469,ledger_00469,order_00469,7330.02,INR,paid,2026-08-14T15:37:30
txn_00470,ledger_00470,order_00470,21298.92,INR,paid,2026-08-30T00:32:30
txn_00471,ledger_00471,order_00471,4434.87,INR,paid,2026-08-17T10:50:30
txn_00472,ledger_00472,order_00472,12768.02,INR,paid,2026-08-06T12:33:30
txn_00473,ledger_00473,order_00473,24629.8,INR,paid,2026-08-07T07:41:30
txn_00474,ledger_00474,order_00474,5994.73,INR,paid,2026-08-23T11:36:30
txn_00475,ledger_00475,order_00475,754.47,INR,paid,2026-08-26T05:08:30
txn_00476,ledger_00476,order_00476,14761.36,INR,paid,2026-08-22T06:31:30
txn_00481,ledger_00481,order_00481,20601.15,INR,paid,2026-08-04T08:33:30
txn_00482,ledger_00482,order_00482,3220.64,INR,paid,2026-08-15T10:16:30
txn_00483,ledger_00483,order_00483,16094.23,INR,paid,2026-08-21T19:29:00
txn_00484,ledger_00484,order_00484,11699.25,INR,paid,2026-08-24T13:05:30
txn_00485,ledger_00485,order_00485,8678.42,INR,paid,2026-08-26T02:10:30
txn_00486,ledger_00486,order_00486,16030.87,INR,paid,2026-08-09T06:45:30
txn_00487,ledger_00487,order_00487,19217.76,INR,paid,2026-08-06T20:56:30
txn_00488,ledger_00488,unknown_00488,11872.2,INR,paid,2026-08-03T12:31:30
txn_00489,ledger_00489,order_00489,20801.63,INR,paid,2026-08-24T13:54:30
txn_00490,ledger_00490,order_00490,3910.09,INR,paid,2026-08-08T11:50:30
txn_00491,ledger_00491,order_00491,4338.69,INR,paid,2026-08-11T06:16:30
txn_00492,ledger_00492,order_00492,23528.51,INR,paid,2026-08-13T22:15:30
txn_00493,ledger_00493,order_00493,21163.75,INR,paid,2026-08-12T09:43:30
txn_00494,ledger_00494,order_00494,4987.92,INR,paid,2026-08-26T01:39:30
txn_00495,ledger_00495,order_00495,6933.83,INR,paid,2026-08-29T10:41:30
txn_00496,ledger_00496,order_00496,7640.33,INR,paid,2026-08-25T06:42:30
txn_00497,ledger_00497,order_00497,2426.37,INR,paid,2026-08-30T04:07:30
txn_00498,ledger_00498,order_00498,4299.03,INR,paid,2026-08-27T10:13:30
txn_00499,ledger_00499,order_00499,3939.44,INR,paid,2026-08-30T23:30:30
txn_00500,ledger_00500,order_00500,15649.53,INR,paid,2026-08-28T12:58:30
txn_00501,ledger_00501,order_00501,8506.73,INR,paid,2026-08-26T23:37:00
txn_00502,ledger_00502,order_00502,1212.29,INR,paid,2026-08-02T06:59:30
txn_00503,ledger_00503,order_00503,23718.82,INR,paid,2026-08-27T05:59:30
txn_00504,ledger_00504,order_00504,6689.93,INR,paid,2026-08-10T14:15:30
txn_00505,ledger_00505,order_00505,19197.28,INR,paid,2026-08-19T23:01:30
txn_00506,ledger_00506,order_00506,15490.9,INR,paid,2026-08-02T09:04:30
txn_00507,ledger_00507,order_00507,12796.66,INR,paid,2026-08-29T13:01:30
txn_00508,ledger_00508,order_00508,16083.49,INR,paid,2026-08-14T17:58:30
txn_00509,ledger_00509,order_00509,12125.33,INR,paid,2026-08-19T11:33:30
txn_00510,ledger_00510,order_00510,7506.1,INR,paid,2026-08-04T07:42:30
txn_00512,ledger_00512,order_00512,11046.18,INR,paid,2026-08-23T00:55:30
txn_00513,ledger_00513,order_00513,11664.61,INR,paid,2026-08-16T11:34:30
txn_00514,ledger_00514,order_00514,15205.84,INR,paid,2026-08-15T05:25:30
txn_00515,ledger_00515,order_00515,21550.98,INR,paid,2026-08-15T12:46:30
txn_00516,ledger_00516,order_00516,18381.57,INR,paid,2026-08-16T17:14:30
txn_00517,ledger_00517,order_00517,24386.82,INR,paid,2026-08-06T22:49:30
txn_00518,ledger_00518,order_00518,19040.56,INR,paid,2026-08-24T10:29:30
txn_00519,ledger_00519,order_00519,14085.12,INR,paid,2026-08-15T12:33:30
txn_00520,ledger_00520,order_00520,6119.27,INR,paid,2026-08-06T13:49:30
txn_00521,ledger_00521,order_00521,6760.04,INR,paid,2026-08-12T06:47:30
txn_00523,ledger_00523,order-00523,7326.28,INR,paid,2026-08-18T11:35:30
txn_00524,ledger_00524,order_00524,21617.68,INR,paid,2026-08-20T00:42:30
txn_00525,ledger_00525,order_00525,6281.93,INR,paid,2026-08-08T06:26:30
txn_00526,ledger_00526,order_00526,20355.6,INR,paid,2026-08-27T06:59:30
txn_00527,ledger_00527,unknown_00527,19056.1,INR,paid,2026-08-09T15:20:30
txn_00528,ledger_00528,order_00528,19101.72,INR,paid,2026-08-23T16:14:30
txn_00529,ledger_00529,order_00529,24899.64,INR,paid,2026-08-22T05:53:30
txn_00530,ledger_00530,order_00530,12519.12,INR,paid,2026-08-15T01:00:30
txn_00530,ledger_00530,order_00530,12519.12,INR,paid,2026-08-15T01:00:30
txn_00531,ledger_00531,order_00531,12484.52,INR,paid,2026-08-05T02:21:30
txn_00532,ledger_00532,order_00532,23636.3,INR,paid,2026-08-24T00:04:30
txn_00533,ledger_00533,order_00533,11631.85,INR,paid,2026-08-11T22:56:30
txn_00534,ledger_00534,order_00534,9063.7,INR,paid,2026-08-03T07:12:30
txn_00535,ledger_00535,order_00535,14978.22,INR,paid,2026-08-30T18:37:30
txn_00536,ledger_00536,order_00536,16845.76,INR,paid,2026-08-14T08:06:00
txn_00537,ledger_00537,order_00537,13707.52,INR,paid,2026-08-05T21:24:30
txn_00538,ledger_00538,order_00538,22073.15,INR,paid,2026-08-17T15:31:30
txn_00539,ledger_00539,order_00539,19120.03,INR,paid,2026-08-17T15:42:30
txn_00540,ledger_00540,order_00540,1226.54,INR,paid,2026-08-03T07:52:30
txn_00540,ledger_00540,order_00540,1226.54,INR,paid,2026-08-03T07:52:30
txn_00541,ledger_00541,order_00541,14300.01,INR,paid,2026-08-09T20:36:30
txn_00542,ledger_00542,order_00542,9126.84,INR,paid,2026-08-14T03:13:30
txn_00543,ledger_00543,order_00543,1930.94,INR,paid,2026-08-23T22:46:30
txn_00544,ledger_00544,order_00544,11313.82,INR,paid,2026-08-26T00:35:30
txn_00545,ledger_00545,order_00545,7065.04,INR,paid,2026-08-29T08:44:30
txn_00546,ledger_00546,order_00546,17041.93,INR,paid,2026-08-06T09:46:30
txn_00547,ledger_00547,order_00547,3303.72,INR,paid,2026-08-05T09:36:30
txn_00548,ledger_00548,order_00548,9908.2,INR,paid,2026-08-16T10:22:30
txn_00549,ledger_00549,order_00549,14379.74,INR,paid,2026-08-17T15:20:30
txn_00550,ledger_00550,order-00550,5056.54,INR,paid,2026-08-24T04:05:30
txn_00551,ledger_00551,order_00551,10094.54,INR,paid,2026-08-02T19:58:30
txn_00552,ledger_00552,order_00552,1228.05,INR,paid,2026-08-07T05:40:30
txn_00553,ledger_00553,order_00553,17868.44,INR,paid,2026-08-22T13:27:30
txn_00555,ledger_00555,order_00555,15195.89,INR,paid,2026-08-24T11:04:30
txn_00556,ledger_00556,order_00556,3580.55,INR,paid,2026-08-28T21:38:30
txn_00557,ledger_00557,order_00557,8031.4,INR,paid,2026-08-18T21:12:30
txn_00559,ledger_00559,order_00559,14883.74,INR,paid,2026-08-24T02:07:30
txn_00560,ledger_00560,order_00560,20724.41,INR,paid,2026-08-25T05:27:30
txn_00561,ledger_00561,order_00561,12482.09,INR,paid,2026-08-26T14:51:30
txn_00562,ledger_00562,order-00562,20412.15,INR,paid,2026-08-17T18:20:30
txn_00563,ledger_00563,order_00563,8347.87,INR,paid,2026-08-05T23:43:30
txn_00566,ledger_00566,order_00566,763.51,INR,paid,2026-08-22T14:22:30
txn_00567,ledger_00567,order_00567,6711.71,INR,paid,2026-08-30T20:04:30
txn_00568,ledger_00568,order_00568,19594.31,INR,paid,2026-08-27T07:50:30
txn_00569,ledger_00569,order_00569,14483.1,INR,paid,2026-08-03T08:05:30
txn_00570,ledger_00570,order_00570,14629.73,INR,paid,2026-08-08T18:14:30
txn_00571,ledger_00571,order_00571,13153.39,INR,paid,2026-08-29T04:55:30
txn_00572,ledger_00572,order_00572,19387.69,INR,paid,2026-08-18T07:16:30
txn_00573,ledger_00573,order-00573,3779.62,INR,paid,2026-08-12T00:32:30
txn_00575,ledger_00575,order_00575,4850.53,INR,paid,2026-08-21T01:43:30
txn_00576,ledger_00576,order_00576,7910.94,INR,paid,2026-08-07T21:24:30
txn_00577,ledger_00577,order_00577,10382.71,INR,paid,2026-08-10T14:42:00
txn_00578,ledger_00578,order_00578,10318.4,INR,paid,2026-08-28T19:53:30
txn_00579,ledger_00579,order_00579,23020.97,INR,paid,2026-08-03T20:01:30
txn_00580,ledger_00580,order_00580,17673.8,INR,paid,2026-08-24T14:32:30
txn_00581,ledger_00581,order_00581,5262.81,INR,paid,2026-08-15T19:02:30
txn_00582,ledger_00582,order_00582,24953.26,INR,paid,2026-08-22T18:30:30
txn_00584,ledger_00584,order_00584,23921.47,INR,paid,2026-08-21T22:04:30
txn_00585,ledger_00585,order_00585,22811.89,INR,paid,2026-08-16T13:54:30
txn_00586,ledger_00586,order_00586,14113.84,INR,paid,2026-08-30T06:39:30
txn_00587,ledger_00587,order_00587,6682.62,INR,paid,2026-08-23T00:51:30
txn_00588,ledger_00588,order_00588,4887.38,INR,paid,2026-08-12T05:15:30
txn_00589,ledger_00589,order_00589,7047.26,INR,paid,2026-08-14T14:02:30
txn_00590,ledger_00590,order_00590,5699.19,INR,paid,2026-08-14T13:04:30
txn_00590,ledger_00590,order_00590,5699.19,INR,paid,2026-08-14T13:04:30
txn_00591,ledger_00591,order_00591,19302.24,INR,paid,2026-08-10T10:24:30
txn_00592,ledger_00592,order_00592,17286.97,INR,paid,2026-08-23T06:07:30
txn_00593,ledger_00593,order_00593,8296.53,INR,paid,2026-08-16T20:59:30
txn_00594,ledger_00594,order_00594,23368.69,INR,paid,2026-08-13T10:41:30
txn_00595,ledger_00595,order_00595,7265.96,INR,paid,2026-08-27T02:23:30
txn_00596,ledger_00596,order_00596,17400.98,INR,paid,2026-08-18T06:43:30
txn_00597,ledger_00597,order_00597,9923.86,INR,paid,2026-08-16T16:58:30
txn_00598,ledger_00598,order_00598,23869.76,INR,paid,2026-08-07T15:59:30
txn_00599,ledger_00599,order_00599,7332.27,INR,paid,2026-08-14T02:10:30
txn_00600,ledger_00600,order_00600,23887.31,INR,paid,2026-08-04T14:19:30
txn_00601,ledger_00601,order_00601,8724.45,INR,paid,2026-08-21T03:11:30
txn_00602,ledger_00602,order_00602,16433.7,INR,paid,2026-08-22T19:16:30
txn_00603,ledger_00603,order_00603,5428.27,INR,paid,2026-08-25T12:16:30
txn_00604,ledger_00604,order-00604,6851.2,INR,paid,2026-08-26T13:52:30
txn_00605,ledger_00605,order_00605,17434.67,INR,paid,2026-08-07T05:56:30
txn_00606,ledger_00606,order_00606,2819.74,INR,paid,2026-08-27T16:58:30
txn_00607,ledger_00607,order_00607,6058.12,INR,paid,2026-08-03T07:26:30
txn_00608,ledger_00608,order_00608,16778.87,INR,paid,2026-08-25T04:02:30
txn_00609,ledger_00609,order_00609,5719.22,INR,paid,2026-08-11T14:19:30
txn_00609,ledger_00609,order_00609,5719.22,INR,paid,2026-08-11T14:19:30
txn_00610,ledger_00610,order_00610,1407.03,INR,paid,2026-08-19T19:26:30
txn_00611,ledger_00611,order_00611,8324.31,INR,paid,2026-08-22T11:59:30
txn_00612,ledger_00612,order_00612,2603.57,INR,paid,2026-08-07T06:09:30
txn_00613,ledger_00613,order_00613,229.02,INR,paid,2026-08-26T01:07:30
txn_00614,ledger_00614,order_00614,24449.98,INR,paid,2026-08-08T04:30:30
txn_00615,ledger_00615,order_00615,10232.0,INR,paid,2026-08-22T15:35:30
txn_00616,ledger_00616,order_00616,11988.47,INR,paid,2026-08-10T01:51:30
txn_00617,ledger_00617,order_00617,18922.19,INR,paid,2026-08-14T01:44:30
txn_00618,ledger_00618,order-00618,8097.08,INR,paid,2026-08-30T09:29:30
txn_00619,ledger_00619,order_00619,1573.15,INR,paid,2026-08-05T01:42:30
txn_00620,ledger_00620,order_00620,16342.24,INR,paid,2026-08-11T13:38:30
txn_00621,ledger_00621,order_00621,13425.29,INR,paid,2026-08-02T16:44:30
txn_00622,ledger_00622,order_00622,22839.42,INR,paid,2026-08-08T23:13:30
txn_00623,ledger_00623,order_00623,10505.34,INR,paid,2026-08-09T00:00:30
txn_00624,ledger_00624,order_00624,23354.67,INR,paid,2026-08-02T15:41:30
txn_00625,ledger_00625,order_00625,24929.58,INR,paid,2026-08-19T01:37:30
txn_00626,ledger_00626,order_00626,19720.22,INR,paid,2026-08-09T11:30:30
txn_00627,ledger_00627,order_00627,23421.56,INR,paid,2026-08-14T04:10:30
txn_00628,ledger_00628,order_00628,22115.18,INR,paid,2026-08-01T10:07:30
txn_00629,ledger_00629,order_00629,15109.3,INR,paid,2026-08-16T05:57:30
txn_00631,ledger_00631,order_00631,13628.18,INR,paid,2026-08-23T11:29:30
txn_00632,ledger_00632,order_00632,22242.57,INR,paid,2026-08-07T02:34:30
txn_00633,ledger_00633,order_00633,21291.39,INR,paid,2026-08-22T07:12:30
txn_00634,ledger_00634,order_00634,6893.64,INR,paid,2026-08-06T03:02:30
txn_00634,ledger_00634,order_00634,6893.64,INR,paid,2026-08-06T03:02:30
txn_00637,ledger_00637,order_00637,450.7,INR,paid,2026-08-16T08:12:30
txn_00638,ledger_00638,order_00638,19790.11,INR,paid,2026-08-26T20:10:30
txn_00639,ledger_00639,order_00639,16892.59,INR,paid,2026-08-09T18:59:30
txn_00640,ledger_00640,order_00640,4923.49,INR,paid,2026-08-30T01:39:30
txn_00641,ledger_00641,order_00641,20692.05,INR,paid,2026-08-24T10:49:30
txn_00642,ledger_00642,order_00642,8265.37,INR,paid,2026-08-19T05:49:30
txn_00643,ledger_00643,order_00643,17256.23,INR,paid,2026-08-09T09:49:30
txn_00644,ledger_00644,order_00644,11988.61,INR,paid,2026-08-12T06:56:30
txn_00645,ledger_00645,order_00645,270.07,INR,paid,2026-08-18T10:57:30
txn_00646,ledger_00646,order_00646,5964.48,INR,paid,2026-08-13T03:37:30
txn_00647,ledger_00647,order_00647,23855.47,INR,paid,2026-08-14T17:48:30
txn_00648,ledger_00648,order_00648,14603.27,INR,paid,2026-08-27T01:44:30
txn_00649,ledger_00649,order_00649,596.55,INR,paid,2026-08-30T17:59:30
txn_00650,ledger_00650,order_00650,5983.93,INR,paid,2026-08-06T09:07:30
txn_00651,ledger_00651,order_00651,11688.34,INR,paid,2026-08-08T06:27:30
txn_00652,ledger_00652,order_00652,10194.87,INR,paid,2026-08-23T20:53:30
txn_00653,ledger_00653,order_00653,23085.34,INR,paid,2026-08-15T03:40:30
txn_00653,ledger_00653,order_00653,23085.34,INR,paid,2026-08-15T03:40:30
txn_00654,ledger_00654,order_00654,17288.23,INR,paid,2026-08-30T01:38:30
txn_00655,ledger_00655,order_00655,22911.65,INR,paid,2026-08-14T10:15:30
txn_00656,ledger_00656,order_00656,9251.84,INR,paid,2026-08-11T01:13:30
txn_00657,ledger_00657,order_00657,5556.3,INR,paid,2026-08-07T01:53:30
txn_00658,ledger_00658,order_00658,12006.73,INR,paid,2026-08-21T16:57:30
txn_00659,ledger_00659,order_00659,18718.6,INR,paid,2026-08-28T13:37:30
txn_00659,ledger_00659,order_00659,18718.6,INR,paid,2026-08-28T13:37:30
txn_00660,ledger_00660,order_00660,9403.26,INR,paid,2026-08-25T23:54:30
txn_00661,ledger_00661,order_00661,23239.54,INR,paid,2026-08-25T11:06:30
txn_00662,ledger_00662,order_00662,20657.53,INR,paid,2026-08-12T06:17:30
txn_00663,ledger_00663,order_00663,17040.51,INR,paid,2026-08-28T02:47:30
txn_00664,ledger_00664,order_00664,21841.06,INR,paid,2026-08-04T17:25:30
txn_00665,ledger_00665,order_00665,13551.81,INR,paid,2026-08-25T00:54:30
txn_00667,ledger_00667,order_00667,2894.0,INR,paid,2026-08-25T22:10:30
txn_00668,ledger_00668,order_00668,22581.92,INR,paid,2026-08-10T04:48:30
txn_00669,ledger_00669,order_00669,14360.27,INR,paid,2026-08-07T19:40:30
txn_00670,ledger_00670,order_00670,4196.98,INR,paid,2026-08-24T16:21:30
txn_00671,ledger_00671,order_00671,11101.83,INR,paid,2026-08-10T08:21:30
txn_00672,ledger_00672,order_00672,18042.18,INR,paid,2026-08-23T05:55:30
txn_00673,ledger_00673,order_00673,12808.35,INR,paid,2026-08-03T12:46:30
txn_00674,ledger_00674,order_00674,11390.46,INR,paid,2026-08-24T08:36:30
txn_00675,ledger_00675,order_00675,10444.07,INR,paid,2026-08-26T15:56:30
txn_00676,ledger_00676,order_00676,1537.65,INR,paid,2026-08-22T01:02:30
txn_00677,ledger_00677,order_00677,16851.92,INR,paid,2026-08-15T00:36:30
txn_00678,ledger_00678,order_00678,18109.67,INR,paid,2026-08-19T00:28:30
txn_00679,ledger_00679,order_00679,6435.98,INR,paid,2026-08-01T03:17:30
txn_00679,ledger_00679,order_00679,6435.98,INR,paid,2026-08-01T03:17:30
txn_00680,ledger_00680,order_00680,18753.39,INR,paid,2026-08-27T07:40:30
txn_00681,ledger_00681,order_00681,10650.06,INR,paid,2026-08-03T21:38:30
txn_00682,ledger_00682,order_00682,13574.97,INR,paid,2026-08-03T17:48:30
txn_00683,ledger_00683,order_00683,23371.11,INR,paid,2026-08-04T03:23:30
txn_00684,ledger_00684,order-00684,24654.82,INR,paid,2026-08-22T11:37:30
txn_00686,ledger_00686,order_00686,4976.16,INR,paid,2026-08-07T03:55:30
txn_00687,ledger_00687,order_00687,24460.5,INR,paid,2026-08-30T17:28:00
txn_00688,ledger_00688,order_00688,24098.19,INR,paid,2026-08-18T01:00:30
txn_00689,ledger_00689,order_00689,24822.13,INR,paid,2026-08-18T09:46:30
txn_00690,ledger_00690,order_00690,11268.57,INR,paid,2026-08-18T04:19:30
txn_00691,ledger_00691,order_00691,9453.57,INR,paid,2026-08-25T13:03:30
txn_00692,ledger_00692,order_00692,3411.45,INR,paid,2026-08-16T19:51:30
txn_00693,ledger_00693,order_00693,3053.97,INR,paid,2026-08-25T10:49:30
txn_00694,ledger_00694,order_00694,10264.7,INR,paid,2026-08-06T19:05:30
txn_00695,ledger_00695,order_00695,6035.27,INR,paid,2026-08-01T03:47:30
txn_00696,ledger_00696,order_00696,24817.49,INR,paid,2026-08-22T01:43:30
txn_00697,ledger_00697,order_00697,13656.69,INR,paid,2026-08-25T05:00:30
txn_00698,ledger_00698,order_00698,9543.98,INR,paid,2026-08-11T10:51:30
txn_00699,ledger_00699,order_00699,6263.05,INR,paid,2026-08-16T18:05:30
txn_00701,ledger_00701,order_00701,23441.52,INR,paid,2026-08-06T03:15:30
txn_00702,ledger_00702,order_00702,902.21,INR,paid,2026-08-20T01:55:30
txn_00703,ledger_00703,order_00703,15569.89,INR,paid,2026-08-01T17:05:30
txn_00704,ledger_00704,order-00704,1775.54,INR,paid,2026-08-28T00:44:30
txn_00705,ledger_00705,order_00705,936.05,INR,paid,2026-08-28T04:56:30
txn_00706,ledger_00706,order_00706,16833.39,INR,paid,2026-08-03T05:10:30
txn_00707,ledger_00707,order_00707,6193.88,INR,paid,2026-08-03T00:19:30
txn_00708,ledger_00708,order_00708,10409.3,INR,paid,2026-08-11T15:57:30
txn_00709,ledger_00709,order_00709,18884.2,INR,paid,2026-08-03T13:39:30
txn_00710,ledger_00710,order_00710,3589.38,INR,paid,2026-08-14T03:57:30
txn_00711,ledger_00711,order_00711,5930.62,INR,paid,2026-08-27T05:15:30
txn_00712,ledger_00712,order_00712,8040.7,INR,paid,2026-08-28T05:05:30
txn_00713,ledger_00713,order_00713,19336.2,INR,paid,2026-08-15T14:15:30
txn_00715,ledger_00715,order_00715,24643.82,INR,paid,2026-08-24T17:20:30
txn_00717,ledger_00717,order_00717,7428.16,INR,paid,2026-08-26T08:05:30
txn_00718,ledger_00718,order_00718,22004.88,INR,paid,2026-08-08T23:17:30
txn_00719,ledger_00719,order_00719,15687.23,INR,paid,2026-08-20T10:37:30
txn_00720,ledger_00720,order_00720,13940.68,INR,paid,2026-08-03T03:12:30
txn_00721,ledger_00721,order_00721,24662.13,INR,paid,2026-08-30T06:40:30
txn_00722,ledger_00722,order_00722,19666.53,INR,paid,2026-08-15T12:08:30
txn_00723,ledger_00723,order_00723,17438.08,INR,paid,2026-08-19T13:55:30
txn_00724,ledger_00724,order_00724,3815.52,INR,paid,2026-08-18T03:11:30
txn_00725,ledger_00725,order_00725,4678.59,INR,paid,2026-08-25T11:33:30
txn_00726,ledger_00726,order_00726,11890.62,INR,paid,2026-08-11T06:08:30
txn_00727,ledger_00727,order_00727,7588.34,INR,paid,2026-08-07T13:40:30
txn_00728,ledger_00728,order_00728,20466.9,INR,paid,2026-08-03T14:56:30
txn_00729,ledger_00729,order_00729,24197.88,INR,paid,2026-08-26T08:42:30
txn_00730,ledger_00730,order_00730,13296.8,INR,paid,2026-08-18T16:15:30
txn_00731,ledger_00731,order-00731,6147.18,INR,paid,2026-08-10T06:05:30
txn_00732,ledger_00732,order_00732,8788.55,INR,paid,2026-08-04T14:21:30
txn_00733,ledger_00733,order_00733,21193.62,INR,paid,2026-08-05T04:59:30
txn_00734,ledger_00734,order_00734,13437.32,INR,paid,2026-08-09T16:03:30
txn_00735,ledger_00735,order_00735,1383.26,INR,paid,2026-08-18T03:58:30
txn_00736,ledger_00736,order_00736,16874.43,INR,paid,2026-08-28T10:33:30
txn_00737,ledger_00737,order_00737,1084.73,INR,paid,2026-08-04T07:29:30
txn_00738,ledger_00738,order_00738,4785.27,INR,paid,2026-08-27T17:47:30
txn_00739,ledger_00739,order_00739,18135.2,INR,paid,2026-08-26T10:24:30
txn_00740,ledger_00740,order_00740,5503.71,INR,paid,2026-08-10T12:09:30
txn_00741,ledger_00741,order_00741,21749.9,INR,paid,2026-08-16T03:41:30
txn_00742,ledger_00742,order_00742,7649.38,INR,paid,2026-08-01T16:44:30
txn_00743,ledger_00743,order_00743,5374.01,INR,paid,2026-08-09T15:33:30
txn_00744,ledger_00744,order_00744,24055.73,INR,paid,2026-08-06T08:08:30
txn_00745,ledger_00745,order_00745,18697.29,INR,paid,2026-08-22T19:06:30
txn_00746,ledger_00746,order_00746,22869.59,INR,paid,2026-08-28T12:10:30
txn_00747,ledger_00747,order_00747,18085.65,INR,paid,2026-08-19T01:13:30
txn_00748,ledger_00748,order_00748,13846.77,INR,paid,2026-08-13T21:10:30
txn_00749,ledger_00749,order_00749,9578.48,INR,paid,2026-08-25T06:53:30
txn_00750,ledger_00750,order_00750,16420.86,INR,paid,2026-08-15T00:52:30
txn_00751,ledger_00751,order_00751,12869.13,INR,paid,2026-08-23T15:09:30
txn_00752,ledger_00752,order_00752,12096.23,INR,paid,2026-08-22T08:48:30
txn_00753,ledger_00753,order_00753,8073.81,INR,paid,2026-08-10T13:52:00
txn_00755,ledger_00755,order_00755,1238.31,INR,paid,2026-08-11T01:41:30
txn_00756,ledger_00756,order_00756,18557.18,INR,paid,2026-08-01T17:42:30
txn_00757,ledger_00757,order_00757,6593.28,INR,paid,2026-08-27T13:55:30
txn_00758,ledger_00758,order_00758,14520.66,INR,paid,2026-08-20T00:06:30
txn_00759,ledger_00759,order_00759,7450.29,INR,paid,2026-08-09T22:17:30
txn_00760,ledger_00760,order_00760,8313.65,INR,paid,2026-08-18T06:53:30
txn_00761,ledger_00761,order_00761,14287.76,INR,paid,2026-08-12T04:24:30
txn_00762,ledger_00762,order_00762,12532.61,INR,paid,2026-08-30T19:00:30
txn_00763,ledger_00763,order_00763,23758.07,INR,paid,2026-08-16T08:42:30
txn_00764,ledger_00764,order_00764,20557.64,INR,paid,2026-08-30T04:54:30
txn_00765,ledger_00765,order_00765,18515.89,INR,paid,2026-08-21T23:20:30
txn_00766,ledger_00766,order_00766,4289.02,INR,paid,2026-08-17T00:40:30
txn_00767,ledger_00767,order_00767,4314.72,INR,paid,2026-08-25T20:58:30
txn_00768,ledger_00768,order_00768,12259.08,INR,paid,2026-08-25T16:09:30
txn_00769,ledger_00769,order_00769,25044.83,INR,paid,2026-08-03T16:09:30
txn_00770,ledger_00770,order_00770,20992.81,INR,paid,2026-08-04T09:11:30
txn_00771,ledger_00771,order_00771,23635.18,INR,paid,2026-08-03T12:59:00
txn_00772,ledger_00772,order_00772,19132.04,INR,paid,2026-08-19T18:26:30
txn_00773,ledger_00773,order_00773,3523.54,INR,paid,2026-08-29T16:53:30
txn_00774,ledger_00774,order_00774,5862.69,INR,paid,2026-08-07T20:57:30
txn_00775,ledger_00775,order_00775,327.62,INR,paid,2026-08-24T00:23:30
txn_00776,ledger_00776,order_00776,11454.64,INR,paid,2026-08-03T18:01:30
txn_00777,ledger_00777,order_00777,15484.1,INR,paid,2026-08-29T01:24:30
txn_00779,ledger_00779,order_00779,491.72,INR,paid,2026-08-25T05:19:30
txn_00780,ledger_00780,order_00780,13835.92,INR,paid,2026-08-01T12:56:30
txn_00781,ledger_00781,order_00781,516.48,INR,paid,2026-08-13T12:05:30
txn_00782,ledger_00782,order_00782,13439.88,INR,paid,2026-08-14T01:08:30
txn_00783,ledger_00783,order_00783,526.85,INR,paid,2026-08-20T14:18:30
txn_00784,ledger_00784,order_00784,20173.58,INR,paid,2026-08-09T03:48:30
txn_00785,ledger_00785,order_00785,2764.71,INR,paid,2026-08-05T09:12:30
txn_00786,ledger_00786,order_00786,13157.2,INR,paid,2026-08-11T23:12:30
txn_00788,ledger_00788,order_00788,6385.21,INR,paid,2026-08-17T03:08:30
txn_00789,ledger_00789,order_00789,6756.39,INR,paid,2026-08-19T01:31:30
txn_00790,ledger_00790,order_00790,2067.58,INR,paid,2026-08-19T11:29:30
txn_00791,ledger_00791,order_00791,11529.04,INR,paid,2026-08-12T01:38:30
txn_00791,ledger_00791,order_00791,11529.04,INR,paid,2026-08-12T01:38:30
txn_00793,ledger_00793,unknown_00793,8569.37,INR,paid,2026-08-04T16:03:30
txn_00794,ledger_00794,order_00794,16378.02,INR,paid,2026-08-30T13:51:30
txn_00795,ledger_00795,order_00795,19013.69,INR,paid,2026-08-05T06:07:30
txn_00796,ledger_00796,order_00796,10191.43,INR,paid,2026-08-18T03:58:30
txn_00797,ledger_00797,order_00797,13862.27,INR,paid,2026-08-03T13:17:30
txn_00798,ledger_00798,order_00798,15955.03,INR,paid,2026-08-08T19:11:30
txn_00800,ledger_00800,order_00800,16158.19,INR,paid,2026-08-16T01:50:30
txn_00801,ledger_00801,order_00801,14189.83,INR,paid,2026-08-05T16:09:00
txn_00802,ledger_00802,order_00802,22533.69,INR,paid,2026-08-02T22:28:30
txn_00803,ledger_00803,order_00803,22805.68,INR,paid,2026-08-26T19:04:30
txn_00804,ledger_00804,order_00804,1259.39,INR,paid,2026-08-04T09:12:30
txn_00805,ledger_00805,order_00805,17142.28,INR,paid,2026-08-13T18:14:30
txn_00805,ledger_00805,order_00805,17142.28,INR,paid,2026-08-13T18:14:30
txn_00806,ledger_00806,order_00806,22492.86,INR,paid,2026-08-26T15:30:30
txn_00807,ledger_00807,order_00807,16486.92,INR,paid,2026-08-09T03:54:30
txn_00808,ledger_00808,order_00808,23226.28,INR,paid,2026-08-15T15:30:00
txn_00809,ledger_00809,unknown_00809,1489.89,INR,paid,2026-08-10T10:16:30
txn_00810,ledger_00810,order-00810,14717.2,INR,paid,2026-08-19T03:02:30
txn_00811,ledger_00811,order_00811,23352.09,INR,paid,2026-08-14T14:53:30
txn_00813,ledger_00813,order_00813,16958.17,INR,paid,2026-08-25T14:26:30
txn_00813,ledger_00813,order_00813,16958.17,INR,paid,2026-08-25T14:26:30
txn_00815,ledger_00815,order_00815,19783.4,INR,paid,2026-08-04T21:39:00
txn_00816,ledger_00816,order_00816,12643.9,INR,paid,2026-08-16T17:46:30
txn_00817,ledger_00817,order_00817,10983.5,INR,paid,2026-08-04T11:01:30
txn_00818,ledger_00818,order_00818,9060.45,INR,paid,2026-08-28T22:30:30
txn_00819,ledger_00819,order_00819,9977.91,INR,paid,2026-08-15T20:29:30
txn_00820,ledger_00820,order_00820,837.68,INR,paid,2026-08-13T10:32:30
txn_00821,ledger_00821,order_00821,19610.35,INR,paid,2026-08-21T12:07:30
txn_00822,ledger_00822,order_00822,12316.03,INR,paid,2026-08-17T04:38:30
txn_00823,ledger_00823,order_00823,13870.64,INR,paid,2026-08-18T02:03:30
txn_00824,ledger_00824,order_00824,10853.01,INR,paid,2026-08-27T15:55:30
txn_00825,ledger_00825,order-00825,16550.73,INR,paid,2026-08-04T21:36:30
txn_00826,ledger_00826,order_00826,19326.97,INR,paid,2026-08-14T10:37:30
txn_00827,ledger_00827,order_00827,19971.57,INR,paid,2026-08-04T08:17:30
txn_00828,ledger_00828,order_00828,2142.75,INR,paid,2026-08-08T00:27:30
txn_00829,ledger_00829,order_00829,9562.0,INR,paid,2026-08-29T20:23:30
txn_00830,ledger_00830,order-00830,3941.49,INR,paid,2026-08-18T17:34:30
txn_00831,ledger_00831,order_00831,8076.47,INR,paid,2026-08-05T20:22:30
txn_00833,ledger_00833,order-00833,9061.95,INR,paid,2026-08-13T06:39:30
txn_00834,ledger_00834,order_00834,2645.56,INR,paid,2026-08-04T23:21:30
txn_00835,ledger_00835,order_00835,4766.06,INR,paid,2026-08-21T10:15:30
txn_00836,ledger_00836,order_00836,13968.93,INR,paid,2026-08-24T07:43:30
txn_00837,ledger_00837,order_00837,10260.3,INR,paid,2026-08-02T04:41:30
txn_00839,ledger_00839,order_00839,2417.3,INR,paid,2026-08-28T05:13:30
txn_00840,ledger_00840,order_00840,19632.52,INR,paid,2026-08-18T12:46:30
txn_00841,ledger_00841,order_00841,407.28,INR,paid,2026-08-19T19:59:30
txn_00842,ledger_00842,order_00842,9756.21,INR,paid,2026-08-04T20:30:30
txn_00843,ledger_00843,order_00843,18148.61,INR,paid,2026-08-26T11:09:30
txn_00843,ledger_00843,order_00843,18148.61,INR,paid,2026-08-26T11:09:30
txn_00844,ledger_00844,order_00844,22639.67,INR,paid,2026-08-12T09:08:00
txn_00845,ledger_00845,order_00845,14341.81,INR,paid,2026-08-08T17:13:30
txn_00846,ledger_00846,order_00846,17164.37,INR,paid,2026-08-08T17:08:30
txn_00847,ledger_00847,order_00847,3557.12,INR,paid,2026-08-14T16:54:30
txn_00848,ledger_00848,order_00848,6783.33,INR,paid,2026-08-07T15:23:30
txn_00850,ledger_00850,order_00850,6971.45,INR,paid,2026-08-14T15:24:30
txn_00851,ledger_00851,order_00851,12157.36,INR,paid,2026-08-04T12:01:30
txn_00852,ledger_00852,order_00852,9092.01,INR,paid,2026-08-12T05:20:30
txn_00854,ledger_00854,order_00854,14885.78,INR,paid,2026-08-09T21:35:30
txn_00855,ledger_00855,order_00855,11500.75,INR,paid,2026-08-07T03:59:30
txn_00855,ledger_00855_ALT,order_0085X,11500.75,INR,paid,2026-08-07T03:59:30
txn_00856,ledger_00856,order_00856,7685.98,INR,paid,2026-08-19T00:12:30
txn_00857,ledger_00857,order_00857,8372.21,INR,paid,2026-08-29T05:24:30
txn_00858,ledger_00858,order_00858,9559.26,INR,paid,2026-08-15T23:56:30
txn_00859,ledger_00859,order_00859,11478.51,INR,paid,2026-08-20T14:20:30
txn_00860,ledger_00860,order_00860,21501.76,INR,paid,2026-08-28T01:14:30
txn_00861,ledger_00861,order_00861,3489.5,INR,paid,2026-08-15T14:15:30
txn_00862,ledger_00862,order_00862,15385.51,INR,paid,2026-08-10T03:23:30
txn_00863,ledger_00863,order_00863,4523.17,INR,paid,2026-08-19T02:59:30
txn_00864,ledger_00864,order_00864,24221.26,INR,paid,2026-08-14T06:20:30
txn_00865,ledger_00865,order_00865,18669.32,INR,paid,2026-08-29T19:17:30
txn_00866,ledger_00866,order_00866,14439.39,INR,paid,2026-08-12T00:47:30
txn_00867,ledger_00867,order_00867,8214.57,INR,paid,2026-08-13T18:09:30
txn_00868,ledger_00868,order_00868,20430.71,INR,paid,2026-08-18T21:11:30
txn_00869,ledger_00869,order_00869,9188.89,INR,paid,2026-08-26T15:52:30
txn_00870,ledger_00870,order_00870,5075.02,INR,paid,2026-08-25T19:58:30
txn_00871,ledger_00871,order_00871,4580.19,INR,paid,2026-08-26T00:51:30
txn_00873,ledger_00873,order_00873,23580.08,INR,paid,2026-08-10T12:59:30
txn_00874,ledger_00874,order_00874,11017.53,INR,paid,2026-08-14T06:12:30
txn_00875,ledger_00875,order_00875,20798.92,INR,paid,2026-08-04T03:32:30
txn_00876,ledger_00876,order_00876,20492.24,INR,paid,2026-08-19T14:53:30
txn_00879,ledger_00879,order_00879,6391.77,INR,paid,2026-08-08T00:21:30
txn_00880,ledger_00880,order_00880,17909.39,INR,paid,2026-08-18T03:46:30
txn_00881,ledger_00881,order_00881,2207.39,INR,paid,2026-08-28T05:06:30
txn_00882,ledger_00882,order_00882,10080.05,INR,paid,2026-08-24T01:21:30
txn_00883,ledger_00883,order_00883,23095.04,INR,paid,2026-08-20T00:53:30
txn_00884,ledger_00884,order_00884,14002.51,INR,paid,2026-08-17T08:42:30
txn_00885,ledger_00885,order_00885,20663.37,INR,paid,2026-08-28T00:36:30
txn_00886,ledger_00886,order_00886,2216.05,INR,paid,2026-08-12T07:08:30
txn_00887,ledger_00887,order_00887,16474.28,INR,paid,2026-08-17T03:45:30
txn_00888,ledger_00888,order_00888,4241.83,INR,paid,2026-08-28T21:12:30
txn_00889,ledger_00889,order_00889,1202.99,INR,paid,2026-08-30T08:32:30
txn_00890,ledger_00890,order_00890,16969.05,INR,paid,2026-08-19T04:29:30
txn_00890,ledger_00890_ALT,order_0089X,16969.05,INR,paid,2026-08-19T04:29:30
txn_00891,ledger_00891,order_00891,24658.17,INR,paid,2026-08-16T02:11:30
txn_00892,ledger_00892,order_00892,10818.34,INR,paid,2026-08-01T11:31:30
txn_00893,ledger_00893,order_00893,2555.3,INR,paid,2026-08-11T02:29:30
txn_00894,ledger_00894,order_00894,12815.84,INR,paid,2026-08-24T14:39:30
txn_00894,ledger_00894,order_00894,12815.84,INR,paid,2026-08-24T14:39:30
txn_00895,ledger_00895,order_00895,13994.04,INR,paid,2026-08-27T04:18:30
txn_00896,ledger_00896,order_00896,5603.69,INR,paid,2026-08-18T00:38:30
txn_00897,ledger_00897,order_00897,10199.94,INR,paid,2026-08-27T18:53:30
txn_00898,ledger_00898,order_00898,4120.8,INR,paid,2026-08-02T02:49:30
txn_00899,ledger_00899,order_00899,7456.26,INR,paid,2026-08-04T21:46:30
txn_00900,ledger_00900,order_00900,2990.13,INR,paid,2026-08-07T10:44:30
txn_00901,ledger_00901,order_00901,9028.28,INR,paid,2026-08-16T14:43:30
txn_00902,ledger_00902,order_00902,5251.0,INR,paid,2026-08-22T23:29:30
txn_00903,ledger_00903,order_00903,8772.68,INR,paid,2026-08-05T10:37:30
txn_00904,ledger_00904,order_00904,11010.33,INR,paid,2026-08-21T14:11:30
txn_00905,ledger_00905,order_00905,8040.85,INR,paid,2026-08-14T15:58:30
txn_00906,ledger_00906,order_00906,1212.61,INR,paid,2026-08-06T05:42:30
txn_00907,ledger_00907,order_00907,662.37,INR,paid,2026-08-16T14:43:30
txn_00908,ledger_00908,order_00908,16702.92,INR,paid,2026-08-08T11:31:30
txn_00909,ledger_00909,order_00909,18538.19,INR,paid,2026-08-24T11:36:30
txn_00910,ledger_00910,order-00910,4443.89,INR,paid,2026-08-08T06:54:30
txn_00911,ledger_00911,order-00911,8341.64,INR,paid,2026-08-20T09:42:30
txn_00912,ledger_00912,order_00912,23965.72,INR,paid,2026-08-11T13:14:30
txn_00913,ledger_00913,order_00913,19964.12,INR,paid,2026-08-29T15:51:30
txn_00913,ledger_00913,order_00913,19964.12,INR,paid,2026-08-29T15:51:30
txn_00914,ledger_00914,order_00914,4692.85,INR,paid,2026-08-30T03:34:30
txn_00915,ledger_00915,order_00915,16466.97,INR,paid,2026-08-19T00:04:30
txn_00915,ledger_00915,order_00915,16466.97,INR,paid,2026-08-19T00:04:30
txn_00916,ledger_00916,order_00916,826.89,INR,paid,2026-08-28T22:46:30
txn_00917,ledger_00917,order_00917,22089.12,INR,paid,2026-08-21T11:03:30
txn_00919,ledger_00919,order_00919,210.81,INR,paid,2026-08-10T18:36:30
txn_00920,ledger_00920,order_00920,5533.84,INR,paid,2026-08-03T20:20:30
txn_00921,ledger_00921,order_00921,20007.61,INR,paid,2026-08-25T10:25:30
txn_00922,ledger_00922,order_00922,4755.3,INR,paid,2026-08-15T20:03:30
txn_00923,ledger_00923,order_00923,5175.21,INR,paid,2026-08-06T04:28:30
txn_00924,ledger_00924,order_00924,21579.65,INR,paid,2026-08-25T00:24:30
txn_00925,ledger_00925,order_00925,24151.32,INR,paid,2026-08-15T06:19:30
txn_00926,ledger_00926,order_00926,14964.57,INR,paid,2026-08-28T19:42:30
txn_00927,ledger_00927,order_00927,9874.35,INR,paid,2026-08-06T04:46:30
txn_00927,ledger_00927,order_00927,9874.35,INR,paid,2026-08-06T04:46:30
txn_00928,ledger_00928,order_00928,8763.32,INR,paid,2026-08-21T20:06:30
txn_00928,ledger_00928,order_00928,8763.32,INR,paid,2026-08-21T20:06:30
txn_00929,ledger_00929,order_00929,15472.33,INR,paid,2026-08-14T12:53:30
txn_00930,ledger_00930,order_00930,22975.2,INR,paid,2026-08-27T20:37:30
txn_00931,ledger_00931,order_00931,2210.32,INR,paid,2026-08-07T02:18:30
txn_00932,ledger_00932,order_00932,7898.33,INR,paid,2026-08-11T20:35:30
txn_00933,ledger_00933,order_00933,7703.96,INR,paid,2026-08-09T07:56:30
txn_00934,ledger_00934,order_00934,9395.32,INR,paid,2026-08-07T10:24:30
txn_00935,ledger_00935,order_00935,12819.54,INR,paid,2026-08-20T00:49:30
txn_00936,ledger_00936,order_00936,14951.0,INR,paid,2026-08-27T03:50:30
txn_00937,ledger_00937,order_00937,9654.38,INR,paid,2026-08-09T10:53:30
txn_00938,ledger_00938,order_00938,12218.09,INR,paid,2026-08-25T10:57:30
txn_00939,ledger_00939,order_00939,17835.29,INR,paid,2026-08-30T08:47:30
txn_00940,ledger_00940,order_00940,4413.55,INR,paid,2026-08-08T14:15:30
txn_00941,ledger_00941,order_00941,12292.09,INR,paid,2026-08-07T09:14:30
txn_00942,ledger_00942,order_00942,4758.75,INR,paid,2026-08-21T12:36:30
txn_00943,ledger_00943,order_00943,15523.31,INR,paid,2026-08-17T08:09:30
txn_00944,ledger_00944,order_00944,23800.86,INR,paid,2026-08-23T01:19:30
txn_00945,ledger_00945,order_00945,3499.71,INR,paid,2026-08-18T11:22:30
txn_00946,ledger_00946,order_00946,24099.34,INR,paid,2026-08-24T00:04:30
txn_00947,ledger_00947,order_00947,16361.44,INR,paid,2026-08-19T14:53:30
txn_00948,ledger_00948,order_00948,17148.95,INR,paid,2026-08-19T21:58:30
txn_00949,ledger_00949,order_00949,17782.55,INR,paid,2026-08-21T04:48:30
txn_00950,ledger_00950,order_00950,12268.62,INR,paid,2026-08-04T18:17:30
txn_00950,ledger_00950_ALT,order_0095X,12268.62,INR,paid,2026-08-04T18:17:30
txn_00951,ledger_00951,order_00951,14178.41,INR,paid,2026-08-11T00:52:30
txn_00953,ledger_00953,order_00953,5698.6,INR,paid,2026-08-14T03:18:30
txn_00954,ledger_00954,order_00954,4288.4,INR,paid,2026-08-21T19:31:30
txn_00955,ledger_00955,order-00955,14184.7,INR,paid,2026-08-23T13:00:30
txn_00956,ledger_00956,order_00956,13788.18,INR,paid,2026-08-06T03:39:30
txn_00957,ledger_00957,order_00957,14360.58,INR,paid,2026-08-13T04:36:30
txn_00958,ledger_00958,order_00958,19694.23,INR,paid,2026-08-17T16:42:30
txn_00959,ledger_00959,order_00959,18943.98,INR,paid,2026-08-21T02:05:30
txn_00960,ledger_00960,order_00960,13704.2,INR,paid,2026-08-20T08:22:30
txn_00962,ledger_00962,order_00962,18808.5,INR,paid,2026-08-14T13:10:30
txn_00963,ledger_00963,order_00963,21882.77,INR,paid,2026-08-02T11:12:30
txn_00963,ledger_00963,order_00963,21882.77,INR,paid,2026-08-02T11:12:30
txn_00964,ledger_00964,order_00964,11298.34,INR,paid,2026-08-16T20:44:30
txn_00965,ledger_00965,order_00965,21568.77,INR,paid,2026-08-04T23:00:30
txn_00966,ledger_00966,order_00966,11032.84,INR,paid,2026-08-06T08:13:30
txn_00967,ledger_00967,order_00967,19413.23,INR,paid,2026-08-11T18:48:30
txn_00968,ledger_00968,order_00968,5325.97,INR,paid,2026-08-27T18:10:30
txn_00969,ledger_00969,order_00969,17259.43,INR,paid,2026-08-28T18:34:30
txn_00970,ledger_00970,order_00970,15855.99,INR,paid,2026-08-08T13:17:30
txn_00971,ledger_00971,order_00971,15858.25,INR,paid,2026-08-10T09:41:30
txn_00972,ledger_00972,order_00972,20363.34,INR,paid,2026-08-26T22:40:30
txn_00973,ledger_00973,order_00973,7224.79,INR,paid,2026-08-25T12:28:30
txn_00974,ledger_00974,order_00974,24477.1,INR,paid,2026-08-14T07:38:30
txn_00975,ledger_00975,order_00975,7304.4,INR,paid,2026-08-13T04:00:30
txn_00976,ledger_00976,order_00976,23814.69,INR,paid,2026-08-24T09:52:30
txn_00977,ledger_00977,order_00977,24638.66,INR,paid,2026-08-05T08:00:30
txn_00978,ledger_00978,order_00978,3476.16,INR,paid,2026-08-19T17:34:30
txn_00979,ledger_00979,order_00979,22977.34,INR,paid,2026-08-13T14:54:30
txn_00980,ledger_00980,order_00980,21689.49,INR,paid,2026-08-06T18:35:30
txn_00981,ledger_00981,order_00981,17565.52,INR,paid,2026-08-07T00:56:30
txn_00982,ledger_00982,order_00982,6316.96,INR,paid,2026-08-15T15:48:30
txn_00983,ledger_00983,order_00983,20729.2,INR,paid,2026-08-18T20:56:30
txn_00984,ledger_00984,order_00984,12287.52,INR,paid,2026-08-27T06:42:30
txn_00985,ledger_00985,order_00985,15846.81,INR,paid,2026-08-29T13:44:30
txn_00986,ledger_00986,order_00986,10414.2,INR,paid,2026-08-21T13:41:30
txn_00987,ledger_00987,order_00987,1980.36,INR,paid,2026-08-05T05:41:30
txn_00988,ledger_00988,order_00988,10130.98,INR,paid,2026-08-13T15:53:30
txn_00988,ledger_00988,order_00988,10130.98,INR,paid,2026-08-13T15:53:30
txn_00990,ledger_00990,order_00990,11619.2,INR,paid,2026-08-23T05:04:30
txn_00991,ledger_00991,order_00991,161.58,INR,paid,2026-08-05T05:44:30
txn_00993,ledger_00993,order_00993,15907.53,INR,paid,2026-08-17T07:16:30
txn_00994,ledger_00994,order_00994,21267.65,INR,paid,2026-08-25T07:44:30
txn_00995,ledger_00995,order_00995,10003.13,INR,paid,2026-08-20T13:17:30
txn_00996,ledger_00996,order_00996,20638.71,INR,paid,2026-08-23T12:21:30
txn_00998,ledger_00998,order_00998,8510.1,INR,paid,2026-08-27T07:15:30
txn_00999,ledger_00999,order_00999,3351.8,INR,paid,2026-08-23T02:07:30
txn_01000,ledger_01000,order_01000,19799.43,INR,paid,2026-08-03T04:52:30
