transaction_id,payment_id,order_id,amount,currency,status,created_at
txn_00001,pay_00001,order_00001,10272.09,INR,captured,2026-08-28T00:36:00
txn_00002,pay_00002,order_00002,11800.82,INR,captured,2026-08-02T11:39:00
txn_00003,pay_00003,order_00003,5863.76,INR,captured,2026-08-13T20:48:00
txn_00004,pay_00004,order_00004,17604.39,INR,captured,2026-08-21T15:55:00
txn_00005,pay_00005,order_00005,1872.38,INR,captured,2026-08-11T14:57:00
txn_00006,pay_00006,order_00006,23105.39,INR,captured,2026-08-29T10:43:00
txn_00007,pay_00007,order_00007,14785.76,INR,captured,2026-08-10T00:04:00
txn_00008,pay_00008,order_00008,10685.96,INR,captured,2026-08-25T18:48:00
txn_00009,pay_00009,order_00009,5697.76,INR,captured,2026-08-07T18:44:00
txn_00010,pay_00010,order_00010,22719.44,INR,captured,2026-08-07T11:21:00
txn_00011,pay_00011,order_00011,1878.1,INR,captured,2026-08-08T13:13:00
txn_00012,pay_00012,order_00012,19836.45,INR,captured,2026-08-28T01:56:00
txn_00013,pay_00013,order_00013,18749.05,INR,captured,2026-08-26T21:43:00
txn_00014,pay_00014,order_00014,23037.69,INR,captured,2026-08-20T23:40:00
txn_00015,pay_00015,order_00015,3196.41,INR,captured,2026-08-14T20:08:00
txn_00016,pay_00016,order_00016,23572.64,INR,captured,2026-08-23T18:38:00
txn_00017,pay_00017,order_00017,13545.54,INR,captured,2026-08-20T22:08:00
txn_00018,pay_00018,order_00018,2103.0,INR,captured,2026-08-02T19:32:00
txn_00019,pay_00019,order_00019,22246.63,INR,captured,2026-08-15T16:03:00
txn_00020,pay_00020,order_00020,744.04,INR,captured,2026-08-11T10:02:00
txn_00021,pay_00021,order_00021,24051.59,INR,captured,2026-08-27T04:16:00
txn_00022,pay_00022,order_00022,14719.36,INR,captured,2026-08-01T22:39:00
txn_00023,pay_00023,order_00023,24989.35,INR,captured,2026-08-13T06:22:00
txn_00024,pay_00024,order_00024,14448.55,INR,captured,2026-08-08T23:21:00
txn_00025,pay_00025,order_00025,11815.47,INR,captured,2026-08-30T15:37:00
txn_00026,pay_00026,order_00026,11111.51,INR,captured,2026-08-13T15:49:00
txn_00027,pay_00027,order_00027,4619.08,INR,captured,2026-08-27T15:20:00
txn_00028,pay_00028,order_00028,10953.54,INR,captured,2026-08-23T09:05:00
txn_00029,pay_00029,order_00029,24229.48,INR,captured,2026-08-22T09:22:00
txn_00030,pay_00030,order_00030,8764.23,INR,captured,2026-08-16T04:03:00
txn_00031,pay_00031,order_00031,8094.35,INR,captured,2026-08-05T18:15:00
txn_00032,pay_00032,order_00032,21457.55,INR,captured,2026-08-16T00:14:00
txn_00033,pay_00033,order_00033,10349.96,INR,captured,2026-08-23T13:11:00
txn_00034,pay_00034,order_00034,7276.62,INR,captured,2026-08-19T05:24:00
txn_00035,pay_00035,order_00035,20357.79,INR,captured,2026-08-26T00:51:00
txn_00036,pay_00036,order_00036,1013.76,INR,captured,2026-08-05T00:11:00
txn_00037,pay_00037,order_00037,7931.48,INR,captured,2026-08-15T17:06:00
txn_00038,pay_00038,order_00038,2986.45,INR,captured,2026-08-19T09:28:00
txn_00039,pay_00039,order_00039,20640.69,INR,captured,2026-08-01T01:15:00
txn_00040,pay_00040,order_00040,16475.74,INR,captured,2026-08-25T16:39:00
txn_00041,pay_00041,order_00041,11603.21,INR,captured,2026-08-03T11:12:00
txn_00042,pay_00042,order_00042,4770.81,INR,captured,2026-08-17T11:09:00
txn_00043,pay_00043,order_00043,15603.58,INR,captured,2026-08-23T16:29:00
txn_00044,pay_00044,order_00044,15672.68,INR,captured,2026-08-03T08:22:00
txn_00045,pay_00045,order_00045,5168.6,INR,captured,2026-08-25T23:53:00
txn_00046,pay_00046,order_00046,3362.23,INR,captured,2026-08-14T02:36:00
txn_00047,pay_00047,order_00047,11009.09,INR,captured,2026-08-23T01:26:00
txn_00048,pay_00048,order_00048,3123.51,INR,captured,2026-08-29T16:09:00
txn_00049,pay_00049,order_00049,15260.9,INR,captured,2026-08-11T21:22:00
txn_00050,pay_00050,order_00050,7837.68,INR,captured,2026-08-01T14:56:00
txn_00051,pay_00051,order_00051,13851.06,INR,captured,2026-08-05T05:48:00
txn_00052,pay_00052,order_00052,5695.05,INR,captured,2026-08-06T03:55:00
txn_00053,pay_00053,order_00053,11590.05,INR,captured,2026-08-06T08:18:00
txn_00054,pay_00054,order_00054,16227.97,INR,captured,2026-08-08T00:10:00
txn_00055,pay_00055,order_00055,12509.55,INR,captured,2026-08-14T06:47:00
txn_00056,pay_00056,order_00056,12770.91,INR,captured,2026-08-13T10:39:00
txn_00057,pay_00057,order_00057,10445.71,INR,captured,2026-08-22T23:01:00
txn_00058,pay_00058,order_00058,6168.9,INR,captured,2026-08-26T02:07:00
txn_00059,pay_00059,order_00059,3701.59,INR,captured,2026-08-09T16:11:00
txn_00060,pay_00060,order_00060,23054.52,INR,captured,2026-08-24T03:08:00
txn_00061,pay_00061,order_00061,18682.68,INR,captured,2026-08-07T05:06:00
txn_00062,pay_00062,order_00062,21614.27,INR,captured,2026-08-13T13:44:00
txn_00063,pay_00063,order_00063,19339.61,INR,captured,2026-08-19T21:13:00
txn_00064,pay_00064,order_00064,8562.89,INR,captured,2026-08-24T02:35:00
txn_00065,pay_00065,order_00065,6752.6,INR,captured,2026-08-01T02:48:00
txn_00066,pay_00066,order_00066,7142.69,INR,captured,2026-08-14T14:06:00
txn_00067,pay_00067,order_00067,20953.15,INR,captured,2026-08-27T09:25:00
txn_00068,pay_00068,order_00068,24972.67,INR,captured,2026-08-23T06:49:00
txn_00069,pay_00069,order_00069,21644.99,INR,captured,2026-08-21T07:44:00
txn_00070,pay_00070,order_00070,13510.66,INR,captured,2026-08-16T16:58:00
txn_00071,pay_00071,order_00071,8377.75,INR,captured,2026-08-25T17:34:00
txn_00072,pay_00072,order_00072,9492.53,INR,captured,2026-08-15T15:28:00
txn_00073,pay_00073,order_00073,21753.08,INR,captured,2026-08-11T20:50:00
txn_00074,pay_00074,order_00074,14337.76,INR,captured,2026-08-11T15:06:00
txn_00075,pay_00075,order_00075,21414.72,INR,captured,2026-08-19T16:40:00
txn_00076,pay_00076,order_00076,1186.82,INR,captured,2026-08-22T12:36:00
txn_00077,pay_00077,order_00077,17660.17,INR,captured,2026-08-18T08:24:00
txn_00078,pay_00078,order_00078,16625.85,INR,captured,2026-08-30T16:10:00
txn_00079,pay_00079,order_00079,24522.37,INR,captured,2026-08-23T13:01:00
txn_00080,pay_00080,order_00080,24124.13,INR,captured,2026-08-06T17:53:00
txn_00081,pay_00081,order_00081,12607.05,INR,captured,2026-08-27T20:38:00
txn_00082,pay_00082,order_00082,8366.67,INR,captured,2026-08-05T13:37:00
txn_00083,pay_00083,order_00083,21867.34,INR,captured,2026-08-21T00:55:00
txn_00085,pay_00085,order_00085,482.16,INR,captured,2026-08-07T13:27:00
txn_00086,pay_00086,order_00086,10308.47,INR,captured,2026-08-30T19:11:00
txn_00087,pay_00087,order_00087,24251.92,INR,captured,2026-08-04T09:43:00
txn_00088,pay_00088,order_00088,11790.32,INR,captured,2026-08-13T01:28:00
txn_00089,pay_00089,order_00089,8530.17,INR,captured,2026-08-19T02:09:00
txn_00090,pay_00090,order_00090,16280.93,INR,captured,2026-08-15T22:52:00
txn_00091,pay_00091,order_00091,21323.3,INR,captured,2026-08-25T06:51:00
txn_00092,pay_00092,order_00092,7984.86,INR,captured,2026-08-23T04:58:00
txn_00093,pay_00093,order_00093,21822.34,INR,captured,2026-08-02T15:12:00
txn_00094,pay_00094,order_00094,15474.74,INR,captured,2026-08-11T16:25:00
txn_00095,pay_00095,order_00095,15815.91,INR,captured,2026-08-14T01:53:00
txn_00096,pay_00096,order_00096,24935.91,INR,captured,2026-08-05T02:43:00
txn_00097,pay_00097,order_00097,10905.89,INR,captured,2026-08-05T11:31:00
txn_00098,pay_00098,order_00098,19033.21,INR,captured,2026-08-05T13:46:00
txn_00099,pay_00099,order_00099,11147.6,INR,captured,2026-08-14T15:05:00
txn_00101,pay_00101,order_00101,8176.93,INR,captured,2026-08-03T13:17:00
txn_00102,pay_00102,order_00102,9433.54,INR,captured,2026-08-07T15:00:00
txn_00103,pay_00103,order_00103,6180.52,INR,captured,2026-08-19T18:04:00
txn_00104,pay_00104,order_00104,14191.61,INR,captured,2026-08-09T04:40:00
txn_00105,pay_00105,order_00105,4332.59,INR,captured,2026-08-04T14:15:00
txn_00106,pay_00106,order_00106,15276.35,INR,captured,2026-08-18T09:50:00
txn_00107,pay_00107,order_00107,15530.79,INR,captured,2026-08-11T23:03:00
txn_00108,pay_00108,order_00108,12491.91,INR,captured,2026-08-27T12:57:00
txn_00109,pay_00109,order_00109,11582.63,INR,captured,2026-08-12T13:24:00
txn_00110,pay_00110,order_00110,11543.31,INR,captured,2026-08-01T10:15:00
txn_00111,pay_00111,order_00111,22482.82,INR,captured,2026-08-22T04:10:00
txn_00112,pay_00112,order_00112,22540.11,INR,captured,2026-08-25T21:01:00
txn_00113,pay_00113,order_00113,4033.59,INR,captured,2026-08-21T02:29:00
txn_00114,pay_00114,order_00114,23636.37,INR,captured,2026-08-27T17:47:00
txn_00115,pay_00115,order_00115,7548.94,INR,captured,2026-08-20T07:27:00
txn_00116,pay_00116,order_00116,17288.81,INR,captured,2026-08-21T18:59:00
txn_00117,pay_00117,order_00117,21148.07,INR,captured,2026-08-10T01:35:00
txn_00118,pay_00118,order_00118,24984.4,INR,captured,2026-08-22T23:47:00
txn_00119,pay_00119,order_00119,2755.67,INR,captured,2026-08-18T08:33:00
txn_00120,pay_00120,order_00120,14340.88,INR,captured,2026-08-27T03:50:00
txn_00121,pay_00121,order_00121,7467.22,INR,captured,2026-08-14T10:28:00
txn_00122,pay_00122,order_00122,646.3,INR,captured,2026-08-30T22:57:00
txn_00123,pay_00123,order_00123,9955.56,INR,captured,2026-08-01T08:50:00
txn_00124,pay_00124,order_00124,17176.41,INR,captured,2026-08-03T05:34:00
txn_00125,pay_00125,order_00125,22774.36,INR,captured,2026-08-23T14:33:00
txn_00126,pay_00126,order_00126,20837.69,INR,captured,2026-08-14T00:36:00
txn_00127,pay_00127,order_00127,19415.95,INR,captured,2026-08-11T11:21:00
txn_00128,pay_00128,order_00128,15215.92,INR,captured,2026-08-17T00:49:00
txn_00129,pay_00129,order_00129,4834.29,INR,captured,2026-08-12T09:45:00
txn_00130,pay_00130,order_00130,16976.34,INR,captured,2026-08-31T00:00:00
txn_00133,pay_00133,order_00133,16193.88,INR,captured,2026-08-15T01:26:00
txn_00134,pay_00134,order_00134,19736.4,INR,captured,2026-08-02T12:26:00
txn_00135,pay_00135,order_00135,14531.39,INR,captured,2026-08-06T23:32:00
txn_00136,pay_00136,order_00136,2344.32,INR,captured,2026-08-14T10:20:00
txn_00137,pay_00137,order_00137,8235.31,INR,captured,2026-08-19T21:50:00
txn_00138,pay_00138,order_00138,4473.44,INR,captured,2026-08-07T00:21:00
txn_00139,pay_00139,order_00139,19684.17,INR,captured,2026-08-17T15:36:00
txn_00140,pay_00140,order_00140,13318.22,INR,captured,2026-08-13T09:40:00
txn_00141,pay_00141,order_00141,20778.77,INR,captured,2026-08-12T16:40:00
txn_00142,pay_00142,order_00142,22859.82,INR,captured,2026-08-22T22:18:00
txn_00143,pay_00143,order_00143,24187.86,INR,captured,2026-08-14T10:22:00
txn_00144,pay_00144,order_00144,18689.33,INR,captured,2026-08-16T09:58:00
txn_00145,pay_00145,order_00145,20125.39,INR,captured,2026-08-22T07:32:00
txn_00146,pay_00146,order_00146,3604.85,INR,captured,2026-08-11T06:25:00
txn_00147,pay_00147,order_00147,21517.5,INR,captured,2026-08-19T02:04:00
txn_00148,pay_00148,order_00148,24185.02,INR,captured,2026-08-26T08:44:00
txn_00149,pay_00149,order_00149,9207.8,INR,captured,2026-08-18T22:58:00
txn_00150,pay_00150,order_00150,446.57,INR,captured,2026-08-25T10:04:00
txn_00151,pay_00151,order_00151,9277.78,INR,captured,2026-08-12T22:21:00
txn_00152,pay_00152,order_00152,20578.19,INR,captured,2026-08-17T21:44:00
txn_00153,pay_00153,order_00153,2797.82,INR,captured,2026-08-11T15:23:00
txn_00154,pay_00154,order_00154,11839.77,INR,captured,2026-08-29T04:42:00
txn_00155,pay_00155,order_00155,22117.45,INR,captured,2026-08-26T13:12:00
txn_00156,pay_00156,order_00156,8267.36,INR,captured,2026-08-28T18:22:00
txn_00157,pay_00157,order_00157,5612.04,INR,captured,2026-08-03T21:02:00
txn_00158,pay_00158,order_00158,15921.56,INR,captured,2026-08-22T03:06:00
txn_00159,pay_00159,order_00159,22743.75,INR,captured,2026-08-14T18:04:00
txn_00160,pay_00160,order_00160,3005.23,INR,captured,2026-08-03T01:31:00
txn_00161,pay_00161,order_00161,7678.68,INR,captured,2026-08-23T10:04:00
txn_00162,pay_00162,order_00162,2991.4,INR,captured,2026-08-11T16:27:00
txn_00163,pay_00163,order_00163,22192.76,INR,captured,2026-08-07T04:10:00
txn_00164,pay_00164,order_00164,9777.28,INR,captured,2026-08-17T21:14:00
txn_00165,pay_00165,order_00165,16795.11,INR,captured,2026-08-25T14:02:00
txn_00166,pay_00166,order_00166,10536.26,INR,captured,2026-08-08T00:46:00
txn_00167,pay_00167,order_00167,16407.56,INR,captured,2026-08-23T06:29:00
txn_00168,pay_00168,order_00168,15429.74,INR,captured,2026-08-13T17:33:00
txn_00169,pay_00169,order_00169,914.64,INR,captured,2026-08-17T20:43:00
txn_00170,pay_00170,order_00170,5510.02,INR,captured,2026-08-21T05:43:00
txn_00171,pay_00171,order_00171,23768.82,INR,captured,2026-08-17T12:08:00
txn_00172,pay_00172,order_00172,2573.93,INR,captured,2026-08-17T17:13:00
txn_00173,pay_00173,order_00173,13657.2,INR,captured,2026-08-30T08:19:00
txn_00174,pay_00174,order_00174,9030.98,INR,captured,2026-08-19T02:52:00
txn_00175,pay_00175,order_00175,6969.45,INR,captured,2026-08-06T13:25:00
txn_00176,pay_00176,order_00176,20622.36,INR,captured,2026-08-05T04:07:00
txn_00177,pay_00177,order_00177,16602.94,INR,captured,2026-08-30T04:54:00
txn_00178,pay_00178,order_00178,24280.22,INR,captured,2026-08-03T07:14:00
txn_00179,pay_00179,order_00179,19691.19,INR,captured,2026-08-12T02:02:00
txn_00180,pay_00180,order_00180,24721.64,INR,captured,2026-08-26T16:40:00
txn_00181,pay_00181,order_00181,5209.62,INR,captured,2026-08-26T05:20:00
txn_00182,pay_00182,order_00182,5258.22,INR,captured,2026-08-10T19:52:00
txn_00183,pay_00183,order_00183,20345.02,INR,captured,2026-08-11T14:29:00
txn_00184,pay_00184,order_00184,8281.13,INR,captured,2026-08-07T17:10:00
txn_00185,pay_00185,order_00185,19737.23,INR,captured,2026-08-28T02:58:00
txn_00186,pay_00186,order_00186,170.61,INR,captured,2026-08-07T14:02:00
txn_00187,pay_00187,order_00187,24689.43,INR,captured,2026-08-25T14:03:00
txn_00189,pay_00189,order_00189,2837.17,INR,captured,2026-08-02T04:09:00
txn_00190,pay_00190,order_00190,3381.9,INR,captured,2026-08-17T07:17:00
txn_00191,pay_00191,order_00191,19770.62,INR,captured,2026-08-11T19:53:00
txn_00192,pay_00192,order_00192,14762.44,INR,captured,2026-08-01T17:14:00
txn_00193,pay_00193,order_00193,4438.73,INR,captured,2026-08-03T09:14:00
txn_00194,pay_00194,order_00194,3256.29,INR,captured,2026-08-20T03:48:00
txn_00195,pay_00195,order_00195,13199.53,INR,captured,2026-08-03T21:25:00
txn_00196,pay_00196,order_00196,11958.52,INR,captured,2026-08-17T11:26:00
txn_00197,pay_00197,order_00197,12879.63,INR,captured,2026-08-05T23:06:00
txn_00198,pay_00198,order_00198,5616.59,INR,captured,2026-08-28T23:51:00
txn_00199,pay_00199,order_00199,1179.79,INR,captured,2026-08-30T23:41:00
txn_00200,pay_00200,order_00200,13084.14,INR,captured,2026-08-21T20:18:00
txn_00201,pay_00201,order_00201,16119.18,INR,captured,2026-08-02T10:01:00
txn_00202,pay_00202,order_00202,1614.55,INR,captured,2026-08-22T19:10:00
txn_00203,pay_00203,order_00203,21197.73,INR,captured,2026-08-20T09:36:00
txn_00204,pay_00204,order_00204,17183.83,INR,captured,2026-08-23T07:30:00
txn_00205,pay_00205,order_00205,17838.79,INR,captured,2026-08-21T04:29:00
txn_00206,pay_00206,order_00206,1929.92,INR,captured,2026-08-04T16:14:00
txn_00207,pay_00207,order_00207,8120.58,INR,captured,2026-08-07T18:01:00
txn_00208,pay_00208,order_00208,1735.49,INR,captured,2026-08-13T12:23:00
txn_00209,pay_00209,order_00209,15645.51,INR,captured,2026-08-27T15:22:00
txn_00210,pay_00210,order_00210,13754.08,INR,captured,2026-08-15T19:11:00
txn_00211,pay_00211,order_00211,9584.52,INR,captured,2026-08-28T04:30:00
txn_00212,pay_00212,order_00212,13310.87,INR,captured,2026-08-21T15:34:00
txn_00213,pay_00213,order_00213,12688.22,INR,captured,2026-08-20T13:53:00
txn_00214,pay_00214,order_00214,2569.54,INR,captured,2026-08-06T04:58:00
txn_00215,pay_00215,order_00215,21334.54,INR,captured,2026-08-30T14:58:00
txn_00216,pay_00216,order_00216,21954.88,INR,captured,2026-08-26T02:12:00
txn_00217,pay_00217,order_00217,18048.91,INR,captured,2026-08-10T18:51:00
txn_00218,pay_00218,order_00218,10808.74,INR,captured,2026-08-11T09:34:00
txn_00220,pay_00220,order_00220,10028.38,INR,captured,2026-08-05T07:51:00
txn_00221,pay_00221,order_00221,7882.45,INR,captured,2026-08-15T05:21:00
txn_00222,pay_00222,order_00222,16661.19,INR,captured,2026-08-18T00:50:00
txn_00223,pay_00223,order_00223,23844.45,INR,captured,2026-08-22T14:01:00
txn_00224,pay_00224,order_00224,1771.62,INR,captured,2026-08-04T21:14:00
txn_00225,pay_00225,order_00225,2421.43,INR,captured,2026-08-05T09:28:00
txn_00226,pay_00226,order_00226,18640.27,INR,captured,2026-08-17T23:01:00
txn_00227,pay_00227,order_00227,20313.06,INR,captured,2026-08-26T07:42:00
txn_00228,pay_00228,order_00228,1593.53,INR,captured,2026-08-26T13:24:00
txn_00230,pay_00230,order_00230,10329.13,INR,captured,2026-08-20T05:57:00
txn_00231,pay_00231,order_00231,21715.49,INR,captured,2026-08-03T08:11:00
txn_00232,pay_00232,order_00232,24213.13,INR,captured,2026-08-28T07:48:00
txn_00233,pay_00233,order_00233,7879.98,INR,captured,2026-08-05T17:09:00
txn_00234,pay_00234,order_00234,14490.17,INR,captured,2026-08-10T16:22:00
txn_00235,pay_00235,order_00235,3952.78,INR,captured,2026-08-22T22:40:00
txn_00236,pay_00236,order_00236,2794.64,INR,captured,2026-08-26T07:35:00
txn_00237,pay_00237,order_00237,9252.27,INR,captured,2026-08-13T16:16:00
txn_00238,pay_00238,order_00238,14395.09,INR,captured,2026-08-20T12:42:00
txn_00239,pay_00239,order_00239,21144.36,INR,captured,2026-08-29T07:05:00
txn_00240,pay_00240,order_00240,15377.97,INR,captured,2026-08-30T05:59:00
txn_00241,pay_00241,order_00241,13962.82,INR,captured,2026-08-28T17:11:00
txn_00242,pay_00242,order_00242,20753.57,INR,captured,2026-08-13T04:07:00
txn_00243,pay_00243,order_00243,820.93,INR,captured,2026-08-13T10:29:00
txn_00244,pay_00244,order_00244,17597.2,INR,captured,2026-08-15T01:29:00
txn_00245,pay_00245,order_00245,23046.28,INR,captured,2026-08-16T23:24:00
txn_00246,pay_00246,order_00246,252.03,INR,captured,2026-08-07T12:28:00
txn_00247,pay_00247,order_00247,14201.4,INR,captured,2026-08-19T05:45:00
txn_00248,pay_00248,order_00248,1832.68,INR,captured,2026-08-29T19:35:00
txn_00249,pay_00249,order_00249,24298.08,INR,captured,2026-08-05T04:13:00
txn_00250,pay_00250,order_00250,18678.18,INR,captured,2026-08-10T18:58:00
txn_00251,pay_00251,order_00251,9467.24,INR,captured,2026-08-21T15:30:00
txn_00252,pay_00252,order_00252,8588.31,INR,captured,2026-08-17T20:11:00
txn_00253,pay_00253,order_00253,7859.77,INR,captured,2026-08-15T18:18:00
txn_00254,pay_00254,order_00254,19443.21,INR,captured,2026-08-26T19:57:00
txn_00255,pay_00255,order_00255,14945.97,INR,captured,2026-08-03T09:27:00
txn_00256,pay_00256,order_00256,3973.94,INR,captured,2026-08-29T02:50:00
txn_00257,pay_00257,order_00257,2131.38,INR,captured,2026-08-21T03:59:00
txn_00258,pay_00258,order_00258,16582.27,INR,captured,2026-08-23T02:28:00
txn_00259,pay_00259,order_00259,15216.19,INR,captured,2026-08-19T20:23:00
txn_00260,pay_00260,order_00260,6901.85,INR,captured,2026-08-24T07:37:00
txn_00261,pay_00261,order_00261,2934.06,INR,captured,2026-08-20T13:34:00
txn_00262,pay_00262,order_00262,2861.16,INR,captured,2026-08-27T23:51:00
txn_00263,pay_00263,order_00263,16711.6,INR,captured,2026-08-03T01:36:00
txn_00264,pay_00264,order_00264,5590.91,INR,captured,2026-08-28T06:37:00
txn_00265,pay_00265,order_00265,1464.07,INR,captured,2026-08-10T07:17:00
txn_00267,pay_00267,order_00267,19207.0,INR,captured,2026-08-12T15:05:00
txn_00268,pay_00268,order_00268,7307.23,INR,captured,2026-08-06T11:03:00
txn_00269,pay_00269,order_00269,292.47,INR,captured,2026-08-20T14:23:00
txn_00270,pay_00270,order_00270,4474.8,INR,captured,2026-08-18T07:17:00
txn_00271,pay_00271,order_00271,13361.3,INR,captured,2026-08-11T11:20:00
txn_00272,pay_00272,order_00272,12556.53,INR,captured,2026-08-17T02:50:00
txn_00273,pay_00273,order_00273,1894.68,INR,captured,2026-08-02T22:12:00
txn_00274,pay_00274,order_00274,10961.87,INR,captured,2026-08-21T22:10:00
txn_00275,pay_00275,order_00275,23036.94,INR,captured,2026-08-15T05:56:00
txn_00276,pay_00276,order_00276,14436.4,INR,captured,2026-08-27T02:18:00
txn_00277,pay_00277,order_00277,10170.13,INR,captured,2026-08-30T03:12:00
txn_00278,pay_00278,order_00278,10500.58,INR,captured,2026-08-06T05:48:00
txn_00279,pay_00279,order_00279,10185.3,INR,captured,2026-08-15T18:44:00
txn_00280,pay_00280,order_00280,4379.64,INR,captured,2026-08-29T03:09:00
txn_00281,pay_00281,order_00281,11556.41,INR,captured,2026-08-17T11:14:00
txn_00282,pay_00282,order_00282,2294.43,INR,captured,2026-08-05T19:37:00
txn_00283,pay_00283,order_00283,14762.9,INR,captured,2026-08-24T20:18:00
txn_00284,pay_00284,order_00284,2058.31,INR,captured,2026-08-15T02:54:00
txn_00285,pay_00285,order_00285,18670.54,INR,captured,2026-08-11T02:00:00
txn_00287,pay_00287,order_00287,2001.85,INR,captured,2026-08-29T19:39:00
txn_00288,pay_00288,order_00288,2939.26,INR,captured,2026-08-24T05:00:00
txn_00289,pay_00289,order_00289,4928.2,INR,captured,2026-08-16T21:36:00
txn_00290,pay_00290,order_00290,8842.38,INR,captured,2026-08-30T08:59:00
txn_00291,pay_00291,order_00291,20394.42,INR,captured,2026-08-11T18:04:00
txn_00292,pay_00292,order_00292,2659.83,INR,captured,2026-08-12T15:35:00
txn_00293,pay_00293,order_00293,5012.07,INR,captured,2026-08-28T09:58:00
txn_00294,pay_00294,order_00294,3906.46,INR,captured,2026-08-30T19:59:00
txn_00295,pay_00295,order_00295,1976.3,INR,captured,2026-08-29T13:53:00
txn_00297,pay_00297,order_00297,19020.94,INR,captured,2026-08-21T10:19:00
txn_00298,pay_00298,order_00298,17060.22,INR,captured,2026-08-26T16:34:00
txn_00299,pay_00299,order_00299,16110.5,INR,captured,2026-08-29T10:08:00
txn_00300,pay_00300,order_00300,8147.89,INR,captured,2026-08-29T13:05:00
txn_00301,pay_00301,order_00301,7971.86,INR,captured,2026-08-21T00:20:00
txn_00302,pay_00302,order_00302,1800.33,INR,captured,2026-08-21T03:00:00
txn_00303,pay_00303,order_00303,15821.49,INR,captured,2026-08-13T12:01:00
txn_00304,pay_00304,order_00304,14826.35,INR,captured,2026-08-17T00:24:00
txn_00305,pay_00305,order_00305,12732.69,INR,captured,2026-08-15T03:02:00
txn_00306,pay_00306,order_00306,11597.39,INR,captured,2026-08-02T17:04:00
txn_00307,pay_00307,order_00307,1516.56,INR,captured,2026-08-14T01:33:00
txn_00308,pay_00308,order_00308,2010.6,INR,captured,2026-08-05T02:37:00
txn_00309,pay_00309,order_00309,12725.99,INR,captured,2026-08-22T01:24:00
txn_00310,pay_00310,order_00310,14550.2,INR,captured,2026-08-02T20:48:00
txn_00311,pay_00311,order_00311,11298.37,INR,captured,2026-08-27T00:24:00
txn_00312,pay_00312,order_00312,16330.75,INR,captured,2026-08-15T15:11:00
txn_00313,pay_00313,order_00313,15164.65,INR,captured,2026-08-23T19:37:00
txn_00314,pay_00314,order_00314,3856.44,INR,captured,2026-08-03T19:34:00
txn_00315,pay_00315,order_00315,20293.07,INR,captured,2026-08-16T15:07:00
txn_00316,pay_00316,order_00316,24561.4,INR,captured,2026-08-04T20:06:00
txn_00317,pay_00317,order_00317,12663.27,INR,captured,2026-08-08T20:28:00
txn_00319,pay_00319,order_00319,24775.55,INR,captured,2026-08-24T20:25:00
txn_00320,pay_00320,order_00320,13116.43,INR,captured,2026-08-08T05:23:00
txn_00321,pay_00321,order_00321,9161.06,INR,captured,2026-08-13T20:59:00
txn_00322,pay_00322,order_00322,9746.67,INR,captured,2026-08-16T09:35:00
txn_00323,pay_00323,order_00323,17004.55,INR,captured,2026-08-03T09:11:00
txn_00324,pay_00324,order_00324,19751.75,INR,captured,2026-08-30T11:01:00
txn_00325,pay_00325,order_00325,8432.77,INR,captured,2026-08-16T00:06:00
txn_00326,pay_00326,order_00326,2453.2,INR,captured,2026-08-18T14:13:00
txn_00327,pay_00327,order_00327,7175.26,INR,captured,2026-08-30T21:08:00
txn_00328,pay_00328,order_00328,15107.25,INR,captured,2026-08-07T20:14:00
txn_00330,pay_00330,order_00330,16623.94,INR,captured,2026-08-16T22:05:00
txn_00331,pay_00331,order_00331,7824.77,INR,captured,2026-08-30T20:35:00
txn_00332,pay_00332,order_00332,17492.15,INR,captured,2026-08-18T20:07:00
txn_00333,pay_00333,order_00333,3310.9,INR,captured,2026-08-04T20:32:00
txn_00334,pay_00334,order_00334,7808.59,INR,captured,2026-08-18T03:26:00
txn_00335,pay_00335,order_00335,16122.98,INR,captured,2026-08-15T22:47:00
txn_00336,pay_00336,order_00336,20348.3,INR,captured,2026-08-24T22:57:00
txn_00337,pay_00337,order_00337,2426.98,INR,captured,2026-08-20T06:28:00
txn_00338,pay_00338,order_00338,12761.36,INR,captured,2026-08-01T19:54:00
txn_00339,pay_00339,order_00339,9128.68,INR,captured,2026-08-09T04:53:00
txn_00340,pay_00340,order_00340,23784.12,INR,captured,2026-08-16T13:15:00
txn_00341,pay_00341,order_00341,23696.94,INR,captured,2026-08-23T03:08:00
txn_00342,pay_00342,order_00342,4880.93,INR,captured,2026-08-07T06:15:00
txn_00343,pay_00343,order_00343,3958.13,INR,captured,2026-08-14T11:05:00
txn_00344,pay_00344,order_00344,21126.27,INR,captured,2026-08-05T14:28:00
txn_00345,pay_00345,order_00345,12741.47,INR,captured,2026-08-25T13:34:00
txn_00346,pay_00346,order_00346,20894.48,INR,captured,2026-08-24T23:06:00
txn_00347,pay_00347,order_00347,1039.91,INR,captured,2026-08-16T07:50:00
txn_00348,pay_00348,order_00348,21922.18,INR,captured,2026-08-29T03:03:00
txn_00349,pay_00349,order_00349,3363.12,INR,captured,2026-08-18T03:28:00
txn_00351,pay_00351,order_00351,20245.19,INR,captured,2026-08-08T12:48:00
txn_00352,pay_00352,order_00352,18057.46,INR,captured,2026-08-02T23:43:00
txn_00353,pay_00353,order_00353,16941.44,INR,captured,2026-08-11T19:26:00
txn_00354,pay_00354,order_00354,15303.83,INR,captured,2026-08-21T10:20:00
txn_00355,pay_00355,order_00355,5926.67,INR,captured,2026-08-11T21:14:00
txn_00356,pay_00356,order_00356,7805.75,INR,captured,2026-08-22T08:17:00
txn_00359,pay_00359,order_00359,24612.55,INR,captured,2026-08-22T00:16:00
txn_00360,pay_00360,order_00360,19259.02,INR,captured,2026-08-18T09:06:00
txn_00361,pay_00361,order_00361,10524.65,INR,captured,2026-08-08T09:00:00
txn_00362,pay_00362,order_00362,20440.59,INR,captured,2026-08-28T12:27:00
txn_00363,pay_00363,order_00363,3546.12,INR,captured,2026-08-12T09:04:00
txn_00364,pay_00364,order_00364,1399.28,INR,captured,2026-08-22T20:55:00
txn_00365,pay_00365,order_00365,21865.51,INR,captured,2026-08-26T05:42:00
txn_00366,pay_00366,order_00366,23363.91,INR,captured,2026-08-24T11:30:00
txn_00367,pay_00367,order_00367,21294.03,INR,captured,2026-08-13T23:21:00
txn_00368,pay_00368,order_00368,2188.49,INR,captured,2026-08-08T07:06:00
txn_00369,pay_00369,order_00369,6892.5,INR,captured,2026-08-24T08:43:00
txn_00370,pay_00370,order_00370,3768.98,INR,captured,2026-08-20T21:50:00
txn_00371,pay_00371,order_00371,22771.57,INR,captured,2026-08-21T12:45:00
txn_00372,pay_00372,order_00372,22127.28,INR,captured,2026-08-02T05:07:00
txn_00373,pay_00373,order_00373,10430.93,INR,captured,2026-08-19T01:02:00
txn_00374,pay_00374,order_00374,12599.98,INR,captured,2026-08-11T17:31:00
txn_00375,pay_00375,order_00375,9715.54,INR,captured,2026-08-04T17:08:00
txn_00377,pay_00377,order_00377,8035.25,INR,captured,2026-08-05T12:13:00
txn_00378,pay_00378,order_00378,20995.49,INR,captured,2026-08-30T13:55:00
txn_00379,pay_00379,order_00379,8448.73,INR,captured,2026-08-07T15:31:00
txn_00381,pay_00381,order_00381,22943.16,INR,captured,2026-08-22T12:02:00
txn_00382,pay_00382,order_00382,17432.19,INR,captured,2026-08-07T07:35:00
txn_00383,pay_00383,order_00383,18995.14,INR,captured,2026-08-22T08:23:00
txn_00384,pay_00384,order_00384,11270.18,INR,captured,2026-08-01T05:44:00
txn_00385,pay_00385,order_00385,22655.85,INR,captured,2026-08-01T20:45:00
txn_00386,pay_00386,order_00386,6472.51,INR,captured,2026-08-07T19:18:00
txn_00387,pay_00387,order_00387,13765.23,INR,captured,2026-08-28T17:03:00
txn_00388,pay_00388,order_00388,13241.51,INR,captured,2026-08-06T01:26:00
txn_00389,pay_00389,order_00389,19426.7,INR,captured,2026-08-11T19:33:00
txn_00390,pay_00390,order_00390,7598.66,INR,captured,2026-08-03T04:09:00
txn_00391,pay_00391,order_00391,6037.14,INR,captured,2026-08-30T01:54:00
txn_00392,pay_00392,order_00392,19868.09,INR,captured,2026-08-21T19:17:00
txn_00393,pay_00393,order_00393,1663.9,INR,captured,2026-08-23T17:56:00
txn_00394,pay_00394,order_00394,14958.8,INR,captured,2026-08-01T17:57:00
txn_00395,pay_00395,order_00395,15835.68,INR,captured,2026-08-27T04:06:00
txn_00396,pay_00396,order_00396,6124.26,INR,captured,2026-08-07T12:49:00
txn_00397,pay_00397,order_00397,7352.67,INR,captured,2026-08-01T01:42:00
txn_00398,pay_00398,order_00398,15408.76,INR,captured,2026-08-11T22:45:00
txn_00399,pay_00399,order_00399,14309.53,INR,captured,2026-08-09T12:35:00
txn_00400,pay_00400,order_00400,16642.85,INR,captured,2026-08-04T21:30:00
txn_00402,pay_00402,order_00402,1785.22,INR,captured,2026-08-24T22:35:00
txn_00403,pay_00403,order_00403,13647.64,INR,captured,2026-08-24T02:27:00
txn_00404,pay_00404,order_00404,13898.38,INR,captured,2026-08-18T18:28:00
txn_00405,pay_00405,order_00405,21845.95,INR,captured,2026-08-02T23:33:00
txn_00406,pay_00406,order_00406,15928.2,INR,captured,2026-08-17T23:44:00
txn_00407,pay_00407,order_00407,6415.89,INR,captured,2026-08-01T17:44:00
txn_00408,pay_00408,order_00408,8991.64,INR,captured,2026-08-04T01:47:00
txn_00409,pay_00409,order_00409,8685.58,INR,captured,2026-08-30T21:43:00
txn_00410,pay_00410,order_00410,15743.6,INR,captured,2026-08-27T11:35:00
txn_00411,pay_00411,order_00411,18406.16,INR,captured,2026-08-16T03:11:00
txn_00412,pay_00412,order_00412,3421.9,INR,captured,2026-08-17T00:48:00
txn_00414,pay_00414,order_00414,4459.72,INR,captured,2026-08-22T03:29:00
txn_00415,pay_00415,order_00415,24522.4,INR,captured,2026-08-22T18:41:00
txn_00416,pay_00416,order_00416,15830.22,INR,captured,2026-08-07T03:17:00
txn_00417,pay_00417,order_00417,1671.2,INR,captured,2026-08-21T19:54:00
txn_00418,pay_00418,order_00418,1020.9,INR,captured,2026-08-10T04:11:00
txn_00419,pay_00419,order_00419,1190.78,INR,captured,2026-08-10T01:52:00
txn_00420,pay_00420,order_00420,22156.18,INR,captured,2026-08-15T08:42:00
txn_00421,pay_00421,order_00421,23340.94,INR,captured,2026-08-24T10:56:00
txn_00422,pay_00422,order_00422,10015.78,INR,captured,2026-08-25T17:08:00
txn_00423,pay_00423,order_00423,11887.65,INR,captured,2026-08-02T15:59:00
txn_00424,pay_00424,order_00424,18856.94,INR,captured,2026-08-09T16:44:00
txn_00425,pay_00425,order_00425,7224.16,INR,captured,2026-08-03T04:12:00
txn_00426,pay_00426,order_00426,21658.38,INR,captured,2026-08-16T02:33:00
txn_00427,pay_00427,order_00427,6903.09,INR,captured,2026-08-17T17:58:00
txn_00428,pay_00428,order_00428,10980.09,INR,captured,2026-08-19T04:55:00
txn_00429,pay_00429,order_00429,22376.47,INR,captured,2026-08-18T14:19:00
txn_00430,pay_00430,order_00430,8542.01,INR,captured,2026-08-09T12:03:00
txn_00431,pay_00431,order_00431,12455.46,INR,captured,2026-08-23T15:25:00
txn_00432,pay_00432,order_00432,9246.94,INR,captured,2026-08-24T15:11:00
txn_00433,pay_00433,order_00433,6741.35,INR,captured,2026-08-04T18:14:00
txn_00434,pay_00434,order_00434,18204.32,INR,captured,2026-08-04T14:12:00
txn_00435,pay_00435,order_00435,10822.12,INR,captured,2026-08-09T05:06:00
txn_00436,pay_00436,order_00436,8098.16,INR,captured,2026-08-04T15:27:00
txn_00437,pay_00437,order_00437,8265.21,INR,captured,2026-08-14T10:55:00
txn_00438,pay_00438,order_00438,7731.75,INR,captured,2026-08-28T10:13:00
txn_00440,pay_00440,order_00440,17275.14,INR,captured,2026-08-16T23:58:00
txn_00441,pay_00441,order_00441,11233.53,INR,captured,2026-08-17T01:05:00
txn_00442,pay_00442,order_00442,15409.8,INR,captured,2026-08-20T19:04:00
txn_00443,pay_00443,order_00443,6936.43,INR,captured,2026-08-03T14:39:00
txn_00444,pay_00444,order_00444,1968.53,INR,captured,2026-08-30T00:20:00
txn_00445,pay_00445,order_00445,12875.84,INR,captured,2026-08-08T06:44:00
txn_00446,pay_00446,order_00446,23824.46,INR,captured,2026-08-07T11:57:00
txn_00447,pay_00447,order_00447,21231.87,INR,captured,2026-08-20T22:36:00
txn_00448,pay_00448,order_00448,966.49,INR,captured,2026-08-04T01:26:00
txn_00449,pay_00449,order_00449,5976.28,INR,captured,2026-08-30T08:41:00
txn_00450,pay_00450,order_00450,9221.58,INR,captured,2026-08-18T10:10:00
txn_00451,pay_00451,order_00451,906.39,INR,captured,2026-08-07T23:35:00
txn_00452,pay_00452,order_00452,17008.65,INR,captured,2026-08-17T21:11:00
txn_00453,pay_00453,order_00453,9363.13,INR,captured,2026-08-04T11:58:00
txn_00454,pay_00454,order_00454,14390.65,INR,captured,2026-08-25T02:18:00
txn_00455,pay_00455,order_00455,9237.05,INR,captured,2026-08-15T07:23:00
txn_00456,pay_00456,order_00456,16274.06,INR,captured,2026-08-12T08:38:00
txn_00457,pay_00457,order_00457,24016.95,INR,captured,2026-08-02T04:18:00
txn_00458,pay_00458,order_00458,12526.19,INR,captured,2026-08-18T14:41:00
txn_00459,pay_00459,order_00459,22847.21,INR,captured,2026-08-06T08:37:00
txn_00460,pay_00460,order_00460,6618.24,INR,captured,2026-08-12T20:18:00
txn_00461,pay_00461,order_00461,17630.54,INR,captured,2026-08-10T18:22:00
txn_00462,pay_00462,order_00462,24909.49,INR,captured,2026-08-13T23:55:00
txn_00463,pay_00463,order_00463,17380.12,INR,captured,2026-08-23T08:31:00
txn_00464,pay_00464,order_00464,5084.44,INR,captured,2026-08-07T04:15:00
txn_00465,pay_00465,order_00465,21335.37,INR,captured,2026-08-21T13:45:00
txn_00466,pay_00466,order_00466,4399.14,INR,captured,2026-08-21T06:10:00
txn_00467,pay_00467,order_00467,24931.83,INR,captured,2026-08-15T13:04:00
txn_00468,pay_00468,order_00468,16729.21,INR,captured,2026-08-03T22:55:00
txn_00469,pay_00469,order_00469,7330.02,INR,captured,2026-08-14T15:37:00
txn_00470,pay_00470,order_00470,21298.92,INR,captured,2026-08-30T00:32:00
txn_00471,pay_00471,order_00471,4434.87,INR,captured,2026-08-17T10:50:00
txn_00472,pay_00472,order_00472,12768.02,INR,captured,2026-08-06T12:33:00
txn_00473,pay_00473,order_00473,24629.8,INR,captured,2026-08-07T07:41:00
txn_00474,pay_00474,order_00474,5994.73,INR,captured,2026-08-23T11:36:00
txn_00475,pay_00475,order_00475,754.47,INR,captured,2026-08-26T05:08:00
txn_00476,pay_00476,order_00476,14349.71,INR,captured,2026-08-22T06:31:00
txn_00477,pay_00477,order_00477,13836.01,INR,captured,2026-08-28T20:24:00
txn_00478,pay_00478,order_00478,22117.74,INR,captured,2026-08-03T23:48:00
txn_00479,pay_00479,order_00479,7801.34,INR,captured,2026-08-22T18:49:00
txn_00480,pay_00480,order_00480,13189.82,INR,captured,2026-08-19T15:12:00
txn_00481,pay_00481,order_00481,20601.15,INR,captured,2026-08-04T08:33:00
txn_00482,pay_00482,order_00482,3220.64,INR,captured,2026-08-15T10:16:00
txn_00483,pay_00483,order_00483,16094.23,INR,captured,2026-08-21T11:29:00
txn_00484,pay_00484,order_00484,11699.25,INR,captured,2026-08-24T13:05:00
txn_00485,pay_00485,order_00485,8678.42,INR,captured,2026-08-26T02:10:00
txn_00486,pay_00486,order_00486,16030.87,INR,captured,2026-08-09T06:45:00
txn_00487,pay_00487,order_00487,19217.76,INR,captured,2026-08-06T20:56:00
txn_00488,pay_00488,order_00488,10872.2,INR,captured,2026-08-03T12:31:00
txn_00490,pay_00490,order_00490,3910.09,INR,captured,2026-08-08T11:50:00
txn_00491,pay_00491,order_00491,4132.98,INR,captured,2026-08-11T06:16:00
txn_00492,pay_00492,order_00492,23528.51,INR,captured,2026-08-13T22:15:00
txn_00493,pay_00493,order_00493,21163.75,INR,captured,2026-08-12T09:43:00
txn_00494,pay_00494,order_00494,4987.92,INR,captured,2026-08-26T01:39:00
txn_00495,pay_00495,order_00495,6933.83,INR,captured,2026-08-29T10:41:00
txn_00496,pay_00496,order_00496,7640.33,INR,captured,2026-08-25T06:42:00
txn_00497,pay_00497,order_00497,2426.37,INR,captured,2026-08-30T04:07:00
txn_00498,pay_00498,order_00498,4299.03,INR,captured,2026-08-27T10:13:00
txn_00499,pay_00499,order_00499,3939.44,INR,captured,2026-08-30T23:30:00
txn_00500,pay_00500,order_00500,15649.53,INR,captured,2026-08-28T12:58:00
txn_00501,pay_00501,order_00501,8506.73,INR,captured,2026-08-26T15:37:00
txn_00502,pay_00502,order_00502,1125.74,INR,captured,2026-08-02T06:59:00
txn_00503,pay_00503,order_00503,23718.82,INR,captured,2026-08-27T05:59:00
txn_00504,pay_00504,order_00504,6689.93,INR,captured,2026-08-10T14:15:00
txn_00505,pay_00505,order_00505,19197.28,INR,captured,2026-08-19T23:01:00
txn_00506,pay_00506,order_00506,15490.9,INR,captured,2026-08-02T09:04:00
txn_00507,pay_00507,order_00507,12501.15,INR,captured,2026-08-29T13:01:00
txn_00508,pay_00508,order_00508,16083.49,INR,captured,2026-08-14T17:58:00
txn_00509,pay_00509,order_00509,12125.33,INR,captured,2026-08-19T11:33:00
txn_00510,pay_00510,order_00510,7506.1,INR,captured,2026-08-04T07:42:00
txn_00511,pay_00511,order_00511,17246.48,INR,captured,2026-08-08T04:39:00
txn_00512,pay_00512,order_00512,11046.18,INR,captured,2026-08-23T00:55:00
txn_00513,pay_00513,order_00513,11664.61,INR,captured,2026-08-16T11:34:00
txn_00514,pay_00514,order_00514,15205.84,INR,captured,2026-08-15T05:25:00
txn_00515,pay_00515,order_00515,21550.98,INR,captured,2026-08-15T12:46:00
txn_00516,pay_00516,order_00516,18381.57,INR,captured,2026-08-16T17:14:00
txn_00517,pay_00517,order_00517,24386.82,INR,captured,2026-08-06T22:49:00
txn_00518,pay_00518,order_00518,19040.56,INR,captured,2026-08-24T10:29:00
txn_00519,pay_00519,order_00519,14085.12,INR,captured,2026-08-15T12:33:00
txn_00520,pay_00520,order_00520,6119.27,INR,captured,2026-08-06T13:49:00
txn_00522,pay_00522,order_00522,3607.85,INR,captured,2026-08-03T07:16:00
txn_00523,pay_00523,order_00523,7326.28,INR,captured,2026-08-18T11:35:00
txn_00524,pay_00524,order_00524,21617.68,INR,captured,2026-08-20T00:42:00
txn_00525,pay_00525,order_00525,6281.93,INR,captured,2026-08-08T06:26:00
txn_00526,pay_00526,order_00526,20355.6,INR,captured,2026-08-27T06:59:00
txn_00527,pay_00527,order_00527,18056.1,INR,captured,2026-08-09T15:20:00
txn_00528,pay_00528,order_00528,19101.72,INR,captured,2026-08-23T16:14:00
txn_00529,pay_00529,order_00529,24899.64,INR,captured,2026-08-22T05:53:00
txn_00530,pay_00530,order_00530,12519.12,INR,captured,2026-08-15T01:00:00
txn_00532,pay_00532,order_00532,23636.3,INR,captured,2026-08-24T00:04:00
txn_00533,pay_00533,order_00533,11485.04,INR,captured,2026-08-11T22:56:00
txn_00534,pay_00534,order_00534,8887.09,INR,captured,2026-08-03T07:12:00
txn_00535,pay_00535,order_00535,14978.22,INR,captured,2026-08-30T18:37:00
txn_00536,pay_00536,order_00536,16845.76,INR,captured,2026-08-14T00:06:00
txn_00537,pay_00537,order_00537,13463.6,INR,captured,2026-08-05T21:24:00
txn_00538,pay_00538,order_00538,22073.15,INR,captured,2026-08-17T15:31:00
txn_00539,pay_00539,order_00539,19120.03,INR,captured,2026-08-17T15:42:00
txn_00540,pay_00540,order_00540,1226.54,INR,captured,2026-08-03T07:52:00
txn_00541,pay_00541,order_00541,14300.01,INR,captured,2026-08-09T20:36:00
txn_00542,pay_00542,order_00542,9126.84,INR,captured,2026-08-14T03:13:00
txn_00543,pay_00543,order_00543,1930.94,INR,captured,2026-08-23T22:46:00
txn_00544,pay_00544,order_00544,11313.82,INR,captured,2026-08-26T00:35:00
txn_00545,pay_00545,order_00545,7065.04,INR,captured,2026-08-29T08:44:00
txn_00546,pay_00546,order_00546,17041.93,INR,captured,2026-08-06T09:46:00
txn_00547,pay_00547,order_00547,3303.72,INR,captured,2026-08-05T09:36:00
txn_00548,pay_00548,order_00548,9908.2,INR,captured,2026-08-16T10:22:00
txn_00549,pay_00549,order_00549,13990.01,INR,captured,2026-08-17T15:20:00
txn_00550,pay_00550,order_00550,5056.54,INR,captured,2026-08-24T04:05:00
txn_00551,pay_00551,order_00551,10094.54,INR,captured,2026-08-02T19:58:00
txn_00552,pay_00552,order_00552,1228.05,INR,captured,2026-08-07T05:40:00
txn_00553,pay_00553,order_00553,17868.44,INR,captured,2026-08-22T13:27:00
txn_00554,pay_00554,order_00554,13031.38,INR,captured,2026-08-07T18:40:00
txn_00555,pay_00555,order_00555,15195.89,INR,captured,2026-08-24T11:04:00
txn_00556,pay_00556,order_00556,3580.55,INR,captured,2026-08-28T21:38:00
txn_00557,pay_00557,order_00557,8031.4,INR,captured,2026-08-18T21:12:00
txn_00558,pay_00558,order_00558,24766.33,INR,captured,2026-08-14T14:50:00
txn_00559,pay_00559,order_00559,14883.74,INR,captured,2026-08-24T02:07:00
txn_00560,pay_00560,order_00560,20724.41,INR,captured,2026-08-25T05:27:00
txn_00561,pay_00561,order_00561,12297.18,INR,captured,2026-08-26T14:51:00
txn_00562,pay_00562,order_00562,20412.15,INR,captured,2026-08-17T18:20:00
txn_00563,pay_00563,order_00563,8347.87,INR,captured,2026-08-05T23:43:00
txn_00564,pay_00564,order_00564,24499.46,INR,captured,2026-08-27T13:33:00
txn_00565,pay_00565,order_00565,7761.18,INR,captured,2026-08-29T15:19:00
txn_00566,pay_00566,order_00566,763.51,INR,captured,2026-08-22T14:22:00
txn_00567,pay_00567,order_00567,6711.71,INR,captured,2026-08-30T20:04:00
txn_00568,pay_00568,order_00568,19594.31,INR,captured,2026-08-27T07:50:00
txn_00569,pay_00569,order_00569,14483.1,INR,captured,2026-08-03T08:05:00
txn_00570,pay_00570,order_00570,14629.73,INR,captured,2026-08-08T18:14:00
txn_00571,pay_00571,order_00571,13153.39,INR,captured,2026-08-29T04:55:00
txn_00572,pay_00572,order_00572,19387.69,INR,captured,2026-08-18T07:16:00
txn_00573,pay_00573,order_00573,3779.62,INR,captured,2026-08-12T00:32:00
txn_00574,pay_00574,order_00574,886.11,INR,captured,2026-08-06T00:02:00
txn_00575,pay_00575,order_00575,4850.53,INR,captured,2026-08-21T01:43:00
txn_00576,pay_00576,order_00576,7910.94,INR,captured,2026-08-07T21:24:00
txn_00577,pay_00577,order_00577,10382.71,INR,captured,2026-08-10T06:42:00
txn_00578,pay_00578,order_00578,10318.4,INR,captured,2026-08-28T19:53:00
txn_00579,pay_00579,order_00579,23020.97,INR,captured,2026-08-03T20:01:00
txn_00580,pay_00580,order_00580,17673.8,INR,captured,2026-08-24T14:32:00
txn_00581,pay_00581,order_00581,5262.81,INR,captured,2026-08-15T19:02:00
txn_00582,pay_00582,order_00582,24953.26,INR,captured,2026-08-22T18:30:00
txn_00583,pay_00583,order_00583,13184.38,INR,captured,2026-08-15T06:42:00
txn_00584,pay_00584,order_00584,23921.47,INR,captured,2026-08-21T22:04:00
txn_00585,pay_00585,order_00585,22811.89,INR,captured,2026-08-16T13:54:00
txn_00586,pay_00586,order_00586,13702.2,INR,captured,2026-08-30T06:39:00
txn_00587,pay_00587,order_00587,6682.62,INR,captured,2026-08-23T00:51:00
txn_00588,pay_00588,order_00588,4887.38,INR,captured,2026-08-12T05:15:00
txn_00589,pay_00589,order_00589,7047.26,INR,captured,2026-08-14T14:02:00
txn_00590,pay_00590,order_00590,5699.19,INR,captured,2026-08-14T13:04:00
txn_00591,pay_00591,order_00591,19302.24,INR,captured,2026-08-10T10:24:00
txn_00592,pay_00592,order_00592,17286.97,INR,captured,2026-08-23T06:07:00
txn_00593,pay_00593,order_00593,7994.31,INR,captured,2026-08-16T20:59:00
txn_00594,pay_00594,order_00594,23368.69,INR,captured,2026-08-13T10:41:00
txn_00595,pay_00595,order_00595,7265.96,INR,captured,2026-08-27T02:23:00
txn_00596,pay_00596,order_00596,16947.89,INR,captured,2026-08-18T06:43:00
txn_00597,pay_00597,order_00597,9923.86,INR,captured,2026-08-16T16:58:00
txn_00598,pay_00598,order_00598,23869.76,INR,captured,2026-08-07T15:59:00
txn_00599,pay_00599,order_00599,7332.27,INR,captured,2026-08-14T02:10:00
txn_00600,pay_00600,order_00600,23887.31,INR,captured,2026-08-04T14:19:00
txn_00602,pay_00602,order_00602,16433.7,INR,captured,2026-08-22T19:16:00
txn_00603,pay_00603,order_00603,5428.27,INR,captured,2026-08-25T12:16:00
txn_00604,pay_00604,order_00604,6851.2,INR,captured,2026-08-26T13:52:00
txn_00605,pay_00605,order_00605,17434.67,INR,captured,2026-08-07T05:56:00
txn_00606,pay_00606,order_00606,2819.74,INR,captured,2026-08-27T16:58:00
txn_00607,pay_00607,order_00607,6058.12,INR,captured,2026-08-03T07:26:00
txn_00609,pay_00609,order_00609,5719.22,INR,captured,2026-08-11T14:19:00
txn_00610,pay_00610,order_00610,1407.03,INR,captured,2026-08-19T19:26:00
txn_00611,pay_00611,order_00611,8324.31,INR,captured,2026-08-22T11:59:00
txn_00612,pay_00612,order_00612,2603.57,INR,captured,2026-08-07T06:09:00
txn_00613,pay_00613,order_00613,229.02,INR,captured,2026-08-26T01:07:00
txn_00615,pay_00615,order_00615,10232.0,INR,captured,2026-08-22T15:35:00
txn_00616,pay_00616,order_00616,11988.47,INR,captured,2026-08-10T01:51:00
txn_00618,pay_00618,order_00618,8097.08,INR,captured,2026-08-30T09:29:00
txn_00619,pay_00619,order_00619,1573.15,INR,captured,2026-08-05T01:42:00
txn_00620,pay_00620,order_00620,16342.24,INR,captured,2026-08-11T13:38:00
txn_00621,pay_00621,order_00621,13425.29,INR,captured,2026-08-02T16:44:00
txn_00622,pay_00622,order_00622,22839.42,INR,captured,2026-08-08T23:13:00
txn_00624,pay_00624,order_00624,23354.67,INR,captured,2026-08-02T15:41:00
txn_00625,pay_00625,order_00625,24929.58,INR,captured,2026-08-19T01:37:00
txn_00626,pay_00626,order_00626,19720.22,INR,captured,2026-08-09T11:30:00
txn_00627,pay_00627,order_00627,23421.56,INR,captured,2026-08-14T04:10:00
txn_00628,pay_00628,order_00628,21930.9,INR,captured,2026-08-01T10:07:00
txn_00629,pay_00629,order_00629,15109.3,INR,captured,2026-08-16T05:57:00
txn_00630,pay_00630,order_00630,7185.59,INR,captured,2026-08-30T04:29:00
txn_00631,pay_00631,order_00631,13628.18,INR,captured,2026-08-23T11:29:00
txn_00632,pay_00632,order_00632,22242.57,INR,captured,2026-08-07T02:34:00
txn_00633,pay_00633,order_00633,21291.39,INR,captured,2026-08-22T07:12:00
txn_00634,pay_00634,order_00634,6893.64,INR,captured,2026-08-06T03:02:00
txn_00635,pay_00635,order_00635,8334.03,INR,captured,2026-08-21T21:15:00
txn_00636,pay_00636,order_00636,16242.3,INR,captured,2026-08-09T11:22:00
txn_00637,pay_00637,order_00637,450.7,INR,captured,2026-08-16T08:12:00
txn_00638,pay_00638,order_00638,19790.11,INR,captured,2026-08-26T20:10:00
txn_00640,pay_00640,order_00640,4469.82,INR,captured,2026-08-30T01:39:00
txn_00641,pay_00641,order_00641,20692.05,INR,captured,2026-08-24T10:49:00
txn_00642,pay_00642,order_00642,8265.37,INR,captured,2026-08-19T05:49:00
txn_00643,pay_00643,order_00643,16764.47,INR,captured,2026-08-09T09:49:00
txn_00644,pay_00644,order_00644,11988.61,INR,captured,2026-08-12T06:56:00
txn_00645,pay_00645,order_00645,270.07,INR,captured,2026-08-18T10:57:00
txn_00647,pay_00647,order_00647,23855.47,INR,captured,2026-08-14T17:48:00
txn_00648,pay_00648,order_00648,14603.27,INR,captured,2026-08-27T01:44:00
txn_00649,pay_00649,order_00649,384.75,INR,captured,2026-08-30T17:59:00
txn_00650,pay_00650,order_00650,5983.93,INR,captured,2026-08-06T09:07:00
txn_00651,pay_00651,order_00651,11688.34,INR,captured,2026-08-08T06:27:00
txn_00652,pay_00652,order_00652,10194.87,INR,captured,2026-08-23T20:53:00
txn_00653,pay_00653,order_00653,23085.34,INR,captured,2026-08-15T03:40:00
txn_00654,pay_00654,order_00654,17288.23,INR,captured,2026-08-30T01:38:00
txn_00655,pay_00655,order_00655,22911.65,INR,captured,2026-08-14T10:15:00
txn_00656,pay_00656,order_00656,9251.84,INR,captured,2026-08-11T01:13:00
txn_00657,pay_00657,order_00657,5556.3,INR,captured,2026-08-07T01:53:00
txn_00658,pay_00658,order_00658,12006.73,INR,captured,2026-08-21T16:57:00
txn_00659,pay_00659,order_00659,18718.6,INR,captured,2026-08-28T13:37:00
txn_00660,pay_00660,order_00660,9403.26,INR,captured,2026-08-25T23:54:00
txn_00661,pay_00661,order_00661,22828.64,INR,captured,2026-08-25T11:06:00
txn_00663,pay_00663,order_00663,17040.51,INR,captured,2026-08-28T02:47:00
txn_00664,pay_00664,order_00664,21841.06,INR,captured,2026-08-04T17:25:00
txn_00665,pay_00665,order_00665,13185.12,INR,captured,2026-08-25T00:54:00
txn_00666,pay_00666,order_00666,2044.76,INR,captured,2026-08-26T16:13:00
txn_00667,pay_00667,order_00667,2894.0,INR,captured,2026-08-25T22:10:00
txn_00668,pay_00668,order_00668,22581.92,INR,captured,2026-08-10T04:48:00
txn_00669,pay_00669,order_00669,14360.27,INR,captured,2026-08-07T19:40:00
txn_00670,pay_00670,order_00670,4196.98,INR,captured,2026-08-24T16:21:00
txn_00671,pay_00671,order_00671,11101.83,INR,captured,2026-08-10T08:21:00
txn_00672,pay_00672,order_00672,17951.26,INR,captured,2026-08-23T05:55:00
txn_00673,pay_00673,order_00673,12808.35,INR,captured,2026-08-03T12:46:00
txn_00674,pay_00674,order_00674,11390.46,INR,captured,2026-08-24T08:36:00
txn_00675,pay_00675,order_00675,10444.07,INR,captured,2026-08-26T15:56:00
txn_00676,pay_00676,order_00676,1537.65,INR,captured,2026-08-22T01:02:00
txn_00677,pay_00677,order_00677,16851.92,INR,captured,2026-08-15T00:36:00
txn_00678,pay_00678,order_00678,18109.67,INR,captured,2026-08-19T00:28:00
txn_00679,pay_00679,order_00679,6435.98,INR,captured,2026-08-01T03:17:00
txn_00680,pay_00680,order_00680,18670.53,INR,captured,2026-08-27T07:40:00
txn_00681,pay_00681,order_00681,10650.06,INR,captured,2026-08-03T21:38:00
txn_00683,pay_00683,order_00683,23371.11,INR,captured,2026-08-04T03:23:00
txn_00684,pay_00684,order_00684,24654.82,INR,captured,2026-08-22T11:37:00
txn_00685,pay_00685,order_00685,890.2,INR,captured,2026-08-19T14:35:00
txn_00686,pay_00686,order_00686,4581.54,INR,captured,2026-08-07T03:55:00
txn_00687,pay_00687,order_00687,24460.5,INR,captured,2026-08-30T09:28:00
txn_00688,pay_00688,order_00688,24098.19,INR,captured,2026-08-18T01:00:00
txn_00689,pay_00689,order_00689,24822.13,INR,captured,2026-08-18T09:46:00
txn_00690,pay_00690,order_00690,11268.57,INR,captured,2026-08-18T04:19:00
txn_00691,pay_00691,order_00691,9453.57,INR,captured,2026-08-25T13:03:00
txn_00692,pay_00692,order_00692,3411.45,INR,captured,2026-08-16T19:51:00
txn_00693,pay_00693,order_00693,3053.97,INR,captured,2026-08-25T10:49:00
txn_00694,pay_00694,order_00694,9887.16,INR,captured,2026-08-06T19:05:00
txn_00695,pay_00695,order_00695,5644.99,INR,captured,2026-08-01T03:47:00
txn_00696,pay_00696,order_00696,24464.42,INR,captured,2026-08-22T01:43:00
txn_00697,pay_00697,order_00697,13656.69,INR,captured,2026-08-25T05:00:00
txn_00698,pay_00698,order_00698,9543.98,INR,captured,2026-08-11T10:51:00
txn_00699,pay_00699,order_00699,6263.05,INR,captured,2026-08-16T18:05:00
txn_00700,pay_00700,order_00700,3962.52,INR,captured,2026-08-09T13:52:00
txn_00701,pay_00701,order_00701,23441.52,INR,captured,2026-08-06T03:15:00
txn_00702,pay_00702,order_00702,902.21,INR,captured,2026-08-20T01:55:00
txn_00703,pay_00703,order_00703,15411.59,INR,captured,2026-08-01T17:05:00
txn_00704,pay_00704,order_00704,1775.54,INR,captured,2026-08-28T00:44:00
txn_00705,pay_00705,order_00705,936.05,INR,captured,2026-08-28T04:56:00
txn_00706,pay_00706,order_00706,16833.39,INR,captured,2026-08-03T05:10:00
txn_00707,pay_00707,order_00707,6193.88,INR,captured,2026-08-03T00:19:00
txn_00708,pay_00708,order_00708,10116.41,INR,captured,2026-08-11T15:57:00
txn_00709,pay_00709,order_00709,18884.2,INR,captured,2026-08-03T13:39:00
txn_00710,pay_00710,order_00710,3589.38,INR,captured,2026-08-14T03:57:00
txn_00711,pay_00711,order_00711,5930.62,INR,captured,2026-08-27T05:15:00
txn_00712,pay_00712,order_00712,8040.7,INR,captured,2026-08-28T05:05:00
txn_00713,pay_00713,order_00713,19336.2,INR,captured,2026-08-15T14:15:00
txn_00714,pay_00714,order_00714,5998.91,INR,captured,2026-08-07T12:28:00
txn_00715,pay_00715,order_00715,24643.82,INR,captured,2026-08-24T17:20:00
txn_00716,pay_00716,order_00716,5603.96,INR,captured,2026-08-14T16:13:00
txn_00717,pay_00717,order_00717,6951.33,INR,captured,2026-08-26T08:05:00
txn_00718,pay_00718,order_00718,22004.88,INR,captured,2026-08-08T23:17:00
txn_00719,pay_00719,order_00719,15687.23,INR,captured,2026-08-20T10:37:00
txn_00720,pay_00720,order_00720,13940.68,INR,captured,2026-08-03T03:12:00
txn_00721,pay_00721,order_00721,24310.03,INR,captured,2026-08-30T06:40:00
txn_00722,pay_00722,order_00722,19666.53,INR,captured,2026-08-15T12:08:00
txn_00724,pay_00724,order_00724,3815.52,INR,captured,2026-08-18T03:11:00
txn_00726,pay_00726,order_00726,11890.62,INR,captured,2026-08-11T06:08:00
txn_00727,pay_00727,order_00727,7588.34,INR,captured,2026-08-07T13:40:00
txn_00728,pay_00728,order_00728,20163.83,INR,captured,2026-08-03T14:56:00
txn_00729,pay_00729,order_00729,24197.88,INR,captured,2026-08-26T08:42:00
txn_00730,pay_00730,order_00730,13296.8,INR,captured,2026-08-18T16:15:00
txn_00731,pay_00731,order_00731,6147.18,INR,captured,2026-08-10T06:05:00
txn_00732,pay_00732,order_00732,8323.55,INR,captured,2026-08-04T14:21:00
txn_00733,pay_00733,order_00733,21193.62,INR,captured,2026-08-05T04:59:00
txn_00734,pay_00734,order_00734,13437.32,INR,captured,2026-08-09T16:03:00
txn_00735,pay_00735,order_00735,1383.26,INR,captured,2026-08-18T03:58:00
txn_00736,pay_00736,order_00736,16874.43,INR,captured,2026-08-28T10:33:00
txn_00737,pay_00737,order_00737,1084.73,INR,captured,2026-08-04T07:29:00
txn_00739,pay_00739,order_00739,18135.2,INR,captured,2026-08-26T10:24:00
txn_00740,pay_00740,order_00740,5503.71,INR,captured,2026-08-10T12:09:00
txn_00741,pay_00741,order_00741,21749.9,INR,captured,2026-08-16T03:41:00
txn_00742,pay_00742,order_00742,7649.38,INR,captured,2026-08-01T16:44:00
txn_00743,pay_00743,order_00743,5374.01,INR,captured,2026-08-09T15:33:00
txn_00744,pay_00744,order_00744,24055.73,INR,captured,2026-08-06T08:08:00
txn_00746,pay_00746,order_00746,22869.59,INR,captured,2026-08-28T12:10:00
txn_00747,pay_00747,order_00747,17623.84,INR,captured,2026-08-19T01:13:00
txn_00749,pay_00749,order_00749,9578.48,INR,captured,2026-08-25T06:53:00
txn_00750,pay_00750,order_00750,16253.16,INR,captured,2026-08-15T00:52:00
txn_00751,pay_00751,order_00751,12869.13,INR,captured,2026-08-23T15:09:00
txn_00752,pay_00752,order_00752,11703.5,INR,captured,2026-08-22T08:48:00
txn_00753,pay_00753,order_00753,8073.81,INR,captured,2026-08-10T05:52:00
txn_00754,pay_00754,order_00754,9330.55,INR,captured,2026-08-19T20:07:00
txn_00756,pay_00756,order_00756,18557.18,INR,captured,2026-08-01T17:42:00
txn_00757,pay_00757,order_00757,6593.28,INR,captured,2026-08-27T13:55:00
txn_00758,pay_00758,order_00758,14520.66,INR,captured,2026-08-20T00:06:00
txn_00760,pay_00760,order_00760,8313.65,INR,captured,2026-08-18T06:53:00
txn_00761,pay_00761,order_00761,14287.76,INR,captured,2026-08-12T04:24:00
txn_00762,pay_00762,order_00762,12532.61,INR,captured,2026-08-30T19:00:00
txn_00763,pay_00763,order_00763,23592.27,INR,captured,2026-08-16T08:42:00
txn_00764,pay_00764,order_00764,20557.64,INR,captured,2026-08-30T04:54:00
txn_00765,pay_00765,order_00765,18515.89,INR,captured,2026-08-21T23:20:00
txn_00766,pay_00766,order_00766,4289.02,INR,captured,2026-08-17T00:40:00
txn_00767,pay_00767,order_00767,4314.72,INR,captured,2026-08-25T20:58:00
txn_00768,pay_00768,order_00768,12259.08,INR,captured,2026-08-25T16:09:00
txn_00769,pay_00769,order_00769,24759.06,INR,captured,2026-08-03T16:09:00
txn_00770,pay_00770,order_00770,20992.81,INR,captured,2026-08-04T09:11:00
txn_00771,pay_00771,order_00771,23635.18,INR,captured,2026-08-03T04:59:00
txn_00773,pay_00773,order_00773,3523.54,INR,captured,2026-08-29T16:53:00
txn_00774,pay_00774,order_00774,5862.69,INR,captured,2026-08-07T20:57:00
txn_00775,pay_00775,order_00775,327.62,INR,captured,2026-08-24T00:23:00
txn_00776,pay_00776,order_00776,11454.64,INR,captured,2026-08-03T18:01:00
txn_00777,pay_00777,order_00777,15484.1,INR,captured,2026-08-29T01:24:00
txn_00778,pay_00778,order_00778,22827.51,INR,captured,2026-08-23T04:52:00
txn_00779,pay_00779,order_00779,491.72,INR,captured,2026-08-25T05:19:00
txn_00780,pay_00780,order_00780,13835.92,INR,captured,2026-08-01T12:56:00
txn_00781,pay_00781,order_00781,516.48,INR,captured,2026-08-13T12:05:00
txn_00782,pay_00782,order_00782,13439.88,INR,captured,2026-08-14T01:08:00
txn_00783,pay_00783,order_00783,526.85,INR,captured,2026-08-20T14:18:00
txn_00784,pay_00784,order_00784,20173.58,INR,captured,2026-08-09T03:48:00
txn_00785,pay_00785,order_00785,2764.71,INR,captured,2026-08-05T09:12:00
txn_00786,pay_00786,order_00786,13157.2,INR,captured,2026-08-11T23:12:00
txn_00787,pay_00787,order_00787,4879.11,INR,captured,2026-08-24T23:01:00
txn_00788,pay_00788,order_00788,6385.21,INR,captured,2026-08-17T03:08:00
txn_00790,pay_00790,order_00790,2067.58,INR,captured,2026-08-19T11:29:00
txn_00791,pay_00791,order_00791,11529.04,INR,captured,2026-08-12T01:38:00
txn_00792,pay_00792,order_00792,24756.8,INR,captured,2026-08-11T06:41:00
txn_00793,pay_00793,order_00793,7569.37,INR,captured,2026-08-04T16:03:00
txn_00794,pay_00794,order_00794,16378.02,INR,captured,2026-08-30T13:51:00
txn_00795,pay_00795,order_00795,19013.69,INR,captured,2026-08-05T06:07:00
txn_00796,pay_00796,order_00796,10191.43,INR,captured,2026-08-18T03:58:00
txn_00797,pay_00797,order_00797,13862.27,INR,captured,2026-08-03T13:17:00
txn_00798,pay_00798,order_00798,15955.03,INR,captured,2026-08-08T19:11:00
txn_00799,pay_00799,order_00799,2158.88,INR,captured,2026-08-20T17:56:00
txn_00800,pay_00800,order_00800,16158.19,INR,captured,2026-08-16T01:50:00
txn_00801,pay_00801,order_00801,14189.83,INR,captured,2026-08-05T08:09:00
txn_00802,pay_00802,order_00802,22380.3,INR,captured,2026-08-02T22:28:00
txn_00803,pay_00803,order_00803,22541.7,INR,captured,2026-08-26T19:04:00
txn_00804,pay_00804,order_00804,1259.39,INR,captured,2026-08-04T09:12:00
txn_00805,pay_00805,order_00805,17142.28,INR,captured,2026-08-13T18:14:00
txn_00806,pay_00806,order_00806,22492.86,INR,captured,2026-08-26T15:30:00
txn_00807,pay_00807,order_00807,16486.92,INR,captured,2026-08-09T03:54:00
txn_00808,pay_00808,order_00808,23226.28,INR,captured,2026-08-15T07:30:00
txn_00809,pay_00809,order_00809,489.89,INR,captured,2026-08-10T10:16:00
txn_00810,pay_00810,order_00810,14717.2,INR,captured,2026-08-19T03:02:00
txn_00811,pay_00811,order_00811,23228.99,INR,captured,2026-08-14T14:53:00
txn_00812,pay_00812,order_00812,6087.76,INR,captured,2026-08-18T17:03:00
txn_00813,pay_00813,order_00813,16958.17,INR,captured,2026-08-25T14:26:00
txn_00814,pay_00814,order_00814,8360.07,INR,captured,2026-08-07T08:51:00
txn_00815,pay_00815,order_00815,19783.4,INR,captured,2026-08-04T13:39:00
txn_00816,pay_00816,order_00816,12569.74,INR,captured,2026-08-16T17:46:00
txn_00817,pay_00817,order_00817,10983.5,INR,captured,2026-08-04T11:01:00
txn_00818,pay_00818,order_00818,8580.76,INR,captured,2026-08-28T22:30:00
txn_00820,pay_00820,order_00820,837.68,INR,captured,2026-08-13T10:32:00
txn_00821,pay_00821,order_00821,19610.35,INR,captured,2026-08-21T12:07:00
txn_00822,pay_00822,order_00822,12316.03,INR,captured,2026-08-17T04:38:00
txn_00823,pay_00823,order_00823,13870.64,INR,captured,2026-08-18T02:03:00
txn_00824,pay_00824,order_00824,10853.01,INR,captured,2026-08-27T15:55:00
txn_00825,pay_00825,order_00825,16550.73,INR,captured,2026-08-04T21:36:00
txn_00826,pay_00826,order_00826,19326.97,INR,captured,2026-08-14T10:37:00
txn_00827,pay_00827,order_00827,19971.57,INR,captured,2026-08-04T08:17:00
txn_00828,pay_00828,order_00828,2142.75,INR,captured,2026-08-08T00:27:00
txn_00829,pay_00829,order_00829,9562.0,INR,captured,2026-08-29T20:23:00
txn_00830,pay_00830,order_00830,3941.49,INR,captured,2026-08-18T17:34:00
txn_00831,pay_00831,order_00831,7985.29,INR,captured,2026-08-05T20:22:00
txn_00832,pay_00832,order_00832,23579.71,INR,captured,2026-08-21T05:46:00
txn_00833,pay_00833,order_00833,9061.95,INR,captured,2026-08-13T06:39:00
txn_00834,pay_00834,order_00834,2645.56,INR,captured,2026-08-04T23:21:00
txn_00835,pay_00835,order_00835,4766.06,INR,captured,2026-08-21T10:15:00
txn_00836,pay_00836,order_00836,13968.93,INR,captured,2026-08-24T07:43:00
txn_00837,pay_00837,order_00837,10260.3,INR,captured,2026-08-02T04:41:00
txn_00838,pay_00838,order_00838,2331.51,INR,captured,2026-08-26T05:21:00
txn_00839,pay_00839,order_00839,2417.3,INR,captured,2026-08-28T05:13:00
txn_00840,pay_00840,order_00840,19632.52,INR,captured,2026-08-18T12:46:00
txn_00841,pay_00841,order_00841,407.28,INR,captured,2026-08-19T19:59:00
txn_00842,pay_00842,order_00842,9756.21,INR,captured,2026-08-04T20:30:00
txn_00843,pay_00843,order_00843,18148.61,INR,captured,2026-08-26T11:09:00
txn_00844,pay_00844,order_00844,22639.67,INR,captured,2026-08-12T01:08:00
txn_00845,pay_00845,order_00845,14341.81,INR,captured,2026-08-08T17:13:00
txn_00846,pay_00846,order_00846,17164.37,INR,captured,2026-08-08T17:08:00
txn_00847,pay_00847,order_00847,3557.12,INR,captured,2026-08-14T16:54:00
txn_00848,pay_00848,order_00848,6783.33,INR,captured,2026-08-07T15:23:00
txn_00849,pay_00849,order_00849,1675.35,INR,captured,2026-08-20T18:46:00
txn_00850,pay_00850,order_00850,6971.45,INR,captured,2026-08-14T15:24:00
txn_00851,pay_00851,order_00851,12157.36,INR,captured,2026-08-04T12:01:00
txn_00852,pay_00852,order_00852,9092.01,INR,captured,2026-08-12T05:20:00
txn_00853,pay_00853,order_00853,18050.4,INR,captured,2026-08-23T13:32:00
txn_00854,pay_00854,order_00854,14885.78,INR,captured,2026-08-09T21:35:00
txn_00855,pay_00855,order_00855,11500.75,INR,captured,2026-08-07T03:59:00
txn_00856,pay_00856,order_00856,7685.98,INR,captured,2026-08-19T00:12:00
txn_00857,pay_00857,order_00857,8372.21,INR,captured,2026-08-29T05:24:00
txn_00858,pay_00858,order_00858,9559.26,INR,captured,2026-08-15T23:56:00
txn_00859,pay_00859,order_00859,11061.55,INR,captured,2026-08-20T14:20:00
txn_00860,pay_00860,order_00860,21501.76,INR,captured,2026-08-28T01:14:00
txn_00861,pay_00861,order_00861,3489.5,INR,captured,2026-08-15T14:15:00
txn_00862,pay_00862,order_00862,15119.96,INR,captured,2026-08-10T03:23:00
txn_00863,pay_00863,order_00863,4523.17,INR,captured,2026-08-19T02:59:00
txn_00864,pay_00864,order_00864,24221.26,INR,captured,2026-08-14T06:20:00
txn_00865,pay_00865,order_00865,18398.37,INR,captured,2026-08-29T19:17:00
txn_00866,pay_00866,order_00866,14439.39,INR,captured,2026-08-12T00:47:00
txn_00867,pay_00867,order_00867,8214.57,INR,captured,2026-08-13T18:09:00
txn_00868,pay_00868,order_00868,20430.71,INR,captured,2026-08-18T21:11:00
txn_00869,pay_00869,order_00869,9188.89,INR,captured,2026-08-26T15:52:00
txn_00870,pay_00870,order_00870,5075.02,INR,captured,2026-08-25T19:58:00
txn_00871,pay_00871,order_00871,4580.19,INR,captured,2026-08-26T00:51:00
txn_00872,pay_00872,order_00872,770.21,INR,captured,2026-08-22T00:12:00
txn_00873,pay_00873,order_00873,23580.08,INR,captured,2026-08-10T12:59:00
txn_00875,pay_00875,order_00875,20798.92,INR,captured,2026-08-04T03:32:00
txn_00876,pay_00876,order_00876,20492.24,INR,captured,2026-08-19T14:53:00
txn_00877,pay_00877,order_00877,16857.14,INR,captured,2026-08-07T08:01:00
txn_00878,pay_00878,order_00878,15870.07,INR,captured,2026-08-12T00:21:00
txn_00880,pay_00880,order_00880,17909.39,INR,captured,2026-08-18T03:46:00
txn_00881,pay_00881,order_00881,1941.73,INR,captured,2026-08-28T05:06:00
txn_00882,pay_00882,order_00882,10080.05,INR,captured,2026-08-24T01:21:00
txn_00883,pay_00883,order_00883,23095.04,INR,captured,2026-08-20T00:53:00
txn_00884,pay_00884,order_00884,13636.77,INR,captured,2026-08-17T08:42:00
txn_00885,pay_00885,order_00885,20326.19,INR,captured,2026-08-28T00:36:00
txn_00886,pay_00886,order_00886,2216.05,INR,captured,2026-08-12T07:08:00
txn_00887,pay_00887,order_00887,16474.28,INR,captured,2026-08-17T03:45:00
txn_00888,pay_00888,order_00888,4241.83,INR,captured,2026-08-28T21:12:00
txn_00889,pay_00889,order_00889,1202.99,INR,captured,2026-08-30T08:32:00
txn_00890,pay_00890,order_00890,16969.05,INR,captured,2026-08-19T04:29:00
txn_00891,pay_00891,order_00891,24173.6,INR,captured,2026-08-16T02:11:00
txn_00892,pay_00892,order_00892,10818.34,INR,captured,2026-08-01T11:31:00
txn_00893,pay_00893,order_00893,2555.3,INR,captured,2026-08-11T02:29:00
txn_00894,pay_00894,order_00894,12815.84,INR,captured,2026-08-24T14:39:00
txn_00895,pay_00895,order_00895,13994.04,INR,captured,2026-08-27T04:18:00
txn_00896,pay_00896,order_00896,5603.69,INR,captured,2026-08-18T00:38:00
txn_00897,pay_00897,order_00897,9839.24,INR,captured,2026-08-27T18:53:00
txn_00898,pay_00898,order_00898,3853.55,INR,captured,2026-08-02T02:49:00
txn_00899,pay_00899,order_00899,7456.26,INR,captured,2026-08-04T21:46:00
txn_00900,pay_00900,order_00900,2990.13,INR,captured,2026-08-07T10:44:00
txn_00901,pay_00901,order_00901,8773.38,INR,captured,2026-08-16T14:43:00
txn_00902,pay_00902,order_00902,5251.0,INR,captured,2026-08-22T23:29:00
txn_00903,pay_00903,order_00903,8772.68,INR,captured,2026-08-05T10:37:00
txn_00904,pay_00904,order_00904,11010.33,INR,captured,2026-08-21T14:11:00
txn_00905,pay_00905,order_00905,8040.85,INR,captured,2026-08-14T15:58:00
txn_00906,pay_00906,order_00906,1212.61,INR,captured,2026-08-06T05:42:00
txn_00908,pay_00908,order_00908,16234.45,INR,captured,2026-08-08T11:31:00
txn_00909,pay_00909,order_00909,18538.19,INR,captured,2026-08-24T11:36:00
txn_00910,pay_00910,order_00910,4443.89,INR,captured,2026-08-08T06:54:00
txn_00911,pay_00911,order_00911,8341.64,INR,captured,2026-08-20T09:42:00
txn_00912,pay_00912,order_00912,23965.72,INR,captured,2026-08-11T13:14:00
txn_00913,pay_00913,order_00913,19964.12,INR,captured,2026-08-29T15:51:00
txn_00914,pay_00914,order_00914,4692.85,INR,captured,2026-08-30T03:34:00
txn_00915,pay_00915,order_00915,16466.97,INR,captured,2026-08-19T00:04:00
txn_00916,pay_00916,order_00916,826.89,INR,captured,2026-08-28T22:46:00
txn_00917,pay_00917,order_00917,22089.12,INR,captured,2026-08-21T11:03:00
txn_00918,pay_00918,order_00918,14845.86,INR,captured,2026-08-18T16:42:00
txn_00919,pay_00919,order_00919,210.81,INR,captured,2026-08-10T18:36:00
txn_00920,pay_00920,order_00920,5224.03,INR,captured,2026-08-03T20:20:00
txn_00921,pay_00921,order_00921,20007.61,INR,captured,2026-08-25T10:25:00
txn_00922,pay_00922,order_00922,4755.3,INR,captured,2026-08-15T20:03:00
txn_00923,pay_00923,order_00923,5007.15,INR,captured,2026-08-06T04:28:00
txn_00924,pay_00924,order_00924,21579.65,INR,captured,2026-08-25T00:24:00
txn_00925,pay_00925,order_00925,24151.32,INR,captured,2026-08-15T06:19:00
txn_00926,pay_00926,order_00926,14964.57,INR,captured,2026-08-28T19:42:00
txn_00927,pay_00927,order_00927,9874.35,INR,captured,2026-08-06T04:46:00
txn_00928,pay_00928,order_00928,8763.32,INR,captured,2026-08-21T20:06:00
txn_00929,pay_00929,order_00929,15472.33,INR,captured,2026-08-14T12:53:00
txn_00930,pay_00930,order_00930,22975.2,INR,captured,2026-08-27T20:37:00
txn_00932,pay_00932,order_00932,7898.33,INR,captured,2026-08-11T20:35:00
txn_00933,pay_00933,order_00933,7703.96,INR,captured,2026-08-09T07:56:00
txn_00934,pay_00934,order_00934,9395.32,INR,captured,2026-08-07T10:24:00
txn_00935,pay_00935,order_00935,12819.54,INR,captured,2026-08-20T00:49:00
txn_00936,pay_00936,order_00936,14951.0,INR,captured,2026-08-27T03:50:00
txn_00937,pay_00937,order_00937,9654.38,INR,captured,2026-08-09T10:53:00
txn_00938,pay_00938,order_00938,12218.09,INR,captured,2026-08-25T10:57:00
txn_00939,pay_00939,order_00939,17366.48,INR,captured,2026-08-30T08:47:00
txn_00940,pay_00940,order_00940,4413.55,INR,captured,2026-08-08T14:15:00
txn_00942,pay_00942,order_00942,4758.75,INR,captured,2026-08-21T12:36:00
txn_00943,pay_00943,order_00943,15523.31,INR,captured,2026-08-17T08:09:00
txn_00944,pay_00944,order_00944,23800.86,INR,captured,2026-08-23T01:19:00
txn_00946,pay_00946,order_00946,24099.34,INR,captured,2026-08-24T00:04:00
txn_00947,pay_00947,order_00947,16361.44,INR,captured,2026-08-19T14:53:00
txn_00948,pay_00948,order_00948,17148.95,INR,captured,2026-08-19T21:58:00
txn_00949,pay_00949,order_00949,17782.55,INR,captured,2026-08-21T04:48:00
txn_00950,pay_00950,order_00950,12268.62,INR,captured,2026-08-04T18:17:00
txn_00951,pay_00951,order_00951,14178.41,INR,captured,2026-08-11T00:52:00
txn_00952,pay_00952,order_00952,7373.04,INR,captured,2026-08-13T12:12:00
txn_00953,pay_00953,order_00953,5698.6,INR,captured,2026-08-14T03:18:00
txn_00954,pay_00954,order_00954,4288.4,INR,captured,2026-08-21T19:31:00
txn_00955,pay_00955,order_00955,14184.7,INR,captured,2026-08-23T13:00:00
txn_00956,pay_00956,order_00956,13788.18,INR,captured,2026-08-06T03:39:00
txn_00957,pay_00957,order_00957,14360.58,INR,captured,2026-08-13T04:36:00
txn_00958,pay_00958,order_00958,19400.31,INR,captured,2026-08-17T16:42:00
txn_00959,pay_00959,order_00959,18943.98,INR,captured,2026-08-21T02:05:00
txn_00961,pay_00961,order_00961,2650.17,INR,captured,2026-08-30T17:59:00
txn_00962,pay_00962,order_00962,18808.5,INR,captured,2026-08-14T13:10:00
txn_00963,pay_00963,order_00963,21882.77,INR,captured,2026-08-02T11:12:00
txn_00965,pay_00965,order_00965,21568.77,INR,captured,2026-08-04T23:00:00
txn_00966,pay_00966,order_00966,11032.84,INR,captured,2026-08-06T08:13:00
txn_00967,pay_00967,order_00967,19413.23,INR,captured,2026-08-11T18:48:00
txn_00968,pay_00968,order_00968,5325.97,INR,captured,2026-08-27T18:10:00
txn_00969,pay_00969,order_00969,17259.43,INR,captured,2026-08-28T18:34:00
txn_00970,pay_00970,order_00970,15855.99,INR,captured,2026-08-08T13:17:00
txn_00971,pay_00971,order_00971,15442.16,INR,captured,2026-08-10T09:41:00
txn_00972,pay_00972,order_00972,20155.47,INR,captured,2026-08-26T22:40:00
txn_00973,pay_00973,order_00973,7099.02,INR,captured,2026-08-25T12:28:00
txn_00974,pay_00974,order_00974,24477.1,INR,captured,2026-08-14T07:38:00
txn_00975,pay_00975,order_00975,7304.4,INR,captured,2026-08-13T04:00:00
txn_00976,pay_00976,order_00976,23814.69,INR,captured,2026-08-24T09:52:00
txn_00977,pay_00977,order_00977,24638.66,INR,captured,2026-08-05T08:00:00
txn_00978,pay_00978,order_00978,3476.16,INR,captured,2026-08-19T17:34:00
txn_00979,pay_00979,order_00979,22977.34,INR,captured,2026-08-13T14:54:00
txn_00980,pay_00980,order_00980,21689.49,INR,captured,2026-08-06T18:35:00
txn_00981,pay_00981,order_00981,17565.52,INR,captured,2026-08-07T00:56:00
txn_00982,pay_00982,order_00982,6316.96,INR,captured,2026-08-15T15:48:00
txn_00983,pay_00983,order_00983,20729.2,INR,captured,2026-08-18T20:56:00
txn_00984,pay_00984,order_00984,12287.52,INR,captured,2026-08-27T06:42:00
txn_00985,pay_00985,order_00985,15846.81,INR,captured,2026-08-29T13:44:00
txn_00986,pay_00986,order_00986,10414.2,INR,captured,2026-08-21T13:41:00
txn_00987,pay_00987,order_00987,1980.36,INR,captured,2026-08-05T05:41:00
txn_00988,pay_00988,order_00988,10130.98,INR,captured,2026-08-13T15:53:00
txn_00989,pay_00989,order_00989,17398.12,INR,captured,2026-08-17T19:07:00
txn_00990,pay_00990,order_00990,11421.92,INR,captured,2026-08-23T05:04:00
txn_00991,pay_00991,order_00991,161.58,INR,captured,2026-08-05T05:44:00
txn_00992,pay_00992,order_00992,18300.21,INR,captured,2026-08-21T20:44:00
txn_00993,pay_00993,order_00993,15907.53,INR,captured,2026-08-17T07:16:00
txn_00994,pay_00994,order_00994,21267.65,INR,captured,2026-08-25T07:44:00
txn_00995,pay_00995,order_00995,10003.13,INR,captured,2026-08-20T13:17:00
txn_00996,pay_00996,order_00996,20638.71,INR,captured,2026-08-23T12:21:00
txn_00997,pay_00997,order_00997,6786.57,INR,captured,2026-08-13T21:45:00
txn_00998,pay_00998,order_00998,8510.1,INR,captured,2026-08-27T07:15:00
txn_00999,pay_00999,order_00999,3351.8,INR,captured,2026-08-23T02:07:00
txn_01000,pay_01000,order_01000,19728.76,INR,captured,2026-08-03T04:52:00
