transaction_id,settlement_id,payment_id,gross_amount,fee,tax,net_amount,currency,settlement_date
txn_00001,set_00001,pay_00001,10272.09,205.44,36.98,10029.67,INR,2026-08-30
txn_00002,set_00002,pay_00002,11800.82,236.02,42.48,11522.32,INR,2026-08-04
txn_00003,set_00003,pay_00003,5863.76,117.28,21.11,5725.37,INR,2026-08-15
txn_00004,set_00004,pay_00004,17604.39,352.09,63.38,17188.92,INR,2026-08-23
txn_00005,set_00005,pay_00005,1872.38,37.45,6.74,1828.19,INR,2026-08-13
txn_00006,set_00006,pay_00006,23105.39,462.11,83.18,22560.1,INR,2026-08-31
txn_00007,set_00007,pay_00007,14785.76,295.72,53.23,14436.81,INR,2026-08-12
txn_00008,set_00008,pay_00008,10685.96,213.72,38.47,10433.77,INR,2026-08-27
txn_00009,set_00009,pay_00009,5697.76,113.96,20.51,5563.29,INR,2026-08-09
txn_00010,set_00010,pay_00010,22719.44,454.39,81.79,22183.26,INR,2026-08-09
txn_00011,set_00011,pay_00011,1878.1,37.56,6.76,1833.78,INR,2026-08-10
txn_00012,set_00012,pay_00012,19836.45,396.73,71.41,19368.31,INR,2026-08-30
txn_00013,set_00013,pay_00013,18749.05,374.98,67.5,18306.57,INR,2026-08-28
txn_00014,set_00014,pay_00014,23037.69,460.75,82.94,22494.0,INR,2026-08-22
txn_00015,set_00015,pay_00015,3196.41,63.93,11.51,3120.97,INR,2026-08-16
txn_00016,set_00016,pay_00016,23572.64,471.45,84.86,23016.33,INR,2026-08-25
txn_00017,set_00017,pay_00017,13545.54,270.91,48.76,13225.87,INR,2026-08-22
txn_00018,set_00018,pay_00018,2103.0,42.06,7.57,2053.37,INR,2026-08-04
txn_00019,set_00019,pay_00019,22246.63,444.93,80.09,21721.61,INR,2026-08-17
txn_00020,set_00020,pay_00020,744.04,14.88,2.68,726.48,INR,2026-08-13
txn_00021,set_00021,pay_00021,24051.59,481.03,86.59,23483.97,INR,2026-08-29
txn_00022,set_00022,pay_00022,14719.36,294.39,52.99,14371.98,INR,2026-08-03
txn_00023,set_00023,pay_00023,24989.35,499.79,89.96,24399.6,INR,2026-08-15
txn_00024,set_00024,pay_00024,14448.55,288.97,52.01,14107.57,INR,2026-08-10
txn_00025,set_00025,pay_00025,11815.47,236.31,42.54,11536.62,INR,2026-09-01
txn_00026,set_00026,pay_00026,11111.51,222.23,40.0,10849.28,INR,2026-08-15
txn_00027,set_00027,pay_00027,4619.08,92.38,16.63,4510.07,INR,2026-08-29
txn_00028,set_00028,pay_00028,10953.54,219.07,39.43,10695.04,INR,2026-08-25
txn_00029,set_00029,pay_00029,24229.48,484.59,87.23,23657.66,INR,2026-08-24
txn_00030,set_00030,pay_00030,8764.23,175.28,31.55,8557.4,INR,2026-08-18
txn_00031,set_00031,pay_00031,8094.35,161.89,29.14,7903.32,INR,2026-08-07
txn_00032,set_00032,pay_00032,21457.55,429.15,77.25,20951.15,INR,2026-08-18
txn_00033,set_00033,pay_00033,10349.96,207.0,37.26,10105.7,INR,2026-08-25
txn_00034,set_00034,pay_00034,7276.62,145.53,26.2,7104.89,INR,2026-08-21
txn_00035,set_00035,pay_00035,20357.79,407.16,73.29,19877.34,INR,2026-08-28
txn_00036,set_00036,pay_00036,1013.76,20.28,3.65,989.83,INR,2026-08-07
txn_00037,set_00037,pay_00037,7931.48,158.63,28.55,7744.3,INR,2026-08-17
txn_00038,set_00038,pay_00038,2986.45,59.73,10.75,2915.97,INR,2026-08-21
txn_00039,set_00039,pay_00039,20640.69,412.81,74.31,20153.57,INR,2026-08-03
txn_00040,set_00040,pay_00040,16475.74,329.51,59.31,16086.92,INR,2026-08-27
txn_00041,set_00041,pay_00041,11603.21,232.06,41.77,11329.38,INR,2026-08-05
txn_00042,set_00042,pay_00042,4770.81,95.42,17.18,4658.21,INR,2026-08-19
txn_00043,set_00043,pay_00043,15603.58,312.07,56.17,15235.34,INR,2026-08-25
txn_00044,set_00044,pay_00044,15672.68,313.45,56.42,15302.81,INR,2026-08-05
txn_00045,set_00045,pay_00045,5168.6,103.37,18.61,5046.62,INR,2026-08-27
txn_00046,set_00046,pay_00046,3362.23,67.24,12.1,3282.89,INR,2026-08-16
txn_00047,set_00047,pay_00047,11009.09,220.18,39.63,10749.28,INR,2026-08-25
txn_00048,set_00048,pay_00048,3123.51,62.47,11.24,3049.8,INR,2026-08-31
txn_00049,set_00049,pay_00049,15260.9,305.22,54.94,14900.74,INR,2026-08-13
txn_00050,set_00050,pay_00050,7837.68,156.75,28.21,7652.72,INR,2026-08-03
txn_00051,set_00051,pay_00051,13851.06,277.02,49.86,13524.18,INR,2026-08-07
txn_00052,set_00052,pay_00052,5695.05,113.9,20.5,5560.65,INR,2026-08-08
txn_00053,set_00053,pay_00053,11590.05,231.8,41.72,11316.53,INR,2026-08-08
txn_00054,set_00054,pay_00054,16227.97,324.56,58.42,15844.99,INR,2026-08-10
txn_00055,set_00055,pay_00055,12509.55,250.19,45.03,12214.33,INR,2026-08-16
txn_00056,set_00056,pay_00056,12770.91,255.42,45.98,12469.51,INR,2026-08-15
txn_00057,set_00057,pay_00057,10445.71,208.91,37.6,10199.2,INR,2026-08-24
txn_00058,set_00058,pay_00058,6168.9,123.38,22.21,6023.31,INR,2026-08-28
txn_00059,set_00059,pay_00059,3701.59,74.03,13.33,3614.23,INR,2026-08-11
txn_00060,set_00060,pay_00060,23054.52,461.09,83.0,22510.43,INR,2026-08-26
txn_00061,set_00061,pay_00061,18682.68,373.65,67.26,18241.77,INR,2026-08-09
txn_00062,set_00062,pay_00062,21614.27,432.29,77.81,21104.17,INR,2026-08-15
txn_00063,set_00063,pay_00063,19339.61,386.79,69.62,18883.2,INR,2026-08-21
txn_00064,set_00064,pay_00064,8562.89,171.26,30.83,8360.8,INR,2026-08-26
txn_00065,set_00065,pay_00065,6752.6,135.05,24.31,6593.24,INR,2026-08-03
txn_00066,set_00066,pay_00066,7142.69,142.85,25.71,6974.13,INR,2026-08-16
txn_00067,set_00067,pay_00067,20953.15,419.06,75.43,20458.66,INR,2026-08-29
txn_00068,set_00068,pay_00068,24972.67,499.45,89.9,24383.32,INR,2026-08-25
txn_00069,set_00069,pay_00069,21644.99,432.9,77.92,21134.17,INR,2026-08-23
txn_00070,set_00070,pay_00070,13510.66,270.21,48.64,13191.81,INR,2026-08-18
txn_00071,set_00071,pay_00071,8377.75,167.56,30.16,8180.03,INR,2026-08-27
txn_00072,set_00072,pay_00072,9492.53,189.85,34.17,9268.51,INR,2026-08-17
txn_00073,set_00073,pay_00073,21753.08,435.06,78.31,21239.71,INR,2026-08-13
txn_00074,set_00074,pay_00074,14337.76,286.76,51.62,13999.38,INR,2026-08-13
txn_00075,set_00075,pay_00075,21414.72,428.29,77.09,20909.34,INR,2026-08-21
txn_00076,set_00076,pay_00076,1186.82,23.74,4.27,1158.81,INR,2026-08-24
txn_00077,set_00077,pay_00077,17660.17,353.2,63.58,17243.39,INR,2026-08-20
txn_00078,set_00078,pay_00078,16625.85,332.52,59.85,16233.48,INR,2026-09-01
txn_00079,set_00079,pay_00079,24522.37,490.45,88.28,23943.64,INR,2026-08-25
txn_00080,set_00080,pay_00080,24124.13,482.48,86.85,23554.8,INR,2026-08-08
txn_00081,set_00081,pay_00081,12607.05,252.14,45.39,12309.52,INR,2026-08-29
txn_00082,set_00082,pay_00082,8366.67,167.33,30.12,8169.22,INR,2026-08-07
txn_00083,set_00083,pay_00083,21867.34,437.35,78.72,21351.27,INR,2026-08-23
txn_00084,set_00084,pay_00084,2582.82,51.66,9.3,2521.86,INR,2026-08-23
txn_00085,set_00085,pay_00085,482.16,9.64,1.74,470.78,INR,2026-08-09
txn_00086,set_00086,pay_00086,10308.47,206.17,37.11,10065.19,INR,2026-09-01
txn_00087,set_00087,pay_00087,24251.92,485.04,87.31,23679.57,INR,2026-08-06
txn_00088,set_00088,pay_00088,11790.32,235.81,42.45,11512.06,INR,2026-08-15
txn_00089,set_00089,pay_00089,8530.17,170.6,30.71,8328.86,INR,2026-08-21
txn_00090,set_00090,pay_00090,16280.93,325.62,58.61,15896.7,INR,2026-08-17
txn_00091,set_00091,pay_00091,21323.3,426.47,76.76,20820.07,INR,2026-08-27
txn_00092,set_00092,pay_00092,7984.86,159.7,28.75,7796.41,INR,2026-08-25
txn_00093,set_00093,pay_00093,21822.34,436.45,78.56,21307.33,INR,2026-08-04
txn_00094,set_00094,pay_00094,15474.74,309.49,55.71,15109.54,INR,2026-08-13
txn_00095,set_00095,pay_00095,15815.91,316.32,56.94,15442.65,INR,2026-08-16
txn_00096,set_00096,pay_00096,24935.91,498.72,89.77,24347.42,INR,2026-08-07
txn_00097,set_00097,pay_00097,10905.89,218.12,39.26,10648.51,INR,2026-08-07
txn_00098,set_00098,pay_00098,19033.21,380.66,68.52,18584.03,INR,2026-08-07
txn_00099,set_00099,pay_00099,11147.6,222.95,40.13,10884.52,INR,2026-08-16
txn_00100,set_00100,pay_00100,22595.26,451.91,81.34,22062.01,INR,2026-08-05
txn_00101,set_00101,pay_00101,8176.93,163.54,29.44,7983.95,INR,2026-08-05
txn_00102,set_00102,pay_00102,9433.54,188.67,33.96,9210.91,INR,2026-08-09
txn_00103,set_00103,pay_00103,6180.52,123.61,22.25,6034.66,INR,2026-08-21
txn_00104,set_00104,pay_00104,14191.61,283.83,51.09,13856.69,INR,2026-08-11
txn_00105,set_00105,pay_00105,4332.59,86.65,15.6,4230.34,INR,2026-08-06
txn_00106,set_00106,pay_00106,15276.35,305.53,55.0,14915.82,INR,2026-08-20
txn_00107,set_00107,pay_00107,15530.79,310.62,55.91,15164.26,INR,2026-08-13
txn_00108,set_00108,pay_00108,12491.91,249.84,44.97,12197.1,INR,2026-08-29
txn_00109,set_00109,pay_00109,11582.63,231.65,41.7,11309.28,INR,2026-08-14
txn_00110,set_00110,pay_00110,11543.31,230.87,41.56,11270.88,INR,2026-08-03
txn_00111,set_00111,pay_00111,22482.82,449.66,80.94,21952.22,INR,2026-08-24
txn_00112,set_00112,pay_00112,22540.11,450.8,81.14,22008.17,INR,2026-08-27
txn_00113,set_00113,pay_00113,4033.59,80.67,14.52,3938.4,INR,2026-08-23
txn_00114,set_00114,pay_00114,23636.37,472.73,85.09,23078.55,INR,2026-08-29
txn_00115,set_00115,pay_00115,7548.94,150.98,27.18,7370.78,INR,2026-08-22
txn_00116,set_00116,pay_00116,17288.81,345.78,62.24,16880.79,INR,2026-08-23
txn_00117,set_00117,pay_00117,21148.07,422.96,76.13,20648.98,INR,2026-08-12
txn_00118,set_00118,pay_00118,24984.4,499.69,89.94,24394.77,INR,2026-08-24
txn_00119,set_00119,pay_00119,2755.67,55.11,9.92,2690.64,INR,2026-08-20
txn_00120,set_00120,pay_00120,14340.88,286.82,51.63,14002.43,INR,2026-08-29
txn_00121,set_00121,pay_00121,7467.22,149.34,26.88,7291.0,INR,2026-08-16
txn_00122,set_00122,pay_00122,646.3,12.93,2.33,631.04,INR,2026-09-01
txn_00123,set_00123,pay_00123,9955.56,199.11,35.84,9720.61,INR,2026-08-03
txn_00124,set_00124,pay_00124,17176.41,343.53,61.84,16771.04,INR,2026-08-05
txn_00125,set_00125,pay_00125,22774.36,455.49,81.99,22236.88,INR,2026-08-25
txn_00126,set_00126,pay_00126,20837.69,416.75,75.02,20345.92,INR,2026-08-16
txn_00127,set_00127,pay_00127,19415.95,388.32,69.9,18957.73,INR,2026-08-13
txn_00128,set_00128,pay_00128,15215.92,304.32,54.78,14856.82,INR,2026-08-19
txn_00129,set_00129,pay_00129,4834.29,96.69,17.4,4720.2,INR,2026-08-14
txn_00130,set_00130,pay_00130,16976.34,339.53,61.12,16575.69,INR,2026-09-02
txn_00131,set_00131,pay_00131,17053.29,341.07,61.39,16650.83,INR,2026-08-09
txn_00132,set_00132,pay_00132,15743.38,314.87,56.68,15371.83,INR,2026-08-31
txn_00133,set_00133,pay_00133,16193.88,323.88,58.3,15811.7,INR,2026-08-17
txn_00134,set_00134,pay_00134,19736.4,394.73,71.05,19270.62,INR,2026-08-04
txn_00135,set_00135,pay_00135,14531.39,290.63,52.31,14188.45,INR,2026-08-08
txn_00136,set_00136,pay_00136,2344.32,46.89,8.44,2288.99,INR,2026-08-16
txn_00137,set_00137,pay_00137,8235.31,164.71,29.65,8040.95,INR,2026-08-21
txn_00138,set_00138,pay_00138,4473.44,89.47,16.1,4367.87,INR,2026-08-09
txn_00139,set_00139,pay_00139,19684.17,393.68,70.86,19219.63,INR,2026-08-19
txn_00140,set_00140,pay_00140,13318.22,266.36,47.94,13003.92,INR,2026-08-15
txn_00141,set_00141,pay_00141,20778.77,415.58,74.8,20288.39,INR,2026-08-14
txn_00142,set_00142,pay_00142,22859.82,457.2,82.3,22320.32,INR,2026-08-24
txn_00143,set_00143,pay_00143,24187.86,483.76,87.08,23617.02,INR,2026-08-16
txn_00144,set_00144,pay_00144,18689.33,373.79,67.28,18248.26,INR,2026-08-18
txn_00145,set_00145,pay_00145,20125.39,402.51,72.45,19650.43,INR,2026-08-24
txn_00146,set_00146,pay_00146,3604.85,72.1,12.98,3519.77,INR,2026-08-13
txn_00147,set_00147,pay_00147,21517.5,430.35,77.46,21009.69,INR,2026-08-21
txn_00148,set_00148,pay_00148,24185.02,483.7,87.07,23614.25,INR,2026-08-28
txn_00149,set_00149,pay_00149,9207.8,184.16,33.15,8990.49,INR,2026-08-20
txn_00150,set_00150,pay_00150,446.57,8.93,1.61,436.03,INR,2026-08-27
txn_00151,set_00151,pay_00151,9277.78,185.56,33.4,9058.82,INR,2026-08-14
txn_00152,set_00152,pay_00152,20578.19,411.56,74.08,20092.55,INR,2026-08-19
txn_00153,set_00153,pay_00153,2797.82,55.96,10.07,2731.79,INR,2026-08-13
txn_00154,set_00154,pay_00154,11839.77,236.8,42.62,11560.35,INR,2026-08-31
txn_00155,set_00155,pay_00155,22117.45,442.35,79.62,21595.48,INR,2026-08-28
txn_00156,set_00156,pay_00156,8267.36,165.35,29.76,8072.25,INR,2026-08-30
txn_00157,set_00157,pay_00157,5612.04,112.24,20.2,5479.6,INR,2026-08-05
txn_00158,set_00158,pay_00158,15921.56,318.43,57.32,15545.81,INR,2026-08-24
txn_00159,set_00159,pay_00159,22743.75,454.88,81.88,22206.99,INR,2026-08-16
txn_00160,set_00160,pay_00160,3005.23,60.1,10.82,2934.31,INR,2026-08-05
txn_00161,set_00161,pay_00161,7678.68,153.57,27.64,7497.47,INR,2026-08-25
txn_00162,set_00162,pay_00162,2991.4,59.83,10.77,2920.8,INR,2026-08-13
txn_00163,set_00163,pay_00163,22192.76,443.86,79.89,21669.01,INR,2026-08-09
txn_00164,set_00164,pay_00164,9777.28,195.55,35.2,9546.53,INR,2026-08-19
txn_00165,set_00165,pay_00165,16795.11,335.9,60.46,16398.75,INR,2026-08-27
txn_00166,set_00166,pay_00166,10536.26,210.73,37.93,10287.6,INR,2026-08-10
txn_00167,set_00167,pay_00167,16407.56,328.15,59.07,16020.34,INR,2026-08-25
txn_00168,set_00168,pay_00168,15429.74,308.59,55.55,15065.6,INR,2026-08-15
txn_00169,set_00169,pay_00169,914.64,18.29,3.29,893.06,INR,2026-08-19
txn_00170,set_00170,pay_00170,5510.02,110.2,19.84,5379.98,INR,2026-08-23
txn_00171,set_00171,pay_00171,23768.82,475.38,85.57,23207.87,INR,2026-08-19
txn_00172,set_00172,pay_00172,2573.93,51.48,9.27,2513.18,INR,2026-08-19
txn_00173,set_00173,pay_00173,13657.2,273.14,49.17,13334.89,INR,2026-09-01
txn_00174,set_00174,pay_00174,9030.98,180.62,32.51,8817.85,INR,2026-08-21
txn_00175,set_00175,pay_00175,6969.45,139.39,25.09,6804.97,INR,2026-08-08
txn_00176,set_00176,pay_00176,20622.36,412.45,74.24,20135.67,INR,2026-08-07
txn_00177,set_00177,pay_00177,16602.94,332.06,59.77,16211.11,INR,2026-09-01
txn_00178,set_00178,pay_00178,24280.22,485.6,87.41,23707.21,INR,2026-08-05
txn_00179,set_00179,pay_00179,19691.19,393.82,70.89,19226.48,INR,2026-08-14
txn_00180,set_00180,pay_00180,24721.64,494.43,89.0,24138.21,INR,2026-08-28
txn_00181,set_00181,pay_00181,5209.62,104.19,18.75,5086.68,INR,2026-08-28
txn_00182,set_00182,pay_00182,5258.22,105.16,18.93,5134.13,INR,2026-08-12
txn_00183,set_00183,pay_00183,20345.02,406.9,73.24,19864.88,INR,2026-08-13
txn_00184,set_00184,pay_00184,8281.13,165.62,29.81,8085.7,INR,2026-08-09
txn_00185,set_00185,pay_00185,19737.23,394.74,71.05,19271.44,INR,2026-08-30
txn_00186,set_00186,pay_00186,170.61,3.41,0.61,166.59,INR,2026-08-09
txn_00187,set_00187,pay_00187,24789.43,495.79,89.24,24204.4,INR,2026-08-27
txn_00188,set_00188,pay_00188,6341.29,126.83,22.83,6191.63,INR,2026-08-10
txn_00189,set_00189,pay_00189,2837.17,56.74,10.21,2770.22,INR,2026-08-04
txn_00190,set_00190,pay_00190,3381.9,67.64,12.18,3302.08,INR,2026-08-19
txn_00191,set_00191,pay_00191,19770.62,395.41,71.17,19304.04,INR,2026-08-13
txn_00192,set_00192,pay_00192,14762.44,295.25,53.14,14414.05,INR,2026-08-03
txn_00193,set_00193,pay_00193,4438.73,88.77,15.98,4333.98,INR,2026-08-05
txn_00194,set_00194,pay_00194,3256.29,65.13,11.72,3179.44,INR,2026-08-22
txn_00195,set_00195,pay_00195,13199.53,263.99,47.52,12888.02,INR,2026-08-05
txn_00196,set_00196,pay_00196,11958.52,239.17,43.05,11676.3,INR,2026-08-19
txn_00197,set_00197,pay_00197,12879.63,257.59,46.37,12575.67,INR,2026-08-07
txn_00198,set_00198,pay_00198,5616.59,112.33,20.22,5484.04,INR,2026-08-30
txn_00199,set_00199,pay_00199,1179.79,23.6,4.25,1151.94,INR,2026-09-01
txn_00200,set_00200,pay_00200,13084.14,261.68,47.1,12775.36,INR,2026-08-23
txn_00201,set_00201,pay_00201,16119.18,322.38,58.03,15738.77,INR,2026-08-04
txn_00202,set_00202,pay_00202,1614.55,32.29,5.81,1576.45,INR,2026-08-24
txn_00203,set_00203,pay_00203,21197.73,423.95,76.31,20697.47,INR,2026-08-22
txn_00204,set_00204,pay_00204,17183.83,343.68,61.86,16778.29,INR,2026-08-25
txn_00205,set_00205,pay_00205,17838.79,356.78,64.22,17417.79,INR,2026-08-23
txn_00206,set_00206,pay_00206,1929.92,38.6,6.95,1884.37,INR,2026-08-06
txn_00207,set_00207,pay_00207,8220.58,164.41,29.59,8026.58,INR,2026-08-09
txn_00208,set_00208,pay_00208,1735.49,34.71,6.25,1694.53,INR,2026-08-15
txn_00209,set_00209,pay_00209,15645.51,312.91,56.32,15276.28,INR,2026-08-29
txn_00210,set_00210,pay_00210,13754.08,275.08,49.51,13429.49,INR,2026-08-17
txn_00211,set_00211,pay_00211,9584.52,191.69,34.5,9358.33,INR,2026-08-30
txn_00212,set_00212,pay_00212,13310.87,266.22,47.92,12996.73,INR,2026-08-23
txn_00213,set_00213,pay_00213,12688.22,253.76,45.68,12388.78,INR,2026-08-22
txn_00214,set_00214,pay_00214,2569.54,51.39,9.25,2508.9,INR,2026-08-08
txn_00215,set_00215,pay_00215,21334.54,426.69,76.8,20831.05,INR,2026-09-01
txn_00216,set_00216,pay_00216,21954.88,439.1,79.04,21436.74,INR,2026-08-28
txn_00217,set_00217,pay_00217,18048.91,360.98,64.98,17622.95,INR,2026-08-12
txn_00218,set_00218,pay_00218,10808.74,216.17,38.91,10553.66,INR,2026-08-13
txn_00219,set_00219,pay_00219,10403.96,208.08,37.45,10158.43,INR,2026-08-23
txn_00220,set_00220,pay_00220,10028.38,200.57,36.1,9791.71,INR,2026-08-07
txn_00221,set_00221,pay_00221,7882.45,157.65,28.38,7696.42,INR,2026-08-17
txn_00222,set_00222,pay_00222,16661.19,333.22,59.98,16267.99,INR,2026-08-20
txn_00223,set_00223,pay_00223,23844.45,476.89,85.84,23281.72,INR,2026-08-24
txn_00224,set_00224,pay_00224,1771.62,35.43,6.38,1729.81,INR,2026-08-06
txn_00225,set_00225,pay_00225,2421.43,48.43,8.72,2364.28,INR,2026-08-07
txn_00226,set_00226,pay_00226,18640.27,372.81,67.11,18200.35,INR,2026-08-19
txn_00227,set_00227,pay_00227,20313.06,406.26,73.13,19833.67,INR,2026-08-28
txn_00228,set_00228,pay_00228,1593.53,31.87,5.74,1555.92,INR,2026-08-28
txn_00229,set_00229,pay_00229,14085.92,281.72,50.71,13753.49,INR,2026-08-08
txn_00230,set_00230,pay_00230,10329.13,206.58,37.18,10085.37,INR,2026-08-22
txn_00231,set_00231,pay_00231,21715.49,434.31,78.18,21203.0,INR,2026-08-05
txn_00232,set_00232,pay_00232,24213.13,484.26,87.17,23641.7,INR,2026-08-30
txn_00233,set_00233,pay_00233,7879.98,157.6,28.37,7694.01,INR,2026-08-07
txn_00234,set_00234,pay_00234,14490.17,289.8,52.16,14148.21,INR,2026-08-12
txn_00235,set_00235,pay_00235,3952.78,79.06,14.23,3859.49,INR,2026-08-24
txn_00236,set_00236,pay_00236,2794.64,55.89,10.06,2728.69,INR,2026-08-28
txn_00237,set_00237,pay_00237,9252.27,185.05,33.31,9033.91,INR,2026-08-15
txn_00238,set_00238,pay_00238,14395.09,287.9,51.82,14055.37,INR,2026-08-22
txn_00239,set_00239,pay_00239,21144.36,422.89,76.12,20645.35,INR,2026-08-31
txn_00240,set_00240,pay_00240,15377.97,307.56,55.36,15015.05,INR,2026-09-01
txn_00241,set_00241,pay_00241,13962.82,279.26,50.27,13633.29,INR,2026-08-30
txn_00242,set_00242,pay_00242,20753.57,415.07,74.71,20263.79,INR,2026-08-15
txn_00243,set_00243,pay_00243,820.93,16.42,2.96,801.55,INR,2026-08-15
txn_00244,set_00244,pay_00244,17597.2,351.94,63.35,17181.91,INR,2026-08-17
txn_00245,set_00245,pay_00245,23046.28,460.93,82.97,22502.38,INR,2026-08-18
txn_00246,set_00246,pay_00246,252.03,5.04,0.91,246.08,INR,2026-08-09
txn_00247,set_00247,pay_00247,14201.4,284.03,51.13,13866.24,INR,2026-08-21
txn_00248,set_00248,pay_00248,1832.68,36.65,6.6,1789.43,INR,2026-08-31
txn_00249,set_00249,pay_00249,24298.08,485.96,87.47,23724.65,INR,2026-08-07
txn_00250,set_00250,pay_00250,18678.18,373.56,67.24,18237.38,INR,2026-08-12
txn_00251,set_00251,pay_00251,9467.24,189.34,34.08,9243.82,INR,2026-08-23
txn_00252,set_00252,pay_00252,8588.31,171.77,30.92,8385.62,INR,2026-08-19
txn_00253,set_00253,pay_00253,7859.77,157.2,28.3,7674.27,INR,2026-08-17
txn_00254,set_00254,pay_00254,19443.21,388.86,69.99,18984.36,INR,2026-08-28
txn_00255,set_00255,pay_00255,14945.97,298.92,53.81,14593.24,INR,2026-08-05
txn_00256,set_00256,pay_00256,3973.94,79.48,14.31,3880.15,INR,2026-08-31
txn_00257,set_00257,pay_00257,2131.38,42.63,7.67,2081.08,INR,2026-08-23
txn_00258,set_00258,pay_00258,16582.27,331.65,59.7,16190.92,INR,2026-08-25
txn_00259,set_00259,pay_00259,15216.19,304.32,54.78,14857.09,INR,2026-08-21
txn_00260,set_00260,pay_00260,6901.85,138.04,24.85,6738.96,INR,2026-08-26
txn_00261,set_00261,pay_00261,2934.06,58.68,10.56,2864.82,INR,2026-08-22
txn_00262,set_00262,pay_00262,2861.16,57.22,10.3,2793.64,INR,2026-08-29
txn_00263,set_00263,pay_00263,16711.6,334.23,60.16,16317.21,INR,2026-08-05
txn_00264,set_00264,pay_00264,5590.91,111.82,20.13,5458.96,INR,2026-08-30
txn_00265,set_00265,pay_00265,1464.07,29.28,5.27,1429.52,INR,2026-08-12
txn_00266,set_00266,pay_00266,7605.34,152.11,27.38,7425.85,INR,2026-08-12
txn_00267,set_00267,pay_00267,19207.0,384.14,69.15,18753.71,INR,2026-08-14
txn_00268,set_00268,pay_00268,7307.23,146.14,26.31,7134.78,INR,2026-08-08
txn_00269,set_00269,pay_00269,292.47,5.85,1.05,285.57,INR,2026-08-22
txn_00270,set_00270,pay_00270,4474.8,89.5,16.11,4369.19,INR,2026-08-20
txn_00271,set_00271,pay_00271,13361.3,267.23,48.1,13045.97,INR,2026-08-13
txn_00272,set_00272,pay_00272,12556.53,251.13,45.2,12260.2,INR,2026-08-19
txn_00273,set_00273,pay_00273,1894.68,37.89,6.82,1849.97,INR,2026-08-04
txn_00274,set_00274,pay_00274,10961.87,219.24,39.46,10703.17,INR,2026-08-23
txn_00275,set_00275,pay_00275,23036.94,460.74,82.93,22493.27,INR,2026-08-17
txn_00276,set_00276,pay_00276,14436.4,288.73,51.97,14095.7,INR,2026-08-29
txn_00277,set_00277,pay_00277,10170.13,203.4,36.61,9930.12,INR,2026-09-01
txn_00278,set_00278,pay_00278,10500.58,210.01,37.8,10252.77,INR,2026-08-08
txn_00279,set_00279,pay_00279,10185.3,203.71,36.67,9944.92,INR,2026-08-17
txn_00280,set_00280,pay_00280,4379.64,87.59,15.77,4276.28,INR,2026-08-31
txn_00281,set_00281,pay_00281,11556.41,231.13,41.6,11283.68,INR,2026-08-19
txn_00282,set_00282,pay_00282,2294.43,45.89,8.26,2240.28,INR,2026-08-07
txn_00283,set_00283,pay_00283,14762.9,295.26,53.15,14414.49,INR,2026-08-26
txn_00284,set_00284,pay_00284,2058.31,41.17,7.41,2009.73,INR,2026-08-17
txn_00285,set_00285,pay_00285,18670.54,373.41,67.21,18229.92,INR,2026-08-13
txn_00286,set_00286,pay_00286,8393.41,167.87,30.22,8195.32,INR,2026-08-10
txn_00287,set_00287,pay_00287,2001.85,40.04,7.21,1954.6,INR,2026-08-31
txn_00288,set_00288,pay_00288,2939.26,58.79,10.58,2869.89,INR,2026-08-26
txn_00289,set_00289,pay_00289,4928.2,98.56,17.74,4811.9,INR,2026-08-18
txn_00290,set_00290,pay_00290,8842.38,176.85,31.83,8633.7,INR,2026-09-01
txn_00291,set_00291,pay_00291,20394.42,407.89,73.42,19913.11,INR,2026-08-13
txn_00292,set_00292,pay_00292,2659.83,53.2,9.58,2597.05,INR,2026-08-14
txn_00293,set_00293,pay_00293,5012.07,100.24,18.04,4893.79,INR,2026-08-30
txn_00294,set_00294,pay_00294,3906.46,78.13,14.06,3814.27,INR,2026-09-01
txn_00295,set_00295,pay_00295,1976.3,39.53,7.12,1929.65,INR,2026-08-31
txn_00296,set_00296,pay_00296,12403.51,248.07,44.65,12110.79,INR,2026-08-28
txn_00297,set_00297,pay_00297,19020.94,380.42,68.48,18572.04,INR,2026-08-23
txn_00298,set_00298,pay_00298,17060.22,341.2,61.42,16657.6,INR,2026-08-28
txn_00299,set_00299,pay_00299,16110.5,322.21,58.0,15730.29,INR,2026-08-31
txn_00300,set_00300,pay_00300,8147.89,162.96,29.33,7955.6,INR,2026-08-31
txn_00301,set_00301,pay_00301,7971.86,159.44,28.7,7783.72,INR,2026-08-23
txn_00302,set_00302,pay_00302,1800.33,36.01,6.48,1757.84,INR,2026-08-23
txn_00303,set_00303,pay_00303,15821.49,316.43,56.96,15448.1,INR,2026-08-15
txn_00304,set_00304,pay_00304,14826.35,296.53,53.38,14476.44,INR,2026-08-19
txn_00305,set_00305,pay_00305,12732.69,254.65,45.84,12432.2,INR,2026-08-17
txn_00306,set_00306,pay_00306,11597.39,231.95,41.75,11323.69,INR,2026-08-04
txn_00307,set_00307,pay_00307,1516.56,30.33,5.46,1480.77,INR,2026-08-16
txn_00308,set_00308,pay_00308,2010.6,40.21,7.24,1963.15,INR,2026-08-07
txn_00309,set_00309,pay_00309,12725.99,254.52,45.81,12425.66,INR,2026-08-24
txn_00310,set_00310,pay_00310,14550.2,291.0,52.38,14206.82,INR,2026-08-04
txn_00311,set_00311,pay_00311,11298.37,225.97,40.67,11031.73,INR,2026-08-29
txn_00312,set_00312,pay_00312,16330.75,326.62,58.79,15945.34,INR,2026-08-17
txn_00313,set_00313,pay_00313,15164.65,303.29,54.59,14806.77,INR,2026-08-25
txn_00314,set_00314,pay_00314,3856.44,77.13,13.88,3765.43,INR,2026-08-05
txn_00315,set_00315,pay_00315,20293.07,405.86,73.05,19814.16,INR,2026-08-18
txn_00316,set_00316,pay_00316,24561.4,491.23,88.42,23981.75,INR,2026-08-06
txn_00317,set_00317,pay_00317,12663.27,253.27,45.59,12364.41,INR,2026-08-10
txn_00318,set_00318,pay_00318,1074.64,21.49,3.87,1049.28,INR,2026-08-22
txn_00319,set_00319,pay_00319,24775.55,495.51,89.19,24190.85,INR,2026-08-26
txn_00320,set_00320,pay_00320,13116.43,262.33,47.22,12806.88,INR,2026-08-10
txn_00321,set_00321,pay_00321,9161.06,183.22,32.98,8944.86,INR,2026-08-15
txn_00322,set_00322,pay_00322,9746.67,194.93,35.09,9516.65,INR,2026-08-18
txn_00323,set_00323,pay_00323,17004.55,340.09,61.22,16603.24,INR,2026-08-05
txn_00324,set_00324,pay_00324,19751.75,395.04,71.11,19285.6,INR,2026-09-01
txn_00325,set_00325,pay_00325,8432.77,168.66,30.36,8233.75,INR,2026-08-18
txn_00326,set_00326,pay_00326,2453.2,49.06,8.83,2395.31,INR,2026-08-20
txn_00327,set_00327,pay_00327,7175.26,143.51,25.83,7005.92,INR,2026-09-01
txn_00328,set_00328,pay_00328,15107.25,302.14,54.39,14750.72,INR,2026-08-09
txn_00329,set_00329,pay_00329,8400.71,168.01,30.24,8202.46,INR,2026-08-29
txn_00330,set_00330,pay_00330,16623.94,332.48,59.85,16231.61,INR,2026-08-18
txn_00331,set_00331,pay_00331,7824.77,156.5,28.17,7640.1,INR,2026-09-01
txn_00332,set_00332,pay_00332,17492.15,349.84,62.97,17079.34,INR,2026-08-20
txn_00333,set_00333,pay_00333,3310.9,66.22,11.92,3232.76,INR,2026-08-06
txn_00334,set_00334,pay_00334,7808.59,156.17,28.11,7624.31,INR,2026-08-20
txn_00335,set_00335,pay_00335,16122.98,322.46,58.04,15742.48,INR,2026-08-17
txn_00336,set_00336,pay_00336,20348.3,406.97,73.25,19868.08,INR,2026-08-26
txn_00337,set_00337,pay_00337,2426.98,48.54,8.74,2369.7,INR,2026-08-22
txn_00338,set_00338,pay_00338,12761.36,255.23,45.94,12460.19,INR,2026-08-03
txn_00339,set_00339,pay_00339,9128.68,182.57,32.86,8913.25,INR,2026-08-11
txn_00340,set_00340,pay_00340,23784.12,475.68,85.62,23222.82,INR,2026-08-18
txn_00341,set_00341,pay_00341,23696.94,473.94,85.31,23137.69,INR,2026-08-25
txn_00342,set_00342,pay_00342,4880.93,97.62,17.57,4765.74,INR,2026-08-09
txn_00343,set_00343,pay_00343,3958.13,79.16,14.25,3864.72,INR,2026-08-16
txn_00344,set_00344,pay_00344,21126.27,422.53,76.06,20627.68,INR,2026-08-07
txn_00345,set_00345,pay_00345,12741.47,254.83,45.87,12440.77,INR,2026-08-27
txn_00346,set_00346,pay_00346,20894.48,417.89,75.22,20401.37,INR,2026-08-26
txn_00347,set_00347,pay_00347,1039.91,20.8,3.74,1015.37,INR,2026-08-18
txn_00348,set_00348,pay_00348,21922.18,438.44,78.92,21404.82,INR,2026-08-31
txn_00349,set_00349,pay_00349,3363.12,67.26,12.11,3283.75,INR,2026-08-20
txn_00350,set_00350,pay_00350,4603.06,92.06,16.57,4494.43,INR,2026-08-31
txn_00351,set_00351,pay_00351,20245.19,404.9,72.88,19767.41,INR,2026-08-10
txn_00352,set_00352,pay_00352,18057.46,361.15,65.01,17631.3,INR,2026-08-04
txn_00353,set_00353,pay_00353,16941.44,338.83,60.99,16541.62,INR,2026-08-13
txn_00354,set_00354,pay_00354,15303.83,306.08,55.09,14942.66,INR,2026-08-23
txn_00355,set_00355,pay_00355,5926.67,118.53,21.34,5786.8,INR,2026-08-13
txn_00356,set_00356,pay_00356,7805.75,156.12,28.1,7621.53,INR,2026-08-24
txn_00357,set_00357,pay_00357,22608.96,452.18,81.39,22075.39,INR,2026-08-11
txn_00358,set_00358,pay_00358,9259.24,185.18,33.33,9040.73,INR,2026-08-28
txn_00359,set_00359,pay_00359,24612.55,492.25,88.6,24031.7,INR,2026-08-24
txn_00360,set_00360,pay_00360,19259.02,385.18,69.33,18804.51,INR,2026-08-20
txn_00361,set_00361,pay_00361,10524.65,210.49,37.89,10276.27,INR,2026-08-10
txn_00362,set_00362,pay_00362,20440.59,408.81,73.59,19958.19,INR,2026-08-30
txn_00363,set_00363,pay_00363,3546.12,70.92,12.77,3462.43,INR,2026-08-14
txn_00364,set_00364,pay_00364,1399.28,27.99,5.04,1366.25,INR,2026-08-24
txn_00365,set_00365,pay_00365,21865.51,437.31,78.72,21349.48,INR,2026-08-28
txn_00366,set_00366,pay_00366,23363.91,467.28,84.11,22812.52,INR,2026-08-26
txn_00367,set_00367,pay_00367,21294.03,425.88,76.66,20791.49,INR,2026-08-15
txn_00368,set_00368,pay_00368,2188.49,43.77,7.88,2136.84,INR,2026-08-10
txn_00369,set_00369,pay_00369,6892.5,137.85,24.81,6729.84,INR,2026-08-26
txn_00370,set_00370,pay_00370,3768.98,75.38,13.57,3680.03,INR,2026-08-22
txn_00371,set_00371,pay_00371,22771.57,455.43,81.98,22234.16,INR,2026-08-23
txn_00372,set_00372,pay_00372,22127.28,442.55,79.66,21605.07,INR,2026-08-04
txn_00373,set_00373,pay_00373,10430.93,208.62,37.55,10184.76,INR,2026-08-21
txn_00374,set_00374,pay_00374,12599.98,252.0,45.36,12302.62,INR,2026-08-13
txn_00375,set_00375,pay_00375,9715.54,194.31,34.98,9486.25,INR,2026-08-06
txn_00376,set_00376,pay_00376,9435.33,188.71,33.97,9212.65,INR,2026-08-04
txn_00377,set_00377,pay_00377,8035.25,160.71,28.93,7845.61,INR,2026-08-07
txn_00378,set_00378,pay_00378,20995.49,419.91,75.58,20500.0,INR,2026-09-01
txn_00379,set_00379,pay_00379,8448.73,168.97,30.41,8249.35,INR,2026-08-09
txn_00380,set_00380,pay_00380,3526.23,70.52,12.69,3443.02,INR,2026-08-16
txn_00381,set_00381,pay_00381,23043.16,460.86,82.95,22499.35,INR,2026-08-24
txn_00382,set_00382,pay_00382,17432.19,348.64,62.76,17020.79,INR,2026-08-09
txn_00383,set_00383,pay_00383,18995.14,379.9,68.38,18546.86,INR,2026-08-24
txn_00384,set_00384,pay_00384,11270.18,225.4,40.57,11004.21,INR,2026-08-03
txn_00385,set_00385,pay_00385,22655.85,453.12,81.56,22121.17,INR,2026-08-03
txn_00386,set_00386,pay_00386,6472.51,129.45,23.3,6319.76,INR,2026-08-09
txn_00387,set_00387,pay_00387,13765.23,275.3,49.55,13440.38,INR,2026-08-30
txn_00388,set_00388,pay_00388,13241.51,264.83,47.67,12929.01,INR,2026-08-08
txn_00389,set_00389,pay_00389,19426.7,388.53,69.94,18968.23,INR,2026-08-13
txn_00390,set_00390,pay_00390,7598.66,151.97,27.35,7419.34,INR,2026-08-05
txn_00391,set_00391,pay_00391,6037.14,120.74,21.73,5894.67,INR,2026-09-01
txn_00392,set_00392,pay_00392,19868.09,397.36,71.52,19399.21,INR,2026-08-23
txn_00393,set_00393,pay_00393,1663.9,33.28,5.99,1624.63,INR,2026-08-25
txn_00394,set_00394,pay_00394,14958.8,299.18,53.85,14605.77,INR,2026-08-03
txn_00395,set_00395,pay_00395,15835.68,316.71,57.01,15461.96,INR,2026-08-29
txn_00396,set_00396,pay_00396,6124.26,122.49,22.05,5979.72,INR,2026-08-09
txn_00397,set_00397,pay_00397,7352.67,147.05,26.47,7179.15,INR,2026-08-03
txn_00398,set_00398,pay_00398,15408.76,308.18,55.47,15045.11,INR,2026-08-13
txn_00399,set_00399,pay_00399,14309.53,286.19,51.51,13971.83,INR,2026-08-11
txn_00400,set_00400,pay_00400,16742.85,334.86,60.27,16347.72,INR,2026-08-06
txn_00401,set_00401,pay_00401,13134.77,262.7,47.29,12824.78,INR,2026-08-19
txn_00402,set_00402,pay_00402,1785.22,35.7,6.43,1743.09,INR,2026-08-26
txn_00403,set_00403,pay_00403,13647.64,272.95,49.13,13325.56,INR,2026-08-26
txn_00404,set_00404,pay_00404,13898.38,277.97,50.03,13570.38,INR,2026-08-20
txn_00405,set_00405,pay_00405,21945.95,438.92,79.01,21428.02,INR,2026-08-04
txn_00406,set_00406,pay_00406,15928.2,318.56,57.34,15552.3,INR,2026-08-19
txn_00407,set_00407,pay_00407,6415.89,128.32,23.1,6264.47,INR,2026-08-03
txn_00408,set_00408,pay_00408,8991.64,179.83,32.37,8779.44,INR,2026-08-06
txn_00409,set_00409,pay_00409,8685.58,173.71,31.27,8480.6,INR,2026-09-01
txn_00410,set_00410,pay_00410,15743.6,314.87,56.68,15372.05,INR,2026-08-29
txn_00411,set_00411,pay_00411,18406.16,368.12,66.26,17971.78,INR,2026-08-18
txn_00412,set_00412,pay_00412,3421.9,68.44,12.32,3341.14,INR,2026-08-19
txn_00413,set_00413,pay_00413,13695.74,273.91,49.3,13372.53,INR,2026-09-01
txn_00414,set_00414,pay_00414,4459.72,89.19,16.05,4354.48,INR,2026-08-24
txn_00415,set_00415,pay_00415,24522.4,490.45,88.28,23943.67,INR,2026-08-24
txn_00416,set_00416,pay_00416,15830.22,316.6,56.99,15456.63,INR,2026-08-09
txn_00417,set_00417,pay_00417,1671.2,33.42,6.02,1631.76,INR,2026-08-23
txn_00418,set_00418,pay_00418,1020.9,20.42,3.68,996.8,INR,2026-08-12
txn_00419,set_00419,pay_00419,1190.78,23.82,4.29,1162.67,INR,2026-08-12
txn_00420,set_00420,pay_00420,22156.18,443.12,79.76,21633.3,INR,2026-08-17
txn_00421,set_00421,pay_00421,23440.94,468.82,84.39,22887.73,INR,2026-08-26
txn_00422,set_00422,pay_00422,10015.78,200.32,36.06,9779.4,INR,2026-08-27
txn_00423,set_00423,pay_00423,11887.65,237.75,42.8,11607.1,INR,2026-08-04
txn_00424,set_00424,pay_00424,18856.94,377.14,67.89,18411.91,INR,2026-08-11
txn_00425,set_00425,pay_00425,7224.16,144.48,26.01,7053.67,INR,2026-08-05
txn_00426,set_00426,pay_00426,21658.38,433.17,77.97,21147.24,INR,2026-08-18
txn_00427,set_00427,pay_00427,6903.09,138.06,24.85,6740.18,INR,2026-08-19
txn_00428,set_00428,pay_00428,10980.09,219.6,39.53,10720.96,INR,2026-08-21
txn_00429,set_00429,pay_00429,22376.47,447.53,80.56,21848.38,INR,2026-08-20
txn_00430,set_00430,pay_00430,8542.01,170.84,30.75,8340.42,INR,2026-08-11
txn_00431,set_00431,pay_00431,12455.46,249.11,44.84,12161.51,INR,2026-08-25
txn_00432,set_00432,pay_00432,9246.94,184.94,33.29,9028.71,INR,2026-08-26
txn_00433,set_00433,pay_00433,6741.35,134.83,24.27,6582.25,INR,2026-08-06
txn_00434,set_00434,pay_00434,18204.32,364.09,65.54,17774.69,INR,2026-08-06
txn_00435,set_00435,pay_00435,10822.12,216.44,38.96,10566.72,INR,2026-08-11
txn_00436,set_00436,pay_00436,8098.16,161.96,29.15,7907.05,INR,2026-08-06
txn_00437,set_00437,pay_00437,8265.21,165.3,29.75,8070.16,INR,2026-08-16
txn_00438,set_00438,pay_00438,7731.75,154.63,27.83,7549.29,INR,2026-08-30
txn_00439,set_00439,pay_00439,17969.81,359.4,64.69,17545.72,INR,2026-08-10
txn_00440,set_00440,pay_00440,17275.14,345.5,62.19,16867.45,INR,2026-08-18
txn_00441,set_00441,pay_00441,11233.53,224.67,40.44,10968.42,INR,2026-08-19
txn_00442,set_00442,pay_00442,15409.8,308.2,55.48,15046.12,INR,2026-08-22
txn_00443,set_00443,pay_00443,6936.43,138.73,24.97,6772.73,INR,2026-08-05
txn_00444,set_00444,pay_00444,1968.53,39.37,7.09,1922.07,INR,2026-09-01
txn_00445,set_00445,pay_00445,12875.84,257.52,46.35,12571.97,INR,2026-08-10
txn_00446,set_00446,pay_00446,23824.46,476.49,85.77,23262.2,INR,2026-08-09
txn_00447,set_00447,pay_00447,21231.87,424.64,76.44,20730.79,INR,2026-08-22
txn_00448,set_00448,pay_00448,966.49,19.33,3.48,943.68,INR,2026-08-06
txn_00449,set_00449,pay_00449,5976.28,119.53,21.52,5835.23,INR,2026-09-01
txn_00450,set_00450,pay_00450,9221.58,184.43,33.2,9003.95,INR,2026-08-20
txn_00451,set_00451,pay_00451,906.39,18.13,3.26,885.0,INR,2026-08-09
txn_00452,set_00452,pay_00452,17008.65,340.17,61.23,16607.25,INR,2026-08-19
txn_00453,set_00453,pay_00453,9363.13,187.26,33.71,9142.16,INR,2026-08-06
txn_00454,set_00454,pay_00454,14390.65,287.81,51.81,14051.03,INR,2026-08-27
txn_00455,set_00455,pay_00455,9237.05,184.74,33.25,9019.06,INR,2026-08-17
txn_00456,set_00456,pay_00456,16274.06,325.48,58.59,15889.99,INR,2026-08-14
txn_00457,set_00457,pay_00457,24016.95,480.34,86.46,23450.15,INR,2026-08-04
txn_00458,set_00458,pay_00458,12526.19,250.52,45.09,12230.58,INR,2026-08-20
txn_00459,set_00459,pay_00459,22847.21,456.94,82.25,22308.02,INR,2026-08-08
txn_00460,set_00460,pay_00460,6618.24,132.36,23.82,6462.06,INR,2026-08-14
txn_00461,set_00461,pay_00461,17630.54,352.61,63.47,17214.46,INR,2026-08-12
txn_00462,set_00462,pay_00462,24909.49,498.19,89.67,24321.63,INR,2026-08-15
txn_00463,set_00463,pay_00463,17380.12,347.6,62.57,16969.95,INR,2026-08-25
txn_00464,set_00464,pay_00464,5084.44,101.69,18.3,4964.45,INR,2026-08-09
txn_00465,set_00465,pay_00465,21335.37,426.71,76.81,20831.85,INR,2026-08-23
txn_00466,set_00466,pay_00466,4399.14,87.98,15.84,4295.32,INR,2026-08-23
txn_00467,set_00467,pay_00467,24931.83,498.64,89.76,24343.43,INR,2026-08-17
txn_00468,set_00468,pay_00468,16729.21,334.58,60.22,16334.41,INR,2026-08-05
txn_00469,set_00469,pay_00469,7330.02,146.6,26.39,7157.03,INR,2026-08-16
txn_00470,set_00470,pay_00470,21298.92,425.98,76.68,20796.26,INR,2026-09-01
txn_00471,set_00471,pay_00471,4534.87,90.7,16.33,4427.84,INR,2026-08-19
txn_00472,set_00472,pay_00472,12768.02,255.36,45.96,12466.7,INR,2026-08-08
txn_00473,set_00473,pay_00473,24629.8,492.6,88.67,24048.53,INR,2026-08-09
txn_00474,set_00474,pay_00474,5994.73,119.89,21.58,5853.26,INR,2026-08-25
txn_00475,set_00475,pay_00475,754.47,15.09,2.72,736.66,INR,2026-08-28
txn_00476,set_00476,pay_00476,14349.71,286.99,51.66,14011.06,INR,2026-08-24
txn_00477,set_00477,pay_00477,13836.01,276.72,49.81,13509.48,INR,2026-08-30
txn_00478,set_00478,pay_00478,22117.74,442.35,79.62,21595.77,INR,2026-08-05
txn_00479,set_00479,pay_00479,7801.34,156.03,28.09,7617.22,INR,2026-08-24
txn_00480,set_00480,pay_00480,13189.82,263.8,47.48,12878.54,INR,2026-08-21
txn_00481,set_00481,pay_00481,20601.15,412.02,74.16,20114.97,INR,2026-08-06
txn_00482,set_00482,pay_00482,3220.64,64.41,11.59,3144.64,INR,2026-08-17
txn_00483,set_00483,pay_00483,16094.23,321.88,57.94,15714.41,INR,2026-08-23
txn_00484,set_00484,pay_00484,11699.25,233.99,42.12,11423.14,INR,2026-08-26
txn_00485,set_00485,pay_00485,8678.42,173.57,31.24,8473.61,INR,2026-08-28
txn_00486,set_00486,pay_00486,16030.87,320.62,57.71,15652.54,INR,2026-08-11
txn_00487,set_00487,pay_00487,19217.76,384.36,69.18,18764.22,INR,2026-08-08
txn_00488,set_00488,pay_00488,11372.2,227.44,40.94,11103.82,INR,2026-08-05
txn_00489,set_00489,pay_00489,20801.63,416.03,74.89,20310.71,INR,2026-08-26
txn_00490,set_00490,pay_00490,3910.09,78.2,14.08,3817.81,INR,2026-08-10
txn_00491,set_00491,pay_00491,4132.98,82.66,14.88,4035.44,INR,2026-08-13
txn_00492,set_00492,pay_00492,23528.51,470.57,84.7,22973.24,INR,2026-08-15
txn_00493,set_00493,pay_00493,21163.75,423.28,76.19,20664.28,INR,2026-08-14
txn_00494,set_00494,pay_00494,4987.92,99.76,17.96,4870.2,INR,2026-08-28
txn_00495,set_00495,pay_00495,6933.83,138.68,24.96,6770.19,INR,2026-08-31
txn_00496,set_00496,pay_00496,7640.33,152.81,27.51,7460.01,INR,2026-08-27
txn_00497,set_00497,pay_00497,2426.37,48.53,8.74,2369.1,INR,2026-09-01
txn_00498,set_00498,pay_00498,4299.03,85.98,15.48,4197.57,INR,2026-08-29
txn_00499,set_00499,pay_00499,3939.44,78.79,14.18,3846.47,INR,2026-09-01
txn_00500,set_00500,pay_00500,15649.53,312.99,56.34,15280.2,INR,2026-08-30
txn_00501,set_00501,pay_00501,8506.73,170.13,30.62,8305.98,INR,2026-08-28
txn_00502,set_00502,pay_00502,1125.74,22.51,4.05,1099.18,INR,2026-08-04
txn_00503,set_00503,pay_00503,23718.82,474.38,85.39,23159.05,INR,2026-08-29
txn_00504,set_00504,pay_00504,6689.93,133.8,24.08,6532.05,INR,2026-08-12
txn_00505,set_00505,pay_00505,19197.28,383.95,69.11,18744.22,INR,2026-08-21
txn_00506,set_00506,pay_00506,15490.9,309.82,55.77,15125.31,INR,2026-08-04
txn_00507,set_00507,pay_00507,12501.15,250.02,45.0,12206.13,INR,2026-08-31
txn_00508,set_00508,pay_00508,16083.49,321.67,57.9,15703.92,INR,2026-08-16
txn_00509,set_00509,pay_00509,12125.33,242.51,43.65,11839.17,INR,2026-08-21
txn_00510,set_00510,pay_00510,7506.1,150.12,27.02,7328.96,INR,2026-08-06
txn_00511,set_00511,pay_00511,17246.48,344.93,62.09,16839.46,INR,2026-08-10
txn_00512,set_00512,pay_00512,11046.18,220.92,39.77,10785.49,INR,2026-08-25
txn_00513,set_00513,pay_00513,11664.61,233.29,41.99,11389.33,INR,2026-08-18
txn_00514,set_00514,pay_00514,15205.84,304.12,54.74,14846.98,INR,2026-08-17
txn_00515,set_00515,pay_00515,21550.98,431.02,77.58,21042.38,INR,2026-08-17
txn_00516,set_00516,pay_00516,18381.57,367.63,66.17,17947.77,INR,2026-08-18
txn_00517,set_00517,pay_00517,24386.82,487.74,87.79,23811.29,INR,2026-08-08
txn_00518,set_00518,pay_00518,19040.56,380.81,68.55,18591.2,INR,2026-08-26
txn_00519,set_00519,pay_00519,14085.12,281.7,50.71,13752.71,INR,2026-08-17
txn_00520,set_00520,pay_00520,6119.27,122.39,22.03,5974.85,INR,2026-08-08
txn_00521,set_00521,pay_00521,6760.04,135.2,24.34,6600.5,INR,2026-08-14
txn_00522,set_00522,pay_00522,3607.85,72.16,12.99,3522.7,INR,2026-08-05
txn_00523,set_00523,pay_00523,7326.28,146.53,26.38,7153.37,INR,2026-08-20
txn_00524,set_00524,pay_00524,21617.68,432.35,77.82,21107.51,INR,2026-08-22
txn_00525,set_00525,pay_00525,6281.93,125.64,22.62,6133.67,INR,2026-08-10
txn_00526,set_00526,pay_00526,20355.6,407.11,73.28,19875.21,INR,2026-08-29
txn_00527,set_00527,pay_00527,18556.1,371.12,66.8,18118.18,INR,2026-08-11
txn_00528,set_00528,pay_00528,19101.72,382.03,68.77,18650.92,INR,2026-08-25
txn_00529,set_00529,pay_00529,24899.64,497.99,89.64,24312.01,INR,2026-08-24
txn_00530,set_00530,pay_00530,12519.12,250.38,45.07,12223.67,INR,2026-08-17
txn_00531,set_00531,pay_00531,12484.52,249.69,44.94,12189.89,INR,2026-08-07
txn_00532,set_00532,pay_00532,23636.3,472.73,85.09,23078.48,INR,2026-08-26
txn_00533,set_00533,pay_00533,11485.04,229.7,41.35,11213.99,INR,2026-08-13
txn_00534,set_00534,pay_00534,8887.09,177.74,31.99,8677.36,INR,2026-08-05
txn_00535,set_00535,pay_00535,14978.22,299.56,53.92,14624.74,INR,2026-09-01
txn_00536,set_00536,pay_00536,16845.76,336.92,60.65,16448.19,INR,2026-08-16
txn_00537,set_00537,pay_00537,13463.6,269.27,48.47,13145.86,INR,2026-08-07
txn_00538,set_00538,pay_00538,22073.15,441.46,79.46,21552.23,INR,2026-08-19
txn_00539,set_00539,pay_00539,19120.03,382.4,68.83,18668.8,INR,2026-08-19
txn_00540,set_00540,pay_00540,1226.54,24.53,4.42,1197.59,INR,2026-08-05
txn_00541,set_00541,pay_00541,14300.01,286.0,51.48,13962.53,INR,2026-08-11
txn_00542,set_00542,pay_00542,9126.84,182.54,32.86,8911.44,INR,2026-08-16
txn_00543,set_00543,pay_00543,1930.94,38.62,6.95,1885.37,INR,2026-08-25
txn_00544,set_00544,pay_00544,11313.82,226.28,40.73,11046.81,INR,2026-08-28
txn_00545,set_00545,pay_00545,7065.04,141.3,25.43,6898.31,INR,2026-08-31
txn_00546,set_00546,pay_00546,17041.93,340.84,61.35,16639.74,INR,2026-08-08
txn_00547,set_00547,pay_00547,3303.72,66.07,11.89,3225.76,INR,2026-08-07
txn_00548,set_00548,pay_00548,9908.2,198.16,35.67,9674.37,INR,2026-08-18
txn_00549,set_00549,pay_00549,13990.01,279.8,50.36,13659.85,INR,2026-08-19
txn_00550,set_00550,pay_00550,5056.54,101.13,18.2,4937.21,INR,2026-08-26
txn_00551,set_00551,pay_00551,10094.54,201.89,36.34,9856.31,INR,2026-08-04
txn_00552,set_00552,pay_00552,1228.05,24.56,4.42,1199.07,INR,2026-08-09
txn_00553,set_00553,pay_00553,17868.44,357.37,64.33,17446.74,INR,2026-08-24
txn_00554,set_00554,pay_00554,13031.38,260.63,46.91,12723.84,INR,2026-08-09
txn_00555,set_00555,pay_00555,15195.89,303.92,54.71,14837.26,INR,2026-08-26
txn_00556,set_00556,pay_00556,3580.55,71.61,12.89,3496.05,INR,2026-08-30
txn_00557,set_00557,pay_00557,8031.4,160.63,28.91,7841.86,INR,2026-08-20
txn_00558,set_00558,pay_00558,24766.33,495.33,89.16,24181.84,INR,2026-08-16
txn_00559,set_00559,pay_00559,14883.74,297.67,53.58,14532.49,INR,2026-08-26
txn_00560,set_00560,pay_00560,20724.41,414.49,74.61,20235.31,INR,2026-08-27
txn_00561,set_00561,pay_00561,12297.18,245.94,44.27,12006.97,INR,2026-08-28
txn_00562,set_00562,pay_00562,20412.15,408.24,73.48,19930.43,INR,2026-08-19
txn_00563,set_00563,pay_00563,8347.87,166.96,30.05,8150.86,INR,2026-08-07
txn_00564,set_00564,pay_00564,24499.46,489.99,88.2,23921.27,INR,2026-08-29
txn_00565,set_00565,pay_00565,7761.18,155.22,27.94,7578.02,INR,2026-08-31
txn_00566,set_00566,pay_00566,863.51,17.27,3.11,843.13,INR,2026-08-24
txn_00567,set_00567,pay_00567,6711.71,134.23,24.16,6553.32,INR,2026-09-01
txn_00568,set_00568,pay_00568,19594.31,391.89,70.54,19131.88,INR,2026-08-29
txn_00569,set_00569,pay_00569,14483.1,289.66,52.14,14141.3,INR,2026-08-05
txn_00570,set_00570,pay_00570,14629.73,292.59,52.67,14284.47,INR,2026-08-10
txn_00571,set_00571,pay_00571,13153.39,263.07,47.35,12842.97,INR,2026-08-31
txn_00572,set_00572,pay_00572,19387.69,387.75,69.8,18930.14,INR,2026-08-20
txn_00573,set_00573,pay_00573,3779.62,75.59,13.61,3690.42,INR,2026-08-14
txn_00574,set_00574,pay_00574,886.11,17.72,3.19,865.2,INR,2026-08-08
txn_00575,set_00575,pay_00575,4850.53,97.01,17.46,4736.06,INR,2026-08-23
txn_00576,set_00576,pay_00576,7910.94,158.22,28.48,7724.24,INR,2026-08-09
txn_00577,set_00577,pay_00577,10382.71,207.65,37.38,10137.68,INR,2026-08-12
txn_00578,set_00578,pay_00578,10318.4,206.37,37.15,10074.88,INR,2026-08-30
txn_00579,set_00579,pay_00579,23020.97,460.42,82.88,22477.67,INR,2026-08-05
txn_00580,set_00580,pay_00580,17673.8,353.48,63.63,17256.69,INR,2026-08-26
txn_00581,set_00581,pay_00581,5362.81,107.26,19.31,5236.24,INR,2026-08-17
txn_00582,set_00582,pay_00582,24953.26,499.07,89.83,24364.36,INR,2026-08-24
txn_00583,set_00583,pay_00583,13184.38,263.69,47.46,12873.23,INR,2026-08-17
txn_00584,set_00584,pay_00584,23921.47,478.43,86.12,23356.92,INR,2026-08-23
txn_00585,set_00585,pay_00585,22811.89,456.24,82.12,22273.53,INR,2026-08-18
txn_00586,set_00586,pay_00586,13702.2,274.04,49.33,13378.83,INR,2026-09-01
txn_00587,set_00587,pay_00587,6682.62,133.65,24.06,6524.91,INR,2026-08-25
txn_00588,set_00588,pay_00588,4887.38,97.75,17.59,4772.04,INR,2026-08-14
txn_00589,set_00589,pay_00589,7047.26,140.95,25.37,6880.94,INR,2026-08-16
txn_00590,set_00590,pay_00590,5699.19,113.98,20.52,5564.69,INR,2026-08-16
txn_00591,set_00591,pay_00591,19302.24,386.04,69.49,18846.71,INR,2026-08-12
txn_00592,set_00592,pay_00592,17286.97,345.74,62.23,16879.0,INR,2026-08-25
txn_00593,set_00593,pay_00593,7994.31,159.89,28.78,7805.64,INR,2026-08-18
txn_00594,set_00594,pay_00594,23368.69,467.37,84.13,22817.19,INR,2026-08-15
txn_00595,set_00595,pay_00595,7265.96,145.32,26.16,7094.48,INR,2026-08-29
txn_00596,set_00596,pay_00596,16947.89,338.96,61.01,16547.92,INR,2026-08-20
txn_00597,set_00597,pay_00597,9923.86,198.48,35.73,9689.65,INR,2026-08-18
txn_00598,set_00598,pay_00598,23869.76,477.4,85.93,23306.43,INR,2026-08-09
txn_00599,set_00599,pay_00599,7332.27,146.65,26.4,7159.22,INR,2026-08-16
txn_00600,set_00600,pay_00600,23887.31,477.75,85.99,23323.57,INR,2026-08-06
txn_00601,set_00601,pay_00601,8724.45,174.49,31.41,8518.55,INR,2026-08-23
txn_00602,set_00602,pay_00602,16433.7,328.67,59.16,16045.87,INR,2026-08-24
txn_00603,set_00603,pay_00603,5428.27,108.57,19.54,5300.16,INR,2026-08-27
txn_00604,set_00604,pay_00604,6851.2,137.02,24.66,6689.52,INR,2026-08-28
txn_00605,set_00605,pay_00605,17434.67,348.69,62.76,17023.22,INR,2026-08-09
txn_00606,set_00606,pay_00606,2819.74,56.39,10.15,2753.2,INR,2026-08-29
txn_00607,set_00607,pay_00607,6058.12,121.16,21.81,5915.15,INR,2026-08-05
txn_00608,set_00608,pay_00608,16778.87,335.58,60.4,16382.89,INR,2026-08-27
txn_00609,set_00609,pay_00609,5719.22,114.38,20.59,5584.25,INR,2026-08-13
txn_00610,set_00610,pay_00610,1407.03,28.14,5.07,1373.82,INR,2026-08-21
txn_00611,set_00611,pay_00611,8324.31,166.49,29.97,8127.85,INR,2026-08-24
txn_00612,set_00612,pay_00612,2603.57,52.07,9.37,2542.13,INR,2026-08-09
txn_00613,set_00613,pay_00613,229.02,4.58,0.82,223.62,INR,2026-08-28
txn_00614,set_00614,pay_00614,24449.98,489.0,88.02,23872.96,INR,2026-08-10
txn_00615,set_00615,pay_00615,10232.0,204.64,36.84,9990.52,INR,2026-08-24
txn_00616,set_00616,pay_00616,11988.47,239.77,43.16,11705.54,INR,2026-08-12
txn_00617,set_00617,pay_00617,18922.19,378.44,68.12,18475.63,INR,2026-08-16
txn_00618,set_00618,pay_00618,8097.08,161.94,29.15,7905.99,INR,2026-09-01
txn_00619,set_00619,pay_00619,1573.15,31.46,5.66,1536.03,INR,2026-08-07
txn_00620,set_00620,pay_00620,16342.24,326.84,58.83,15956.57,INR,2026-08-13
txn_00621,set_00621,pay_00621,13425.29,268.51,48.33,13108.45,INR,2026-08-04
txn_00622,set_00622,pay_00622,22839.42,456.79,82.22,22300.41,INR,2026-08-10
txn_00623,set_00623,pay_00623,10505.34,210.11,37.82,10257.41,INR,2026-08-11
txn_00624,set_00624,pay_00624,23354.67,467.09,84.08,22803.5,INR,2026-08-04
txn_00625,set_00625,pay_00625,24929.58,498.59,89.75,24341.24,INR,2026-08-21
txn_00626,set_00626,pay_00626,19720.22,394.4,70.99,19254.83,INR,2026-08-11
txn_00627,set_00627,pay_00627,23421.56,468.43,84.32,22868.81,INR,2026-08-16
txn_00628,set_00628,pay_00628,21930.9,438.62,78.95,21413.33,INR,2026-08-03
txn_00629,set_00629,pay_00629,15109.3,302.19,54.39,14752.72,INR,2026-08-18
txn_00630,set_00630,pay_00630,7185.59,143.71,25.87,7016.01,INR,2026-09-01
txn_00631,set_00631,pay_00631,13628.18,272.56,49.06,13306.56,INR,2026-08-25
txn_00632,set_00632,pay_00632,22242.57,444.85,80.07,21717.65,INR,2026-08-09
txn_00633,set_00633,pay_00633,21291.39,425.83,76.65,20788.91,INR,2026-08-24
txn_00634,set_00634,pay_00634,6893.64,137.87,24.82,6730.95,INR,2026-08-08
txn_00635,set_00635,pay_00635,8334.03,166.68,30.0,8137.35,INR,2026-08-23
txn_00636,set_00636,pay_00636,16242.3,324.85,58.47,15858.98,INR,2026-08-11
txn_00637,set_00637,pay_00637,450.7,9.01,1.62,440.07,INR,2026-08-18
txn_00638,set_00638,pay_00638,19790.11,395.8,71.24,19323.07,INR,2026-08-28
txn_00639,set_00639,pay_00639,16892.59,337.85,60.81,16493.93,INR,2026-08-11
txn_00640,set_00640,pay_00640,4469.82,89.4,16.09,4364.33,INR,2026-09-01
txn_00641,set_00641,pay_00641,20692.05,413.84,74.49,20203.72,INR,2026-08-26
txn_00642,set_00642,pay_00642,8265.37,165.31,29.76,8070.3,INR,2026-08-21
txn_00643,set_00643,pay_00643,16764.47,335.29,60.35,16368.83,INR,2026-08-11
txn_00644,set_00644,pay_00644,11988.61,239.77,43.16,11705.68,INR,2026-08-14
txn_00645,set_00645,pay_00645,270.07,5.4,0.97,263.7,INR,2026-08-20
txn_00646,set_00646,pay_00646,5964.48,119.29,21.47,5823.72,INR,2026-08-15
txn_00647,set_00647,pay_00647,23855.47,477.11,85.88,23292.48,INR,2026-08-16
txn_00648,set_00648,pay_00648,14603.27,292.07,52.57,14258.63,INR,2026-08-29
txn_00649,set_00649,pay_00649,384.75,7.7,1.39,375.66,INR,2026-09-01
txn_00650,set_00650,pay_00650,5983.93,119.68,21.54,5842.71,INR,2026-08-08
txn_00651,set_00651,pay_00651,11688.34,233.77,42.08,11412.49,INR,2026-08-10
txn_00652,set_00652,pay_00652,10194.87,203.9,36.7,9954.27,INR,2026-08-25
txn_00653,set_00653,pay_00653,23085.34,461.71,83.11,22540.52,INR,2026-08-17
txn_00654,set_00654,pay_00654,17288.23,345.76,62.24,16880.23,INR,2026-09-01
txn_00655,set_00655,pay_00655,22911.65,458.23,82.48,22370.94,INR,2026-08-16
txn_00656,set_00656,pay_00656,9351.84,187.04,33.67,9131.13,INR,2026-08-13
txn_00657,set_00657,pay_00657,5556.3,111.13,20.0,5425.17,INR,2026-08-09
txn_00658,set_00658,pay_00658,12006.73,240.13,43.22,11723.38,INR,2026-08-23
txn_00659,set_00659,pay_00659,18718.6,374.37,67.39,18276.84,INR,2026-08-30
txn_00660,set_00660,pay_00660,9403.26,188.07,33.85,9181.34,INR,2026-08-27
txn_00661,set_00661,pay_00661,22828.64,456.57,82.18,22289.89,INR,2026-08-27
txn_00662,set_00662,pay_00662,20657.53,413.15,74.37,20170.01,INR,2026-08-14
txn_00663,set_00663,pay_00663,17040.51,340.81,61.35,16638.35,INR,2026-08-30
txn_00664,set_00664,pay_00664,21841.06,436.82,78.63,21325.61,INR,2026-08-06
txn_00665,set_00665,pay_00665,13185.12,263.7,47.47,12873.95,INR,2026-08-27
txn_00666,set_00666,pay_00666,2044.76,40.9,7.36,1996.5,INR,2026-08-28
txn_00667,set_00667,pay_00667,2894.0,57.88,10.42,2825.7,INR,2026-08-27
txn_00668,set_00668,pay_00668,22581.92,451.64,81.3,22048.98,INR,2026-08-12
txn_00669,set_00669,pay_00669,14460.27,289.21,52.06,14119.0,INR,2026-08-09
txn_00670,set_00670,pay_00670,4196.98,83.94,15.11,4097.93,INR,2026-08-26
txn_00671,set_00671,pay_00671,11101.83,222.04,39.97,10839.82,INR,2026-08-12
txn_00672,set_00672,pay_00672,17951.26,359.03,64.63,17527.6,INR,2026-08-25
txn_00673,set_00673,pay_00673,12808.35,256.17,46.11,12506.07,INR,2026-08-05
txn_00674,set_00674,pay_00674,11490.46,229.81,41.37,11219.28,INR,2026-08-26
txn_00675,set_00675,pay_00675,10444.07,208.88,37.6,10197.59,INR,2026-08-28
txn_00676,set_00676,pay_00676,1537.65,30.75,5.54,1501.36,INR,2026-08-24
txn_00677,set_00677,pay_00677,16851.92,337.04,60.67,16454.21,INR,2026-08-17
txn_00678,set_00678,pay_00678,18109.67,362.19,65.19,17682.29,INR,2026-08-21
txn_00679,set_00679,pay_00679,6435.98,128.72,23.17,6284.09,INR,2026-08-03
txn_00680,set_00680,pay_00680,18670.53,373.41,67.21,18229.91,INR,2026-08-29
txn_00681,set_00681,pay_00681,10650.06,213.0,38.34,10398.72,INR,2026-08-05
txn_00682,set_00682,pay_00682,13574.97,271.5,48.87,13254.6,INR,2026-08-05
txn_00683,set_00683,pay_00683,23371.11,467.42,84.14,22819.55,INR,2026-08-06
txn_00684,set_00684,pay_00684,24654.82,493.1,88.76,24072.96,INR,2026-08-24
txn_00685,set_00685,pay_00685,890.2,17.8,3.2,869.2,INR,2026-08-21
txn_00686,set_00686,pay_00686,4581.54,91.63,16.49,4473.42,INR,2026-08-09
txn_00687,set_00687,pay_00687,24460.5,489.21,88.06,23883.23,INR,2026-09-01
txn_00688,set_00688,pay_00688,24098.19,481.96,86.75,23529.48,INR,2026-08-20
txn_00689,set_00689,pay_00689,24822.13,496.44,89.36,24236.33,INR,2026-08-20
txn_00690,set_00690,pay_00690,11268.57,225.37,40.57,11002.63,INR,2026-08-20
txn_00691,set_00691,pay_00691,9453.57,189.07,34.03,9230.47,INR,2026-08-27
txn_00692,set_00692,pay_00692,3411.45,68.23,12.28,3330.94,INR,2026-08-18
txn_00693,set_00693,pay_00693,3053.97,61.08,10.99,2981.9,INR,2026-08-27
txn_00694,set_00694,pay_00694,9887.16,197.74,35.59,9653.83,INR,2026-08-08
txn_00695,set_00695,pay_00695,5644.99,112.9,20.32,5511.77,INR,2026-08-03
txn_00696,set_00696,pay_00696,24464.42,489.29,88.07,23887.06,INR,2026-08-24
txn_00697,set_00697,pay_00697,13656.69,273.13,49.16,13334.4,INR,2026-08-27
txn_00698,set_00698,pay_00698,9543.98,190.88,34.36,9318.74,INR,2026-08-13
txn_00699,set_00699,pay_00699,6263.05,125.26,22.55,6115.24,INR,2026-08-18
txn_00700,set_00700,pay_00700,3962.52,79.25,14.26,3869.01,INR,2026-08-11
txn_00701,set_00701,pay_00701,23441.52,468.83,84.39,22888.3,INR,2026-08-08
txn_00702,set_00702,pay_00702,902.21,18.04,3.25,880.92,INR,2026-08-22
txn_00703,set_00703,pay_00703,15411.59,308.23,55.48,15047.88,INR,2026-08-03
txn_00704,set_00704,pay_00704,1775.54,35.51,6.39,1733.64,INR,2026-08-30
txn_00705,set_00705,pay_00705,936.05,18.72,3.37,913.96,INR,2026-08-30
txn_00706,set_00706,pay_00706,16833.39,336.67,60.6,16436.12,INR,2026-08-05
txn_00707,set_00707,pay_00707,6193.88,123.88,22.3,6047.7,INR,2026-08-05
txn_00708,set_00708,pay_00708,10116.41,202.33,36.42,9877.66,INR,2026-08-13
txn_00709,set_00709,pay_00709,18884.2,377.68,67.98,18438.54,INR,2026-08-05
txn_00710,set_00710,pay_00710,3589.38,71.79,12.92,3504.67,INR,2026-08-16
txn_00711,set_00711,pay_00711,5930.62,118.61,21.35,5790.66,INR,2026-08-29
txn_00712,set_00712,pay_00712,8040.7,160.81,28.95,7850.94,INR,2026-08-30
txn_00713,set_00713,pay_00713,19336.2,386.72,69.61,18879.87,INR,2026-08-17
txn_00714,set_00714,pay_00714,5998.91,119.98,21.6,5857.33,INR,2026-08-09
txn_00715,set_00715,pay_00715,24643.82,492.88,88.72,24062.22,INR,2026-08-26
txn_00716,set_00716,pay_00716,5603.96,112.08,20.17,5471.71,INR,2026-08-16
txn_00717,set_00717,pay_00717,6951.33,139.03,25.03,6787.27,INR,2026-08-28
txn_00718,set_00718,pay_00718,22004.88,440.1,79.22,21485.56,INR,2026-08-10
txn_00719,set_00719,pay_00719,15687.23,313.74,56.47,15317.02,INR,2026-08-22
txn_00720,set_00720,pay_00720,13940.68,278.81,50.19,13611.68,INR,2026-08-05
txn_00721,set_00721,pay_00721,24310.03,486.2,87.52,23736.31,INR,2026-09-01
txn_00722,set_00722,pay_00722,19666.53,393.33,70.8,19202.4,INR,2026-08-17
txn_00723,set_00723,pay_00723,17438.08,348.76,62.78,17026.54,INR,2026-08-21
txn_00724,set_00724,pay_00724,3815.52,76.31,13.74,3725.47,INR,2026-08-20
txn_00725,set_00725,pay_00725,4678.59,93.57,16.84,4568.18,INR,2026-08-27
txn_00726,set_00726,pay_00726,11890.62,237.81,42.81,11610.0,INR,2026-08-13
txn_00727,set_00727,pay_00727,7588.34,151.77,27.32,7409.25,INR,2026-08-09
txn_00728,set_00728,pay_00728,20163.83,403.28,72.59,19687.96,INR,2026-08-05
txn_00729,set_00729,pay_00729,24197.88,483.96,87.11,23626.81,INR,2026-08-28
txn_00730,set_00730,pay_00730,13296.8,265.94,47.87,12982.99,INR,2026-08-20
txn_00731,set_00731,pay_00731,6147.18,122.94,22.13,6002.11,INR,2026-08-12
txn_00732,set_00732,pay_00732,8323.55,166.47,29.96,8127.12,INR,2026-08-06
txn_00733,set_00733,pay_00733,21193.62,423.87,76.3,20693.45,INR,2026-08-07
txn_00734,set_00734,pay_00734,13437.32,268.75,48.38,13120.19,INR,2026-08-11
txn_00735,set_00735,pay_00735,1383.26,27.67,4.98,1350.61,INR,2026-08-20
txn_00736,set_00736,pay_00736,16874.43,337.49,60.75,16476.19,INR,2026-08-30
txn_00737,set_00737,pay_00737,1084.73,21.69,3.9,1059.14,INR,2026-08-06
txn_00738,set_00738,pay_00738,4785.27,95.71,17.23,4672.33,INR,2026-08-29
txn_00739,set_00739,pay_00739,18135.2,362.7,65.29,17707.21,INR,2026-08-28
txn_00740,set_00740,pay_00740,5503.71,110.07,19.81,5373.83,INR,2026-08-12
txn_00741,set_00741,pay_00741,21749.9,435.0,78.3,21236.6,INR,2026-08-18
txn_00742,set_00742,pay_00742,7649.38,152.99,27.54,7468.85,INR,2026-08-03
txn_00743,set_00743,pay_00743,5374.01,107.48,19.35,5247.18,INR,2026-08-11
txn_00744,set_00744,pay_00744,24055.73,481.11,86.6,23488.02,INR,2026-08-08
txn_00745,set_00745,pay_00745,18697.29,373.95,67.31,18256.03,INR,2026-08-24
txn_00746,set_00746,pay_00746,22969.59,459.39,82.69,22427.51,INR,2026-08-30
txn_00747,set_00747,pay_00747,17623.84,352.48,63.45,17207.91,INR,2026-08-21
txn_00748,set_00748,pay_00748,13846.77,276.94,49.85,13519.98,INR,2026-08-15
txn_00749,set_00749,pay_00749,9578.48,191.57,34.48,9352.43,INR,2026-08-27
txn_00750,set_00750,pay_00750,16253.16,325.06,58.51,15869.59,INR,2026-08-17
txn_00751,set_00751,pay_00751,12869.13,257.38,46.33,12565.42,INR,2026-08-25
txn_00752,set_00752,pay_00752,11703.5,234.07,42.13,11427.3,INR,2026-08-24
txn_00753,set_00753,pay_00753,8073.81,161.48,29.07,7883.26,INR,2026-08-12
txn_00754,set_00754,pay_00754,9330.55,186.61,33.59,9110.35,INR,2026-08-21
txn_00755,set_00755,pay_00755,1238.31,24.77,4.46,1209.08,INR,2026-08-13
txn_00756,set_00756,pay_00756,18557.18,371.14,66.81,18119.23,INR,2026-08-03
txn_00757,set_00757,pay_00757,6593.28,131.87,23.74,6437.67,INR,2026-08-29
txn_00758,set_00758,pay_00758,14520.66,290.41,52.27,14177.98,INR,2026-08-22
txn_00759,set_00759,pay_00759,7450.29,149.01,26.82,7274.46,INR,2026-08-11
txn_00760,set_00760,pay_00760,8313.65,166.27,29.93,8117.45,INR,2026-08-20
txn_00761,set_00761,pay_00761,14287.76,285.76,51.44,13950.56,INR,2026-08-14
txn_00762,set_00762,pay_00762,12532.61,250.65,45.12,12236.84,INR,2026-09-01
txn_00763,set_00763,pay_00763,23592.27,471.85,84.93,23035.49,INR,2026-08-18
txn_00764,set_00764,pay_00764,20557.64,411.15,74.01,20072.48,INR,2026-09-01
txn_00765,set_00765,pay_00765,18515.89,370.32,66.66,18078.91,INR,2026-08-23
txn_00766,set_00766,pay_00766,4289.02,85.78,15.44,4187.8,INR,2026-08-19
txn_00767,set_00767,pay_00767,4314.72,86.29,15.53,4212.9,INR,2026-08-27
txn_00768,set_00768,pay_00768,12259.08,245.18,44.13,11969.77,INR,2026-08-27
txn_00769,set_00769,pay_00769,24759.06,495.18,89.13,24174.75,INR,2026-08-05
txn_00770,set_00770,pay_00770,20992.81,419.86,75.57,20497.38,INR,2026-08-06
txn_00771,set_00771,pay_00771,23635.18,472.7,85.09,23077.39,INR,2026-08-05
txn_00772,set_00772,pay_00772,19132.04,382.64,68.88,18680.52,INR,2026-08-21
txn_00773,set_00773,pay_00773,3523.54,70.47,12.68,3440.39,INR,2026-08-31
txn_00774,set_00774,pay_00774,5862.69,117.25,21.11,5724.33,INR,2026-08-09
txn_00775,set_00775,pay_00775,327.62,6.55,1.18,319.89,INR,2026-08-26
txn_00776,set_00776,pay_00776,11454.64,229.09,41.24,11184.31,INR,2026-08-05
txn_00777,set_00777,pay_00777,15484.1,309.68,55.74,15118.68,INR,2026-08-31
txn_00778,set_00778,pay_00778,22827.51,456.55,82.18,22288.78,INR,2026-08-25
txn_00779,set_00779,pay_00779,491.72,9.83,1.77,480.12,INR,2026-08-27
txn_00780,set_00780,pay_00780,13835.92,276.72,49.81,13509.39,INR,2026-08-03
txn_00781,set_00781,pay_00781,516.48,10.33,1.86,504.29,INR,2026-08-15
txn_00782,set_00782,pay_00782,13439.88,268.8,48.38,13122.7,INR,2026-08-16
txn_00783,set_00783,pay_00783,526.85,10.54,1.9,514.41,INR,2026-08-22
txn_00784,set_00784,pay_00784,20173.58,403.47,72.62,19697.49,INR,2026-08-11
txn_00785,set_00785,pay_00785,2764.71,55.29,9.95,2699.47,INR,2026-08-07
txn_00786,set_00786,pay_00786,13157.2,263.14,47.37,12846.69,INR,2026-08-13
txn_00787,set_00787,pay_00787,4879.11,97.58,17.56,4763.97,INR,2026-08-26
txn_00788,set_00788,pay_00788,6385.21,127.7,22.99,6234.52,INR,2026-08-19
txn_00789,set_00789,pay_00789,6756.39,135.13,24.32,6596.94,INR,2026-08-21
txn_00790,set_00790,pay_00790,2167.58,43.35,7.8,2116.43,INR,2026-08-21
txn_00791,set_00791,pay_00791,11529.04,230.58,41.5,11256.96,INR,2026-08-14
txn_00792,set_00792,pay_00792,24756.8,495.14,89.13,24172.53,INR,2026-08-13
txn_00793,set_00793,pay_00793,8069.37,161.39,29.05,7878.93,INR,2026-08-06
txn_00794,set_00794,pay_00794,16378.02,327.56,58.96,15991.5,INR,2026-09-01
txn_00795,set_00795,pay_00795,19013.69,380.27,68.45,18564.97,INR,2026-08-07
txn_00796,set_00796,pay_00796,10191.43,203.83,36.69,9950.91,INR,2026-08-20
txn_00797,set_00797,pay_00797,13862.27,277.25,49.91,13535.11,INR,2026-08-05
txn_00798,set_00798,pay_00798,15955.03,319.1,57.44,15578.49,INR,2026-08-10
txn_00799,set_00799,pay_00799,2158.88,43.18,7.77,2107.93,INR,2026-08-22
txn_00800,set_00800,pay_00800,16158.19,323.16,58.17,15776.86,INR,2026-08-18
txn_00801,set_00801,pay_00801,14189.83,283.8,51.08,13854.95,INR,2026-08-07
txn_00802,set_00802,pay_00802,22380.3,447.61,80.57,21852.12,INR,2026-08-04
txn_00803,set_00803,pay_00803,22541.7,450.83,81.15,22009.72,INR,2026-08-28
txn_00804,set_00804,pay_00804,1259.39,25.19,4.53,1229.67,INR,2026-08-06
txn_00805,set_00805,pay_00805,17142.28,342.85,61.71,16737.72,INR,2026-08-15
txn_00806,set_00806,pay_00806,22492.86,449.86,80.97,21962.03,INR,2026-08-28
txn_00807,set_00807,pay_00807,16486.92,329.74,59.35,16097.83,INR,2026-08-11
txn_00808,set_00808,pay_00808,23226.28,464.53,83.62,22678.13,INR,2026-08-17
txn_00809,set_00809,pay_00809,989.89,19.8,3.56,966.53,INR,2026-08-12
txn_00810,set_00810,pay_00810,14717.2,294.34,52.98,14369.88,INR,2026-08-21
txn_00811,set_00811,pay_00811,23228.99,464.58,83.62,22680.79,INR,2026-08-16
txn_00812,set_00812,pay_00812,6087.76,121.76,21.92,5944.08,INR,2026-08-20
txn_00813,set_00813,pay_00813,16958.17,339.16,61.05,16557.96,INR,2026-08-27
txn_00814,set_00814,pay_00814,8360.07,167.2,30.1,8162.77,INR,2026-08-09
txn_00815,set_00815,pay_00815,19783.4,395.67,71.22,19316.51,INR,2026-08-06
txn_00816,set_00816,pay_00816,12569.74,251.39,45.25,12273.1,INR,2026-08-18
txn_00817,set_00817,pay_00817,10983.5,219.67,39.54,10724.29,INR,2026-08-06
txn_00818,set_00818,pay_00818,8580.76,171.62,30.89,8378.25,INR,2026-08-30
txn_00819,set_00819,pay_00819,9977.91,199.56,35.92,9742.43,INR,2026-08-17
txn_00820,set_00820,pay_00820,837.68,16.75,3.01,817.92,INR,2026-08-15
txn_00821,set_00821,pay_00821,19610.35,392.21,70.6,19147.54,INR,2026-08-23
txn_00822,set_00822,pay_00822,12316.03,246.32,44.34,12025.37,INR,2026-08-19
txn_00823,set_00823,pay_00823,13870.64,277.41,49.93,13543.3,INR,2026-08-20
txn_00824,set_00824,pay_00824,10853.01,217.06,39.07,10596.88,INR,2026-08-29
txn_00825,set_00825,pay_00825,16550.73,331.01,59.58,16160.14,INR,2026-08-06
txn_00826,set_00826,pay_00826,19326.97,386.54,69.58,18870.85,INR,2026-08-16
txn_00827,set_00827,pay_00827,19971.57,399.43,71.9,19500.24,INR,2026-08-06
txn_00828,set_00828,pay_00828,2142.75,42.86,7.71,2092.18,INR,2026-08-10
txn_00829,set_00829,pay_00829,9562.0,191.24,34.42,9336.34,INR,2026-08-31
txn_00830,set_00830,pay_00830,3941.49,78.83,14.19,3848.47,INR,2026-08-20
txn_00831,set_00831,pay_00831,7985.29,159.71,28.75,7796.83,INR,2026-08-07
txn_00832,set_00832,pay_00832,23579.71,471.59,84.89,23023.23,INR,2026-08-23
txn_00833,set_00833,pay_00833,9061.95,181.24,32.62,8848.09,INR,2026-08-15
txn_00834,set_00834,pay_00834,2645.56,52.91,9.52,2583.13,INR,2026-08-06
txn_00835,set_00835,pay_00835,4766.06,95.32,17.16,4653.58,INR,2026-08-23
txn_00836,set_00836,pay_00836,13968.93,279.38,50.29,13639.26,INR,2026-08-26
txn_00837,set_00837,pay_00837,10260.3,205.21,36.94,10018.15,INR,2026-08-04
txn_00838,set_00838,pay_00838,2331.51,46.63,8.39,2276.49,INR,2026-08-28
txn_00839,set_00839,pay_00839,2417.3,48.35,8.7,2360.25,INR,2026-08-30
txn_00840,set_00840,pay_00840,19632.52,392.65,70.68,19169.19,INR,2026-08-20
txn_00841,set_00841,pay_00841,407.28,8.15,1.47,397.66,INR,2026-08-21
txn_00842,set_00842,pay_00842,9756.21,195.12,35.12,9525.97,INR,2026-08-06
txn_00843,set_00843,pay_00843,18148.61,362.97,65.33,17720.31,INR,2026-08-28
txn_00844,set_00844,pay_00844,22639.67,452.79,81.5,22105.38,INR,2026-08-14
txn_00845,set_00845,pay_00845,14341.81,286.84,51.63,14003.34,INR,2026-08-10
txn_00846,set_00846,pay_00846,17164.37,343.29,61.79,16759.29,INR,2026-08-10
txn_00847,set_00847,pay_00847,3557.12,71.14,12.81,3473.17,INR,2026-08-16
txn_00848,set_00848,pay_00848,6783.33,135.67,24.42,6623.24,INR,2026-08-09
txn_00849,set_00849,pay_00849,1675.35,33.51,6.03,1635.81,INR,2026-08-22
txn_00850,set_00850,pay_00850,6971.45,139.43,25.1,6806.92,INR,2026-08-16
txn_00851,set_00851,pay_00851,12157.36,243.15,43.77,11870.44,INR,2026-08-06
txn_00852,set_00852,pay_00852,9192.01,183.84,33.09,8975.08,INR,2026-08-14
txn_00853,set_00853,pay_00853,18050.4,361.01,64.98,17624.41,INR,2026-08-25
txn_00854,set_00854,pay_00854,14885.78,297.72,53.59,14534.47,INR,2026-08-11
txn_00855,set_00855,pay_00855,11500.75,230.02,41.4,11229.33,INR,2026-08-09
txn_00856,set_00856,pay_00856,7685.98,153.72,27.67,7504.59,INR,2026-08-21
txn_00857,set_00857,pay_00857,8372.21,167.44,30.14,8174.63,INR,2026-08-31
txn_00858,set_00858,pay_00858,9559.26,191.19,34.41,9333.66,INR,2026-08-17
txn_00859,set_00859,pay_00859,11061.55,221.23,39.82,10800.5,INR,2026-08-22
txn_00860,set_00860,pay_00860,21501.76,430.04,77.41,20994.31,INR,2026-08-30
txn_00861,set_00861,pay_00861,3489.5,69.79,12.56,3407.15,INR,2026-08-17
txn_00862,set_00862,pay_00862,15119.96,302.4,54.43,14763.13,INR,2026-08-12
txn_00863,set_00863,pay_00863,4523.17,90.46,16.28,4416.43,INR,2026-08-21
txn_00864,set_00864,pay_00864,24221.26,484.43,87.2,23649.63,INR,2026-08-16
txn_00865,set_00865,pay_00865,18398.37,367.97,66.23,17964.17,INR,2026-08-31
txn_00866,set_00866,pay_00866,14439.39,288.79,51.98,14098.62,INR,2026-08-14
txn_00867,set_00867,pay_00867,8214.57,164.29,29.57,8020.71,INR,2026-08-15
txn_00868,set_00868,pay_00868,20430.71,408.61,73.55,19948.55,INR,2026-08-20
txn_00869,set_00869,pay_00869,9188.89,183.78,33.08,8972.03,INR,2026-08-28
txn_00870,set_00870,pay_00870,5075.02,101.5,18.27,4955.25,INR,2026-08-27
txn_00871,set_00871,pay_00871,4580.19,91.6,16.49,4472.1,INR,2026-08-28
txn_00872,set_00872,pay_00872,770.21,15.4,2.77,752.04,INR,2026-08-24
txn_00873,set_00873,pay_00873,23680.08,473.6,85.25,23121.23,INR,2026-08-12
txn_00874,set_00874,pay_00874,11017.53,220.35,39.66,10757.52,INR,2026-08-16
txn_00875,set_00875,pay_00875,20798.92,415.98,74.88,20308.06,INR,2026-08-06
txn_00876,set_00876,pay_00876,20492.24,409.84,73.77,20008.63,INR,2026-08-21
txn_00877,set_00877,pay_00877,16857.14,337.14,60.69,16459.31,INR,2026-08-09
txn_00878,set_00878,pay_00878,15870.07,317.4,57.13,15495.54,INR,2026-08-14
txn_00879,set_00879,pay_00879,6391.77,127.84,23.01,6240.92,INR,2026-08-10
txn_00880,set_00880,pay_00880,17909.39,358.19,64.47,17486.73,INR,2026-08-20
txn_00881,set_00881,pay_00881,1941.73,38.83,6.99,1895.91,INR,2026-08-30
txn_00882,set_00882,pay_00882,10080.05,201.6,36.29,9842.16,INR,2026-08-26
txn_00883,set_00883,pay_00883,23095.04,461.9,83.14,22550.0,INR,2026-08-22
txn_00884,set_00884,pay_00884,13636.77,272.74,49.09,13314.94,INR,2026-08-19
txn_00885,set_00885,pay_00885,20326.19,406.52,73.17,19846.5,INR,2026-08-30
txn_00886,set_00886,pay_00886,2216.05,44.32,7.98,2163.75,INR,2026-08-14
txn_00887,set_00887,pay_00887,16474.28,329.49,59.31,16085.48,INR,2026-08-19
txn_00888,set_00888,pay_00888,4241.83,84.84,15.27,4141.72,INR,2026-08-30
txn_00889,set_00889,pay_00889,1202.99,24.06,4.33,1174.6,INR,2026-09-01
txn_00890,set_00890,pay_00890,16969.05,339.38,61.09,16568.58,INR,2026-08-21
txn_00891,set_00891,pay_00891,24173.6,483.47,87.02,23603.11,INR,2026-08-18
txn_00892,set_00892,pay_00892,10818.34,216.37,38.95,10563.02,INR,2026-08-03
txn_00893,set_00893,pay_00893,2555.3,51.11,9.2,2494.99,INR,2026-08-13
txn_00894,set_00894,pay_00894,12815.84,256.32,46.14,12513.38,INR,2026-08-26
txn_00895,set_00895,pay_00895,13994.04,279.88,50.38,13663.78,INR,2026-08-29
txn_00896,set_00896,pay_00896,5603.69,112.07,20.17,5471.45,INR,2026-08-20
txn_00897,set_00897,pay_00897,9839.24,196.78,35.42,9607.04,INR,2026-08-29
txn_00898,set_00898,pay_00898,3853.55,77.07,13.87,3762.61,INR,2026-08-04
txn_00899,set_00899,pay_00899,7556.26,151.13,27.2,7377.93,INR,2026-08-06
txn_00900,set_00900,pay_00900,2990.13,59.8,10.76,2919.57,INR,2026-08-09
txn_00901,set_00901,pay_00901,8773.38,175.47,31.58,8566.33,INR,2026-08-18
txn_00902,set_00902,pay_00902,5251.0,105.02,18.9,5127.08,INR,2026-08-24
txn_00903,set_00903,pay_00903,8772.68,175.45,31.58,8565.65,INR,2026-08-07
txn_00904,set_00904,pay_00904,11010.33,220.21,39.64,10750.48,INR,2026-08-23
txn_00905,set_00905,pay_00905,8040.85,160.82,28.95,7851.08,INR,2026-08-16
txn_00906,set_00906,pay_00906,1212.61,24.25,4.37,1183.99,INR,2026-08-08
txn_00907,set_00907,pay_00907,662.37,13.25,2.38,646.74,INR,2026-08-18
txn_00908,set_00908,pay_00908,16234.45,324.69,58.44,15851.32,INR,2026-08-10
txn_00909,set_00909,pay_00909,18538.19,370.76,66.74,18100.69,INR,2026-08-26
txn_00910,set_00910,pay_00910,4443.89,88.88,16.0,4339.01,INR,2026-08-10
txn_00911,set_00911,pay_00911,8341.64,166.83,30.03,8144.78,INR,2026-08-22
txn_00912,set_00912,pay_00912,23965.72,479.31,86.28,23400.13,INR,2026-08-13
txn_00913,set_00913,pay_00913,19964.12,399.28,71.87,19492.97,INR,2026-08-31
txn_00914,set_00914,pay_00914,4792.85,95.86,17.25,4679.74,INR,2026-09-01
txn_00915,set_00915,pay_00915,16466.97,329.34,59.28,16078.35,INR,2026-08-21
txn_00916,set_00916,pay_00916,826.89,16.54,2.98,807.37,INR,2026-08-30
txn_00917,set_00917,pay_00917,22089.12,441.78,79.52,21567.82,INR,2026-08-23
txn_00918,set_00918,pay_00918,14845.86,296.92,53.45,14495.49,INR,2026-08-20
txn_00919,set_00919,pay_00919,210.81,4.22,0.76,205.83,INR,2026-08-12
txn_00920,set_00920,pay_00920,5224.03,104.48,18.81,5100.74,INR,2026-08-05
txn_00921,set_00921,pay_00921,20007.61,400.15,72.03,19535.43,INR,2026-08-27
txn_00922,set_00922,pay_00922,4755.3,95.11,17.12,4643.07,INR,2026-08-17
txn_00923,set_00923,pay_00923,5007.15,100.14,18.03,4888.98,INR,2026-08-08
txn_00924,set_00924,pay_00924,21579.65,431.59,77.69,21070.37,INR,2026-08-27
txn_00925,set_00925,pay_00925,24151.32,483.03,86.95,23581.34,INR,2026-08-17
txn_00926,set_00926,pay_00926,14964.57,299.29,53.87,14611.41,INR,2026-08-30
txn_00927,set_00927,pay_00927,9874.35,197.49,35.55,9641.31,INR,2026-08-08
txn_00928,set_00928,pay_00928,8763.32,175.27,31.55,8556.5,INR,2026-08-23
txn_00929,set_00929,pay_00929,15472.33,309.45,55.7,15107.18,INR,2026-08-16
txn_00930,set_00930,pay_00930,22975.2,459.5,82.71,22432.99,INR,2026-08-29
txn_00931,set_00931,pay_00931,2210.32,44.21,7.96,2158.15,INR,2026-08-09
txn_00932,set_00932,pay_00932,7898.33,157.97,28.43,7711.93,INR,2026-08-13
txn_00933,set_00933,pay_00933,7703.96,154.08,27.73,7522.15,INR,2026-08-11
txn_00934,set_00934,pay_00934,9395.32,187.91,33.82,9173.59,INR,2026-08-09
txn_00935,set_00935,pay_00935,12819.54,256.39,46.15,12517.0,INR,2026-08-22
txn_00936,set_00936,pay_00936,14951.0,299.02,53.82,14598.16,INR,2026-08-29
txn_00937,set_00937,pay_00937,9654.38,193.09,34.76,9426.53,INR,2026-08-11
txn_00938,set_00938,pay_00938,12218.09,244.36,43.98,11929.75,INR,2026-08-27
txn_00939,set_00939,pay_00939,17366.48,347.33,62.52,16956.63,INR,2026-09-01
txn_00940,set_00940,pay_00940,4413.55,88.27,15.89,4309.39,INR,2026-08-10
txn_00941,set_00941,pay_00941,12292.09,245.84,44.25,12002.0,INR,2026-08-09
txn_00942,set_00942,pay_00942,4758.75,95.17,17.13,4646.45,INR,2026-08-23
txn_00943,set_00943,pay_00943,15523.31,310.47,55.88,15156.96,INR,2026-08-19
txn_00944,set_00944,pay_00944,23800.86,476.02,85.68,23239.16,INR,2026-08-25
txn_00945,set_00945,pay_00945,3499.71,69.99,12.6,3417.12,INR,2026-08-20
txn_00946,set_00946,pay_00946,24099.34,481.99,86.76,23530.59,INR,2026-08-26
txn_00947,set_00947,pay_00947,16361.44,327.23,58.9,15975.31,INR,2026-08-21
txn_00948,set_00948,pay_00948,17148.95,342.98,61.74,16744.23,INR,2026-08-21
txn_00949,set_00949,pay_00949,17782.55,355.65,64.02,17362.88,INR,2026-08-23
txn_00950,set_00950,pay_00950,12268.62,245.37,44.17,11979.08,INR,2026-08-06
txn_00951,set_00951,pay_00951,14178.41,283.57,51.04,13843.8,INR,2026-08-13
txn_00952,set_00952,pay_00952,7373.04,147.46,26.54,7199.04,INR,2026-08-15
txn_00953,set_00953,pay_00953,5698.6,113.97,20.51,5564.12,INR,2026-08-16
txn_00954,set_00954,pay_00954,4288.4,85.77,15.44,4187.19,INR,2026-08-23
txn_00955,set_00955,pay_00955,14184.7,283.69,51.06,13849.95,INR,2026-08-25
txn_00956,set_00956,pay_00956,13788.18,275.76,49.64,13462.78,INR,2026-08-08
txn_00957,set_00957,pay_00957,14460.58,289.21,52.06,14119.31,INR,2026-08-15
txn_00958,set_00958,pay_00958,19400.31,388.01,69.84,18942.46,INR,2026-08-19
txn_00959,set_00959,pay_00959,18943.98,378.88,68.2,18496.9,INR,2026-08-23
txn_00960,set_00960,pay_00960,13704.2,274.08,49.33,13380.79,INR,2026-08-22
txn_00961,set_00961,pay_00961,2650.17,53.0,9.54,2587.63,INR,2026-09-01
txn_00962,set_00962,pay_00962,18808.5,376.17,67.71,18364.62,INR,2026-08-16
txn_00963,set_00963,pay_00963,21882.77,437.66,78.78,21366.33,INR,2026-08-04
txn_00964,set_00964,pay_00964,11298.34,225.97,40.67,11031.7,INR,2026-08-18
txn_00965,set_00965,pay_00965,21568.77,431.38,77.65,21059.74,INR,2026-08-06
txn_00966,set_00966,pay_00966,11032.84,220.66,39.72,10772.46,INR,2026-08-08
txn_00967,set_00967,pay_00967,19413.23,388.26,69.89,18955.08,INR,2026-08-13
txn_00968,set_00968,pay_00968,5325.97,106.52,19.17,5200.28,INR,2026-08-29
txn_00969,set_00969,pay_00969,17259.43,345.19,62.13,16852.11,INR,2026-08-30
txn_00970,set_00970,pay_00970,15955.99,319.12,57.44,15579.43,INR,2026-08-10
txn_00971,set_00971,pay_00971,15442.16,308.84,55.59,15077.73,INR,2026-08-12
txn_00972,set_00972,pay_00972,20155.47,403.11,72.56,19679.8,INR,2026-08-28
txn_00973,set_00973,pay_00973,7099.02,141.98,25.56,6931.48,INR,2026-08-27
txn_00974,set_00974,pay_00974,24477.1,489.54,88.12,23899.44,INR,2026-08-16
txn_00975,set_00975,pay_00975,7304.4,146.09,26.3,7132.01,INR,2026-08-15
txn_00976,set_00976,pay_00976,23814.69,476.29,85.73,23252.67,INR,2026-08-26
txn_00977,set_00977,pay_00977,24638.66,492.77,88.7,24057.19,INR,2026-08-07
txn_00978,set_00978,pay_00978,3476.16,69.52,12.51,3394.13,INR,2026-08-21
txn_00979,set_00979,pay_00979,22977.34,459.55,82.72,22435.07,INR,2026-08-15
txn_00980,set_00980,pay_00980,21689.49,433.79,78.08,21177.62,INR,2026-08-08
txn_00981,set_00981,pay_00981,17565.52,351.31,63.24,17150.97,INR,2026-08-09
txn_00982,set_00982,pay_00982,6316.96,126.34,22.74,6167.88,INR,2026-08-17
txn_00983,set_00983,pay_00983,20729.2,414.58,74.62,20240.0,INR,2026-08-20
txn_00984,set_00984,pay_00984,12287.52,245.75,44.23,11997.54,INR,2026-08-29
txn_00985,set_00985,pay_00985,15846.81,316.94,57.05,15472.82,INR,2026-08-31
txn_00986,set_00986,pay_00986,10414.2,208.28,37.49,10168.43,INR,2026-08-23
txn_00987,set_00987,pay_00987,1980.36,39.61,7.13,1933.62,INR,2026-08-07
txn_00988,set_00988,pay_00988,10130.98,202.62,36.47,9891.89,INR,2026-08-15
txn_00989,set_00989,pay_00989,17398.12,347.96,62.63,16987.53,INR,2026-08-19
txn_00990,set_00990,pay_00990,11421.92,228.44,41.12,11152.36,INR,2026-08-25
txn_00991,set_00991,pay_00991,161.58,3.23,0.58,157.77,INR,2026-08-07
txn_00992,set_00992,pay_00992,18300.21,366.0,65.88,17868.33,INR,2026-08-23
txn_00993,set_00993,pay_00993,15907.53,318.15,57.27,15532.11,INR,2026-08-19
txn_00994,set_00994,pay_00994,21267.65,425.35,76.56,20765.74,INR,2026-08-27
txn_00995,set_00995,pay_00995,10003.13,200.06,36.01,9767.06,INR,2026-08-22
txn_00996,set_00996,pay_00996,20638.71,412.77,74.3,20151.64,INR,2026-08-25
txn_00997,set_00997,pay_00997,6786.57,135.73,24.43,6626.41,INR,2026-08-15
txn_00998,set_00998,pay_00998,8510.1,170.2,30.64,8309.26,INR,2026-08-29
txn_00999,set_00999,pay_00999,3351.8,67.04,12.07,3272.69,INR,2026-08-25
txn_01000,set_01000,pay_01000,19728.76,394.58,71.02,19263.16,INR,2026-08-05
